corpus,type,grade,key,page,section,text,content_words
2008,activity,5-6,2008_activity,1,sousetsu,"第１章 総 説
１ 改訂の経緯
21世紀は，新しい知識・情報・技術が政治・経済・文化をはじめ社会のあらゆる領
域での活動の基盤として飛躍的に重要性を増す，いわゆる「知識基盤社会」の時代で
あると言われている。このような知識基盤社会化やグローバル化は，アイディアなど
知識そのものや人材をめぐる国際競争を加速させる一方で，異なる文化や文明との共
存や国際協力の必要性を増大させている。このような状況において，確かな学力，豊
かな心，健やかな体の調和を重視する「生きる力」をはぐくむことがますます重要に
なっている。
他方，ＯＥＣＤ（経済協力開発機構）のＰＩＳＡ調査など各種の調査からは，我が
国の児童生徒については，例えば，
① 思考力・判断力・表現力等を問う読解力や記述式問題，知識・技能を活用する
問題に課題，
② 読解力で成績分布の分散が拡大しており，その背景には家庭での学習時間など
の学習意欲，学習習慣・生活習慣に課題，
③ 自分への自信の欠如や自らの将来への不安，体力の低下といった課題，
が見られるところである。
このため，平成17年２月には，文部科学大臣から，21世紀を生きる子どもたちの教
育の充実を図るため，教員の資質・能力の向上や教育条件の整備などと併せて，国の
教育課程の基準全体の見直しについて検討するよう，中央教育審議会に対して要請し，
同年４月から審議が開始された。この間，教育基本法改正，学校教育法改正が行われ，
知・徳・体のバランス（教育基本法第２条第１号）とともに，基礎的・基本的な知識
・技能，思考力・判断力・表現力等及び学習意欲を重視し（学校教育法第30条第２
項），学校教育においてはこれらを調和的にはぐくむことが必要である旨が法律上規
定されたところである。中央教育審議会においては，このような教育の根本にさかの
ぼった法改正を踏まえた審議が行われ，２年10か月にわたる審議の末，平成20年１月
- 1 -","['1', '章', '説', '1', '改訂', '経緯', '21', '世紀', '知識', '情報', '技術', '政治', '経済', '文化', 'はじめ', '社会', '領', '域', '活動', '基盤', 'する', '飛躍的', '重要性', '増す', '知識', '基盤', '社会', '時代', 'ある', '言う', 'いる', '知識', '基盤', '社会化', 'グローバル化', 'アイディア', '知識', 'もの', '人材', 'めぐる', '国際', '競争', '加速', 'する', '一方', '異なる', '文化', '文明', '共', '存', '国際', '協力', '必要性', '増大', 'する', 'いる', '状況', 'おく', '学力', '豊', 'かな', '心', '体', '調和', '重視', 'する', '生きる', '力', 'はぐくむ', 'こと', 'なる', 'いる', '他方', 'OECD', '経済協力開発機構', 'PISA', '調査', '各種', '調査', '国', '児童', '生徒', 'つく', '1', '思考力', '判断力', '表現力', '問う', '読解力', '記述', '式', '問題', '知識', '技能', '活用', 'する', '問題', '課題', '2', '読解力', '成績', '分布', '分散', '拡大', 'する', 'おる', '背景', '家庭', '学習', '時間', '学習', '意欲', '学習', '習慣', '生活習慣', '課題', '3', '自分', '自信', '欠如', '自ら', '将来', '不安', '体力', '低下', 'いう', '課題', '見る', 'ところ', 'ある', 'ため', '平成', '17', '年', '2', '月', '文部科学大臣', '21', '世紀', '生きる', '子どもたち', '教', '充実', '図る', 'ため', '教員', '資質', '能力', '向上', '教育', '条件', '整備', '併せる', '国', '教育課程', '基準', '全体', '見直し', 'つく', '検討', 'する', '中央教育審議会', '対する', '要請', 'する', '同年', '4', '月', '審議', '開始', 'する', '間', '教育基本法', '改正', '学校教育', '法改正', '行う', '知', '徳', '体', 'バランス', '教育基本法', '2', '条', '1', '号', 'とも', '基礎的', '基本的', '知識', '技能', '思考力', '判断力', '表現力', '学習', '意欲', '重視', 'する', '学校教育法', '30', '条', '2', '項', '学校教育', 'おく', '調和', 'はぐくむ', 'こと', '必要', 'ある', '旨', '法律上', '定', 'する', 'ところ', 'ある', '中央教育審議会', 'おく', '教育', '根本', 'ぼる', '法改正', '踏まえる', '審議', '行う', '2', '年', '10', 'か月', 'わたる', '審議', '末', '平成', '20', '年', '1', '月', '1']"
2008,activity,5-6,2008_activity,2,sousetsu,"に「幼稚園，小学校，中学校，高等学校及び特別支援学校の学習指導要領等の改善に
ついて」答申を行った。
この答申においては，上記のような児童生徒の課題を踏まえ，
① 改正教育基本法等を踏まえた学習指導要領改訂
② 「生きる力」という理念の共有
③ 基礎的・基本的な知識・技能の習得
④ 思考力・判断力・表現力等の育成
⑤ 確かな学力を確立するために必要な授業時数の確保
⑥ 学習意欲の向上や学習習慣の確立
⑦ 豊かな心や健やかな体の育成のための指導の充実
を基本的な考え方として，各学校段階や各教科等にわたる学習指導要領の改善の方向
性が示された。
ひら
具体的には，①については，教育基本法が約60年振りに改正され，21世紀を切り拓
く心豊かでたくましい日本人の育成を目指すという観点から，これからの教育の新し
い理念が定められたことや学校教育法において教育基本法改正を受けて，新たに義務
教育の目標が規定されるとともに，各学校段階の目的・目標規定が改正されたことを
十分に踏まえた学習指導要領改訂であることを求めた。③については，読み・書き・
計算などの基礎的・基本的な知識・技能は，例えば，小学校低・中学年では体験的な
理解や繰り返し学習を重視するなど，発達の段階に応じて徹底して習得させ，学習の
基盤を構築していくことが大切との提言がなされた。この基盤の上に，④の思考力・
判断力・表現力等をはぐくむために，観察・実験，レポートの作成，論述など知識・
技能の活用を図る学習活動を発達の段階に応じて充実させるとともに，これらの学習
活動の基盤となる言語に関する能力の育成のために，小学校低・中学年の国語科にお
いて，音読・暗唱，漢字の読み書きなど基本的な力を定着させた上で，各教科等にお
いて，記録，要約，説明，論述といった学習活動に取り組む必要があると指摘した。
また，⑦の豊かな心や健やかな体の育成のための指導の充実については，徳育や体育
の充実のほか，国語をはじめとする言語に関する能力の重視や体験活動の充実により，
他者，社会，自然・環境とかかわる中で，これらとともに生きる自分への自信を持た
- 2 -","['幼稚園', '小学校', '中学校', '高等学校', '特別支援学校', '学習指導', '要領', '改善', 'つく', '答申', '行う', '答申', 'おく', '上記', '児童', '生徒', '課題', '踏まえる', '1', '改正', '教育基本法', '踏まえる', '学習指導', '要領', '改訂', '2', '生きる', '力', 'いう', '理念', '共有', '3', '基礎的', '基本的', '知識', '技能', '習得', '4', '思考力', '判断力', '表現力', '育成', '5', '学力', '確立', 'する', 'ため', '必要', '授業', '時数', '確保', '6', '学習', '意欲', '向上', '学習', '習慣', '確立', '7', '心', '体', '育成', 'ため', '指導', '充実', '基本的', '考え方', 'する', '学校', '段階', '教科', 'わたる', '学習指導', '要領', '改善', '方向', '性', '示す', '具体的', '1', 'つく', '教育基本法', '60', '年', '振り', '改正', 'する', '21', '世紀', '切る', '拓', 'くる', '心', '日本人', '育成', '目指す', 'いう', '観点', '教育', '理念', '定める', 'こと', '学校教育法', 'おく', '教育基本法', '改正', '受ける', '義務', '教育', '目標', '規定', 'する', 'とも', '学校', '段階', '目的', '目標', '規定', '改正', 'する', 'こと', '踏まえる', '学習指導', '要領', '改訂', 'ある', 'こと', '求める', '3', 'つく', '読み', '書く', '計算', '基礎的', '基本的', '知識', '技能', '小学校', '中学年', '体験', '理解', '繰り返す', '学習', '重視', 'する', '発達', '段階', '応ずる', '徹底', 'する', '習得', 'する', '学習', '基盤', '構築', 'する', 'いく', 'こと', '提言', 'なす', '基盤', '上', '4', '思考力', '判断力', '表現力', 'はぐくむ', 'ため', '観察', '実験', 'レポート', '作成', '論述', '知識', '技能', '活用', '図る', '学習', '活動', '発達', '段階', '応ずる', '充実', 'する', 'とも', '学習', '活動', '基盤', 'なる', '言語', '関する', '能力', '育成', 'ため', '小学校', '中学年', '国語科', 'いる', '音読', '暗唱', '漢字', '読み書き', '基本的', '力', '定着', 'する', '上', '教科', 'いる', '記録', '要約', '説明', '論述', 'いう', '学習', '活動', '取り組む', '必要', 'ある', '指摘', 'する', '7', '心', '体', '育成', 'ため', '指導', '充実', 'つく', '徳育', '体育', '充実', 'ほか', '国語', 'はじめ', 'する', '言語', '関する', '能力', '重視', '体験', '活動', '充実', 'よる', '他者', '社会', '自然', '環境', 'かかわる', '中', 'とも', '生きる', '自分', '自信', '持つ', '2']"
2008,activity,5-6,2008_activity,3,sousetsu,"せる必要があるとの提言がなされた。
この答申を踏まえ，平成20年３月28日に学校教育法施行規則を改正するとともに，
幼稚園教育要領，小学校学習指導要領及び中学校学習指導要領を公示した。小学校学
習指導要領は，平成21年４月１日から移行措置として算数，理科等を中心に内容を前
倒しして実施するとともに，平成23年４月１日から全面実施することとしている。
２ 小学校外国語活動新設の経緯
今回の学習指導要領改訂により，小学校第５学年及び第６学年に外国語活動が新設
された。ここに至るまでに，小学校における外国語教育はさまざまな審議会等で検討
されてきた。既に昭和60年代からの課題であり，およそ，20年間の経緯を経て，今回
の外国語活動新設となった。その経緯は次の通りである。
(1) 英語教育の開始時期の見直し
昭和61年４月，臨時教育審議会「教育改革に関する第二次答申」の第３部第１章(3)
「外国語教育の見直し」において，「まず，中学校，高等学校等における英語教育が
文法知識の修得と読解力の養成に重点が置かれ過ぎていることや，大学においては実
践的な能力を付与することに欠けていることを改善すべきである。今後，各学校段階
における英語教育の目的の明確化を図り，学習者の多様な能力・進路に適応するよう
教育内容等を見直すとともに，英語教育の開始時期についても検討を進める。その際，
一定期間集中的な学習を課すなど教育方法の改善についても検討する」とされた。
(2) 国際理解教育の一環としての導入
その後，平成４年以降，国際理解教育の一環としての英語教育を実験的に導入する
研究開発学校が指定され，平成８年７月の第15期中央教育審議会第一次答申「21世紀
を展望した我が国の教育の在り方について」において，「小学校における外国語教育
については，教科として一律に実施する方法は採らないが，国際理解教育の一環とし
て，『総合的な学習の時間』を活用したり，特別活動などの時間において，地域や学
- 3 -","['必要', 'ある', '提言', 'なす', '答申', '踏まえる', '平成', '20', '年', '3', '月', '28', '学校教育法', '施行規則', '改正', 'する', 'とも', '幼稚園', '教育', '要領', '小学校', '学習指導', '要領', '中学校', '学習指導', '要領', '公示', 'する', '小学校', '習', '指導', '要領', '平成', '21', '年', '4', '月', '1日', '移行', '措置', 'する', '算数', '理科', '中心', '内容', '前', '倒す', 'する', '実施', 'する', 'とも', '平成', '23', '年', '4', '月', '1日', '全面', '実施', 'する', 'こと', 'する', 'いる', '2', '小学校', '外国語', '活動', '新設', '経緯', '今回', '学習指導', '要領', '改訂', 'よる', '小学校', '5', '学年', '6', '学年', '外国語', '活動', '新設', 'する', '至る', '小学校', 'おく', '外国語', '教育', '審議会', '検討', 'する', 'くる', '昭和', '60', '年', '代', '課題', 'ある', '20', '年間', '経緯', '経る', '今回', '外国語', '活動', '新設', 'なる', '経緯', '次', '通り', 'ある', '1', '英語', '教育', '開始時期', '見直し', '昭和', '61', '年', '4', '月', '臨時', '教育', '審議会', '教育', '改革', '関する', '二', '答申', '3', '部', '1', '章', '3', '外国語', '教育', '見直し', 'おく', '中学校', '高等学校', 'おく', '英語', '教育', '文法', '知識', '修得', '読解力', '養成', '重点', '置く', '過ぎる', 'いる', 'こと', '大学', 'おく', '実', '践', '能力', '付与', 'する', 'こと', '欠ける', 'いる', 'こと', '改善', 'す', 'ある', '今後', '学校', '段階', 'おく', '英語', '教育', '目的', '明確化', '図る', '学習者', '能力', '進路', '適応', 'する', '教育', '内容', '見直す', 'とも', '英語', '教育', '開始時期', 'つく', '検討', '進める', '際', '一定期間', '集中的', '学習', '課す', '教育', '方法', '改善', 'つく', '検討', 'する', 'する', '2', '国際', '理解', '教育', '一環', 'する', '導入', '後', '平成', '4', '年', '以降', '国際', '理解', '教育', '一環', 'する', '英語', '教育', '実験的', '導入', 'する', '研究開発', '学校', '指定', 'する', '平成', '8', '年', '7', '月', '15', '期', '中央教育審議会', '一', '答申', '21', '世紀', '展望', 'する', '我が国', '教育', '在り方', 'つく', 'おく', '小学校', 'おく', '外国語', '教育', 'つく', '教科', 'する', '一律', '実施', 'する', '方法', '採る', '国際', '理解', '教育', '一環', 'する', '総合的', '学習', '時間', '活用', 'する', '活動', '時間', 'おく', '地域', '学', '3']"
2008,activity,5-6,2008_activity,4,sousetsu,"校の実態等に応じて，子供たちに外国語，例えば英会話等に触れる機会や，外国の生
活・文化などに慣れ親しむ機会を持たせることができるようにすることが適当である
と考えた。」「（その際は，）ネイティブ・スピーカーや地域における海外生活経験者
などの活用を図ることが望まれる」とされた。これにより，平成10年に改訂された学
習指導要領により，「総合的な学習の時間」が設けられるとともに，学習指導要領の
総則において，総合的な学習の時間の取扱いの一項目として，「国際理解に関する学
習の一環としての外国語会話等を行うときは，学校の実態等に応じ，児童が外国語に
触れたり，外国の生活や文化などに慣れ親しんだりするなど小学校段階にふさわしい
体験的な学習が行われるようにすること」と規定された。これにより，全国の小学校
において，いわゆる英語活動が広く行われることとなった。
(3) 外国語活動の新設に向けて
平成14年７月に文部科学省によって策定された「『英語が使える日本人』の育成の
ための戦略構想」の中で，小学校英語活動実施状況調査が行われ，平成15年度には全
国の小学校の約88％が何らかの形で英語活動を実施していることが分かった。その割
合は年々上昇し，平成19年度には約97％にまで達している。このような状況から，平
成18年３月，中央教育審議会外国語専門部会から「小学校における英語教育について
（外国語専門部会における審議の状況）」が出され，その中で，「高学年においては，
中学校との円滑な接続を図る観点からも英語教育を充実する必要性が高いと考えられ
る。英語活動の実施時間数が，平均で１３．７単位時間（第６学年の場合）である現
状を踏まえつつ，教育内容としての一定のまとまりを確保する必要性を考慮すると，
外国語専門部会としては，例えば，年間３５単位時間（平均週１回）程度について共
通の教育内容を設定することを検討する必要があると考える」とされた。これを受け，
平成20年１月中央教育審議会「幼稚園，小学校，中学校，高等学校及び特別支援学校
の学習指導要領等の改善について（答申）」の中で，小学校段階の外国語活動につい
ては，「小学校段階にふさわしい国際理解やコミュニケーションなどの活動を通じて，
コミュニケーションへの積極的な態度を育成するとともに，言葉への自覚を促し，幅
広い言語に関する能力や国際感覚の基盤を培うことを目的とする外国語活動について
- 4 -","['実態', '応ずる', '子供たち', '外国語', '英会話', '触れる', '機会', '外国', '生', '活', '文化', '慣れ親しむ', '機会', '持つ', 'こと', 'できる', 'する', 'こと', '適当', 'ある', '考える', '際', 'ネイティブ', 'スピーカー', '地域', 'おく', '海外', '生活', '経験者', '活用', '図る', 'こと', '望む', 'する', 'よる', '平成', '10', '年', '改訂', 'する', '学', '習', '指導', '要領', 'よる', '総合的', '学習', '時間', '設ける', 'とも', '学習指導', '要領', '総則', 'おく', '総合的', '学習', '時間', '取扱い', '一', '項目', 'する', '国際', '理解', '関する', '学', '習', '一環', 'する', '外国語', '会話', '行う', 'とき', '学校', '実態', '応ずる', '児童', '外国語', '触れる', '外国', '生活', '文化', '慣れ親しむ', 'する', '小学校', '段階', '体験', '学習', '行う', 'する', 'こと', '規定', 'する', 'よる', '全国', '小学校', 'おく', '英語', '活動', '行う', 'こと', 'なる', '3', '外国語', '活動', '新設', '向ける', '平成', '14', '年', '7', '月', '文部科学省', 'よる', '策定', 'する', '英語', '使える', '日本人', '育成', 'ため', '戦略', '構想', '中', '小学校', '英語', '活動', '実施', '状況', '調査', '行う', '平成', '15', '年度', '国', '小学校', '88', '%', '形', '英語', '活動', '実施', 'する', 'いる', 'こと', '分かる', '割', '合', '年々', '上昇', 'する', '平成', '19', '年度', '97', '%', '達する', 'いる', '状況', '平', '成', '18', '年', '3', '月', '中央教育審議会', '外国語', '専門', '部会', '小学校', 'おく', '英語', '教育', 'つく', '外国語', '専門', '部会', 'おく', '審議', '状況', '出す', '中', '高学年', 'おく', '中学校', '接続', '図る', '観点', '英語', '教育', '充実', 'する', '必要性', '考える', '英語', '活動', '実施', '時間数', '平均', '13.7', '単位', '時間', '6', '学年', '場合', 'ある', '踏まえる', '教育', '内容', 'する', '一定', 'まとまり', '確保', 'する', '必要性', '考慮', 'する', '外国語', '専門', '部会', 'する', '年間', '35', '単位', '時間', '平均', '週', '1', '回', '程度', 'つく', '共', '通', '教育', '内容', '設定', 'する', 'こと', '検討', 'する', '必要', 'ある', '考える', 'する', '受ける', '平成', '20', '年', '1', '月', '中央教育審議会', '幼稚園', '小学校', '中学校', '高等学校', '特別支援学校', '学習指導', '要領', '改善', 'つく', '答申', '中', '小学校', '段階', '外国語', '活動', 'つく', '小学校', '段階', '国際', '理解', 'コミュニケーション', '活動', '通ずる', 'コミュニケーション', '積極的', '態度', '育成', 'する', 'とも', '言葉', '自覚', '促す', '幅', '言語', '関する', '能力', '国際', '感覚', '基盤', '培う', 'こと', '目的', 'する', '外国語', '活動', 'つく', '4']"
2008,activity,5-6,2008_activity,5,sousetsu,"は，現在，各学校における取組に相当ばらつきがあるため，教育の機会均等の確保や
中学校との円滑な接続等の観点から，国として各学校において共通に指導する内容を
示すことが必要である。その場合，目標や内容を各学校で定める総合的な学習の時間
とは趣旨・性格が異なることから，総合的な学習の時間とは別に高学年において一定
の授業時数（年間３５単位時間，週１コマ相当）を確保することが適当である」とし，
外国語活動の新設が答申されたのである。
(4) 外国語活動の新設
文部科学省は，この答申を受けて，学習指導要領の改訂を行った。そして，平成20
年３月28日に小学校学習指導要領を改訂し，小学校第５学年及び第６学年に外国語活
動が位置付けられたのである。
３ 小学校外国語活動新設の趣旨
今回の外国語活動の新設は，中央教育審議会から次のように答申されたことを踏ま
えたものである。
○ 社会や経済のグローバル化が急速に進展し，異なる文化の共存や持続可能な発
展に向けて国際協力が求められるとともに，人材育成面での国際競争も加速して
いることから，学校教育において外国語教育を充実することが重要な課題の一つ
となっている。
○ 我が国においては，外国語教育は中学校から始まることとされており，現在，
中学校においてあいさつ，自己紹介などの初歩的な外国語に初めて接することと
なる。しかし，こうした活動はむしろ小学校段階での活動になじむものと考えら
れる。また，中学校外国語科では，指導において聞くこと及び話すことの言語活
動に重点を置くこととされているが，同時に，読むこと及び書くことも取り扱う
ことから，中学校に入学した段階で４技能を一度に取り扱う点に指導上の難しさ
があるとの指摘もある。
こうした課題等を踏まえれば，小学校段階で外国語に触れたり，体験したりす
- 5 -","['現在', '学校', 'おく', '取組', 'ばらつき', 'ある', 'ため', '教育', '機会', '均等', '確保', '中学校', '接続', '観点', '国', 'する', '学校', 'おく', '共通', '指導', 'する', '内容', '示す', 'こと', '必要', 'ある', '場合', '目標', '内容', '学校', '定める', '総合的', '学習', '時間', '趣旨', '性格', '異なる', 'こと', '総合的', '学習', '時間', '別', '高学年', 'おく', '一定', '授業', '時数', '年間', '35', '単位', '時間', '週', '1', 'コマ', '相当', '確保', 'する', 'こと', '適当', 'ある', 'する', '外国語', '活動', '新設', '答申', 'する', 'ある', '4', '外国語', '活動', '新設', '文部科学省', '答申', '受ける', '学習指導', '要領', '改訂', '行う', '平成', '20', '年', '3', '月', '28', '小学校', '学習指導', '要領', '改訂', 'する', '小学校', '5', '学年', '6', '学年', '外国語', '活', '動', '位置', '付ける', 'ある', '3', '小学校', '外国語', '活動', '新設', '趣旨', '今回', '外国語', '活動', '新設', '中央教育審議会', '次', '答申', 'する', 'こと', '踏む', 'える', 'もの', 'ある', '社会', '経済', 'グローバル化', '進展', 'する', '異なる', '文化', '共存', '持続', '向ける', '国際', '協力', '求める', 'とも', '人材育成', '面', '国際', '競争', '加速', 'する', 'いる', 'こと', '学校教育', 'おく', '外国語', '教育', '充実', 'する', 'こと', '課題', '一', 'なる', 'いる', '我が国', 'おく', '外国語', '教育', '中学校', '始まる', 'こと', 'する', 'おる', '現在', '中学校', 'おく', 'あいさつ', '自己', '紹介', '初歩', '外国語', '接する', 'こと', 'なる', 'する', '活動', '小学校', '段階', '活動', 'なじむ', 'もの', '考える', '中学校', '外国語', '指導', 'おく', '聞く', 'こと', '話す', 'こと', '言語', '活', '動', '重点', '置く', 'こと', 'する', 'いる', '同時', '読む', 'こと', '書く', 'こと', '取り扱う', 'こと', '中学校', '入学', 'する', '段階', '4', '技能', '一度', '取り扱う', '点', '指導', '難しさ', 'ある', '指摘', 'ある', 'する', '課題', '踏まえる', '小学校', '段階', '外国語', '触れる', '体験', 'する', 'りす', '5']"
2008,activity,5-6,2008_activity,6,sousetsu,"る機会を提供することにより，中・高等学校においてコミュニケーション能力を
育成するための素地をつくることが重要と考えられる。
○ 小学校段階における英語活動については，現在でも多くの小学校で総合的な学
習の時間等において取り組まれているが，各学校における取組には相当のばらつ
きがある。このため，外国語活動を義務教育として小学校で行う場合には，教育
の機会均等の確保や中学校との円滑な接続等の観点から，国として各学校におい
て共通に指導する内容を示すことが必要である。
この場合，目標や内容を各学校で定める総合的な学習の時間とは趣旨・性格が
異なることとなる。また，小学校における外国語活動の目標や内容を踏まえれば
一定のまとまりをもって活動を行うことが適当であるが，教科のような数値によ
る評価にはなじまないものと考えられる。これらのことから，総合的な学習の時
間とは別に高学年において一定の授業時数（年間３５単位時間，週１コマ相当）
を確保する一方，教科とは位置付けないことが適当と考えられる。
なお，外国語活動においては，中学校における外国語科では英語を履修することが
原則とされているのと同様，英語を取り扱うことを原則とすることが適当であること
も提言されている。
４ 小学校外国語活動の目標及び内容等
中央教育審議会答申を踏まえ，外国語活動の教育課程上の位置付け，目標及び内容
等に関して，次のようにした。
(1) 教育課程上の位置付け
教育課程における外国語活動の位置付けは，次のようにした。
・ 外国語活動として，第５学年及び第６学年において，それぞれ年間35単位時間
の授業時数を確保した。
・ 英語を取り扱うことを原則とした。
- 6 -","['機会', '提供', 'する', 'こと', 'よる', '高等学校', 'おく', 'コミュニケーション', '能力', '育成', 'する', 'ため', '素地', 'つくる', 'こと', '考える', '小学校', '段階', 'おく', '英語', '活動', 'つく', '現在', '多く', '小学校', '総合的', '学', '習', '時間', 'おく', '取り組む', 'いる', '学校', 'おく', '取組', '相当', 'ばら', 'き', 'ある', 'ため', '外国語', '活動', '義務教育', 'する', '小学校', '行う', '場合', '教育', '機会', '均等', '確保', '中学校', '接続', '観点', '国', 'する', '学校', '共通', '指導', 'する', '内容', '示す', 'こと', '必要', 'ある', '場合', '目標', '内容', '学校', '定める', '総合的', '学習', '時間', '趣旨', '性格', '異なる', 'こと', 'なる', '小学校', 'おく', '外国語', '活動', '目標', '内容', '踏まえる', '一定', 'まとまり', 'もつ', '活動', '行う', 'こと', '適当', 'ある', '教科', '数値', '評価', 'なじむ', 'もの', '考える', 'こと', '総合的', '学習', '時', '間', '別', '高学年', 'おく', '一定', '授業', '時数', '年間', '35', '単位', '時間', '週', '1', 'コマ', '相当', '確保', 'する', '一方', '教科', '位置', '付ける', 'こと', '適当', '考える', '外国語', '活動', 'おく', '中学校', 'おく', '外国語', '英語', '履修', 'する', 'こと', '原則', 'する', 'いる', '英語', '取り扱う', 'こと', '原則', 'する', 'こと', '適当', 'ある', 'こと', '提言', 'する', 'いる', '4', '小学校', '外国語', '活動', '目標', '内容', '中央教育審議会', '答申', '踏まえる', '外国語', '活動', '教育課程', '位置付け', '目標', '内容', '関する', '次', 'する', '1', '教育課程', '位置付け', '教育課程', 'おく', '外国語', '活動', '位置付け', '次', 'する', '外国語', '活動', 'する', '5', '学年', '6', '学年', 'おく', 'それぞれ', '年間', '35', '単位', '時間', '授業', '時数', '確保', 'する', '英語', '取り扱う', 'こと', '原則', 'する', '6']"
2008,activity,5-6,2008_activity,7,sousetsu,"(2) 目標の要点
外国語活動の目標については，次のようにした。
・ 外国語活動の目標をコミュニケーション能力の素地を養うこととし，中学校と
の連携を図った。
・ 外国語を用いて，積極的にコミュニケーションを図ろうとする態度の育成に重
点を置いた。
・ 外国語活動の目標については，学年ごとに示すのではなく，より弾力的な指導
ができるよう，２学年間を通した目標とした。
(3) 内容の要点
内容については，外国語活動の目標を受けて次のようにした。
・ 外国語を用いて積極的にコミュニケーションを図るための内容と，日本と外国
の言語や文化について，体験的に理解を深めるための内容との二つとした。
・ 目標にある「外国語の音声や基本的な表現に慣れ親しませ」ることは，日本と
外国の言語や文化について，体験的に理解を深めさせる内容の中に含めた。
(4) 外国語活動における「指導計画の作成と内容の取扱い」の要点
外国語活動における指導計画の作成と内容の取扱いについては，次のようにした。
・ 学年ごとの目標については，各学校において児童や地域の実態に応じて，適切
に定めることとした。
・ 言語や文化については体験的な理解を図ることとし，指導内容が必要以上に細
部にわたったり，形式的になったりしないようにすることとした。
・ 指導計画の作成や授業の実施に当たっては，学級担任の教師又は外国語活動を
担当する教師が行うこととした。
・ 道徳の時間などとの関連を考慮しながら指導することとした。
- 7 -","['2', '目標', '要点', '外国語', '活動', '目標', 'つく', '次', 'する', '外国語', '活動', '目標', 'コミュニケーション', '能力', '素地', '養う', 'こと', 'する', '中学校', '連携', '図る', '外国語', '用いる', '積極的', 'コミュニケーション', '図る', 'する', '態度', '育成', '重', '点', '置く', '外国語', '活動', '目標', 'つく', '学年', '示す', '弾力', '指導', 'できる', '2', '年間', '通す', '目標', 'する', '3', '内容', '要点', '内容', 'つく', '外国語', '活動', '目標', '受ける', '次', 'する', '外国語', '用いる', '積極的', 'コミュニケーション', '図る', 'ため', '内容', '日本', '外国', '言語', '文化', 'つく', '体験', '理解', '深める', 'ため', '内容', '二', 'する', '目標', 'ある', '外国語', '音声', '基本的', '表現', '慣れ親しむ', 'こと', '日本', '外国', '言語', '文化', 'つく', '体験', '理解', '深める', '内容', '中', '含める', '4', '外国語', '活動', 'おく', '指導', '計画', '作成', '内容', '取扱い', '要点', '外国語', '活動', 'おく', '指導', '計画', '作成', '内容', '取扱い', 'つく', '次', 'する', '学年', '目標', 'つく', '学校', 'おく', '児童', '地域', '実態', '応ずる', '定める', 'こと', 'する', '言語', '文化', 'つく', '体験', '理解', '図る', 'こと', 'する', '指導', '内容', '必要', '以上', '細', '部', 'わたる', '形式的', 'なる', 'する', 'する', 'こと', 'する', '指導', '計画', '作成', '授業', '実施', '当たる', '学級', '担任', '教師', '外国語', '活動', '担当', 'する', '教師', '行う', 'こと', 'する', '道徳', '時間', '関連', '考慮', 'する', '指導', 'する', 'こと', 'する', '7']"
2008,activity,5-6,2008_activity,8,pedagogical,"第２章 目標及び内容
第１節 外国語活動
１ 目標
外国語を通じて，言語や文化について体験的に理解を深め，積極的にコミュニ
ケーションを図ろうとする態度の育成を図り，外国語の音声や基本的な表現に慣
れ親しませながら，コミュニケーション能力の素地を養う。
外国語活動の目標は次の三つの柱から成り立っている。
① 外国語を通じて，言語や文化について体験的に理解を深める。
② 外国語を通じて，積極的にコミュニケーションを図ろうとする態度の育成を図
る。
③ 外国語を通じて，外国語の音声や基本的な表現に慣れ親しませる。
以上の三つの柱を踏まえた活動を統合的に体験することで，中・高等学校等におけ
る外国語科の学習につながるコミュニケーション能力の素地をつくろうとするもので
ある。
①は，外国語活動において，児童のもつ柔軟な適応力を生かして，言葉への自覚を
促し，幅広い言語に関する能力や国際感覚の基盤を培うため，国語や我が国の文化を
含めた言語や文化に対する理解を深めることの重要性を述べたものである。その際，
知識のみによって理解を深めるのではなく，体験を通して理解を深めることとしてい
る。文化に関しては，理解を深めることにとどまらず，例えば，地域や学校などを紹
介したり，地域の名物などを外国語で発信することなども考えられる。なお，体験的
に理解を深めることで，言葉の大切さや豊かさ等に気付かせたり，言語に対する興味
・関心を高めたり，これらを尊重する態度を身に付けさせたりすることは，国語に関
する能力の向上にも資すると考えられる。
- 8 -","['2', '章', '目標', '内容', '1', '節', '外国語', '活動', '1', '目標', '外国語', '通ずる', '言語', '文化', 'つく', '体験', '理解', '深める', '積極的', 'コミュニ', 'ケーション', '図る', 'する', '態度', '育成', '図る', '外国語', '音声', '基本的', '表現', '親しむ', 'コミュニケーション', '能力', '素地', '養う', '外国語', '活動', '目標', '次', '三', '柱', '成り立つ', 'いる', '1', '外国語', '通ずる', '言語', '文化', 'つく', '体験', '理解', '深める', '2', '外国語', '通ずる', '積極的', 'コミュニケーション', '図る', 'する', '態度', '育成', '図', '3', '外国語', '通ずる', '外国語', '音声', '基本的', '表現', '慣れ親しむ', '以上', '三', '柱', '踏まえる', '活動', '統合', '体験', 'する', 'こと', '高等学校', 'おく', '外国語', '学習', 'つながる', 'コミュニケーション', '能力', '素地', 'つくる', 'する', 'もの', 'ある', '1', '外国語', '活動', 'おく', '児童', 'もつ', '適応力', '生かす', '言葉', '自覚', '促す', '言語', '関する', '能力', '国際', '感覚', '基盤', '培う', 'ため', '国語', '我が国', '文化', '含める', '言語', '文化', '対する', '理解', '深める', 'こと', '重要性', '述べる', 'もの', 'ある', '際', '知識', 'よる', '理解', '深める', '体験', '通す', '理解', '深める', 'こと', 'する', 'いる', '文化', '関する', '理解', '深める', 'こと', 'とどまる', '地域', '学校', '紹', '介する', '地域', '名物', '外国語', '発信', 'する', 'こと', '考える', '体験', '理解', '深める', 'こと', '言葉', '気付く', '言語', '対する', '興味', '関心', '高める', '尊重', 'する', '態度', '身', '付ける', 'する', 'こと', '国語', '関', 'する', '能力', '向上', '資する', '考える', '8']"
2008,activity,5-6,2008_activity,9,pedagogical,"②は，コミュニケーション能力の素地を育成するためには，コミュニケーションへ
の積極的な態度を身に付けることが重要であることを述べたものである。コミュニケ
ーションへの積極的な態度とは，日本語とは異なる外国語の音に触れることにより，
外国語を注意深く聞いて相手の思いを理解しようとしたり，他者に対して自分の思い
を伝えることの難しさや大切さを実感したりしながら，積極的に自分の思いを伝えよ
うとする態度などのことである。現代の子どもたちが，自分の感情や思いを表現した
り，他者のそれを受け止めたりするための語彙や表現力及び理解力に乏しいことによ
り，他者とのコミュニケーションが図れないケースが見られることなどからも，コミ
ュニケーションを図ろうとする態度の育成が必要であると考える。②を設定したのは，
そのためである。なお，この場合，ジェスチャーなど言葉によらないコミュニケーシ
ョンの手段もコミュニケーションを図る上で大切であることから，体験を通してさま
ざまなコミュニケーションの方法に触れさせることも大切である。
③は，児童の柔軟な適応力を生かして，外国語の音声や基本的な表現に慣れ親しみ，
聞く力などを育てることが適当であることを述べたものである。なお，小学校段階の
外国語の学習については，聞くことなどの音声面でのスキル（技能）の高まりはある
程度期待できるが，実生活で使用する必要性が乏しい中で多くの表現を覚えたり，細
かい文構造などに関する抽象的な概念を理解したりすることを通じて学習の興味・関
心を持続することは，児童にとっては難しいと考えられる。したがって，中学校段階
の文法等を単に前倒しするのではなく，あくまでも，体験的に「聞くこと」「話すこ
と」を通して，音声や表現に慣れ親しむこととしている。
これらをとらえると，①②及び③は不可分に結びついているものである。異なる言
語や文化を理解したり，他者と積極的にコミュニケーションを図ったりすることは，
これからの社会に生きる子どもたちにとっては，重要なことである。その際，特に，
パターン・プラクティス（表現習得のために繰り返し行う口頭練習）やダイアローグ
（対話）の暗唱など，③の音声や基本的な表現の習得に偏重して指導したり，「聞く
ことができること」や「話すことができること」などのスキル向上のみを目標とした
指導が行われたりすることは，本来の外国語活動の目標とは合致しない。
また，①の言語や文化について体験的に理解を深めたり，②の積極的にコミュニケ
- 9 -","['2', 'コミュニケーション', '能力', '素地', '育成', 'する', 'ため', 'コミュニケーション', '積極的', '態度', '身', '付ける', 'こと', 'ある', 'こと', '述べる', 'もの', 'ある', 'コミュニケ', 'ション', '積極的', '態度', '日本語', '異なる', '外国語', '音', '触れる', 'こと', 'よる', '外国語', '注意', '聞く', '相手', '思い', '理解', 'する', 'する', '他者', '対する', '自分', '思い', '伝える', 'こと', '難しさ', '実感', 'する', 'する', '積極的', '自分', '思い', '伝える', 'する', '態度', 'こと', 'ある', '現代', '子どもたち', '自分', '感情', '思い', '表現', 'する', '他者', '受け止める', 'する', 'ため', '語彙', '表現力', '理解力', 'こと', '他者', 'コミュニケーション', '図れる', 'ケース', '見る', 'こと', 'コミ', 'ニケーション', '図る', 'する', '態度', '育成', '必要', 'ある', '考える', '2', '設定', 'する', 'ため', 'ある', '場合', 'ジェスチャー', '言葉', 'よる', 'コミュニケーシ', '手段', 'コミュニケーション', '図る', '上', 'ある', 'こと', '体験', '通す', 'さま', 'ざま', 'コミュニケーション', '方法', '触れる', 'こと', 'ある', '3', '児童', '適応力', '生かす', '外国語', '音声', '基本的', '表現', '慣れ親しむ', '聞く', '力', '育てる', 'こと', '適当', 'ある', 'こと', '述べる', 'もの', 'ある', '小学校', '段階', '外国語', '学習', 'つく', '聞く', 'こと', '音声', '面', 'スキル', '技能', '高まり', 'ある', '程度', '期待', 'できる', '実生活', '使用', 'する', '必要性', '中', '多く', '表現', '覚える', 'かい', '文', '構造', '関する', '抽象的', '概念', '理解', 'する', 'する', 'こと', '通ずる', '学習', '興味', '関', '心', '持続', 'する', 'こと', '児童', 'とる', '考える', 'したがう', '中学校', '段階', '文法', '前倒し', 'する', '体験', '聞く', 'こと', '話す', 'こ', '通す', '音声', '表現', '慣れ親しむ', 'こと', 'する', 'いる', 'とらえる', '12', '3', '不可分', '結びつく', 'いる', 'もの', 'ある', '異なる', '言', '語', '文化', '理解', 'する', '他者', '積極的', 'コミュニケーション', '図る', 'する', 'こと', '社会', '生きる', '子どもたち', 'とる', 'こと', 'ある', '際', 'パターン', 'プラクティス', '表現', '習得', 'ため', '繰り返す', '行う', '口頭', '練習', 'ダイアローグ', '対話', '暗唱', '3', '音声', '基本的', '表現', '習得', '偏重', 'する', '指導', 'する', '聞く', 'こと', 'できる', 'こと', '話す', 'こと', 'できる', 'こと', 'スキル', '向上', '目標', 'する', '指導', '行う', 'する', 'こと', '本来', '外国語', '活動', '目標', '合致', 'する', '1', '言語', '文化', 'つく', '体験', '理解', '深める', '2', '積極的', 'コミュニケ', '9']"
2008,activity,5-6,2008_activity,10,pedagogical,"ーションを図ろうとする態度を育成したり，③の外国語の音声や基本的な表現に慣れ
親しませたりする際には，これらすべてを「外国語を通じて」行うことを明記してい
る。これは，言語や文化について体験的に理解を深めたり，積極的にコミュニケーシ
ョンを図ろうとする態度を育成したりするには，国語などを通じたさまざまな方法が
考えられるが，外国語活動は，「外国語を通じて」という特有の方法によって，この
目標の実現を図ろうとするものであることを明確にしたものである。
さらに，「コミュニケーション能力の素地」とは，小学校段階で外国語活動を通し
て養われる，言語や文化に対する体験的な理解，積極的にコミュニケーションを図ろ
うとする態度，外国語の音声や基本的な表現への慣れ親しみを指したものである。こ
れらは，中・高等学校の外国語科で目指すコミュニケーション能力を支えるものであ
り，中学校における外国語科への円滑な移行を図る観点から，目標として明示したも
のである。
２ 内容
前記の外国語活動の目標を踏まえ，次のように内容を設定している。
〔第５学年及び第６学年〕
１ 外国語を用いて積極的にコミュニケーションを図ることができるよう，次の
事項について指導する。
(1) 外国語を用いてコミュニケーションを図る楽しさを体験すること。
(2) 積極的に外国語を聞いたり，話したりすること。
(3) 言語を用いてコミュニケーションを図ることの大切さを知ること。
２ 日本と外国の言語や文化について，体験的に理解を深めることができるよう，
次の事項について指導する。
(1) 外国語の音声やリズムなどに慣れ親しむとともに，日本語との違いを知り，
言葉の面白さや豊かさに気付くこと。
(2) 日本と外国との生活，習慣，行事などの違いを知り，多様なものの見方や
- 10 -","['ション', '図る', 'する', '態度', '育成', 'する', '3', '外国語', '音声', '基本的', '表現', '慣れる', '親しむ', 'する', '際', 'すべて', '外国語', '通ずる', '行う', 'こと', '明記', 'する', 'いる', '言語', '文化', 'つく', '体験', '理解', '深める', '積極的', 'コミュニケーシ', '図る', 'する', '態度', '育成', 'する', 'する', '国語', '通ずる', '方法', '考える', '外国語', '活動', '外国語', '通ずる', 'いう', '方法', 'よる', '目標', '実現', '図る', 'する', 'もの', 'ある', 'こと', 'する', 'もの', 'ある', 'コミュニケーション', '能力', '素地', '小学校', '段階', '外国語', '活動', '通す', '養う', '言語', '文化', '対する', '体験', '理解', '積極的', 'コミュニケーション', '図る', 'する', '態度', '外国語', '音声', '基本的', '表現', '慣れ親しむ', '指す', 'もの', 'ある', '高等学校', '外国語', '目指す', 'コミュニケーション', '能力', '支える', 'もの', '中学校', 'おく', '外国語', '移行', '図る', '観点', '目標', 'する', '明示', 'する', 'ある', '2', '内容', '前記', '外国語', '活動', '目標', '踏まえる', '次', '内容', '設定', 'する', 'いる', '5', '学年', '6', '学年', '1', '外国語', '用いる', '積極的', 'コミュニケーション', '図る', 'こと', 'できる', '次', '事項', 'つく', '指導', 'する', '1', '外国語', '用いる', 'コミュニケーション', '図る', '体験', 'する', 'こと', '2', '積極的', '外国語', '聞く', '話す', 'する', 'こと', '3', '言語', '用いる', 'コミュニケーション', '図る', 'こと', '知る', 'こと', '2', '日本', '外国', '言語', '文化', 'つく', '体験', '理解', '深める', 'こと', 'できる', '次', '事項', 'つく', '指導', 'する', '1', '外国語', '音声', 'リズム', '慣れ親しむ', 'とも', '日本語', '違い', '知る', '言葉', '気付く', 'こと', '2', '日本', '外国', '生活', '習慣', '行事', '違い', '知る', 'もの', '見方', '10']"
2008,activity,5-6,2008_activity,11,pedagogical,"考え方があることに気付くこと。
(3) 異なる文化をもつ人々との交流等を体験し，文化等に対する理解を深める
こと。
(1) 内容の構成
学年ごとに内容を示すのではなく，２学年間を通じて達成される内容を示した。こ
れは，各学校が児童の実態に応じて，学年ごとの指導内容を設定することが適切であ
ると考え，また，必要な内容を繰り返して指導するなど，２学年間を通して柔軟に指
導することが適当と考えたからである。
また，前記の目標は，「言語と文化に関する事項」，「コミュニケーションに関する
事項」，「外国語の音声や基本的な表現に関する事項」の三項目から成り立っている
が，内容としては，１の「主としてコミュニケーションに関する事項」と，２の「主
として言語と文化に関する事項」とで構成している。これは，外国語活動の目標を実
現するためには，内容面では，異なる言語や文化を理解したり，他者と積極的にコミ
ュニケーションを図ったりすることとし，こうした１及び２の内容に関する活動を外
国語を通して行うことで，外国語の音声や基本的な表現に慣れ親しむことが大切であ
るからである。
(2) コミュニケーションに関する事項
「積極的にコミュニケーションを図ろうとする態度」を育成するためには，実際に
コミュニケーションを体験させることが大切である。そこで，積極的にコミュニケー
ションを図ることができるように，(1)，(2)，(3)の指導内容をそれぞれ設定した。
(1) 外国語を用いてコミュニケーションを図る楽しさを体験すること。
外国語活動では，単に児童が喜ぶような楽しい活動を行えばよいというものではな
い。児童が使える外国語を駆使し，さまざまな相手と互いの思いを伝え合い，コミュ
ニケーションを図ることの楽しさを実際に体験することが大切である。
- 11 -","['考え方', 'ある', 'こと', '気付く', 'こと', '3', '異なる', '文化', 'もつ', '人々', '交流', '体験', 'する', '文化', '対する', '理解', '深める', 'こと', '1', '内容', '構成', '学年', '内容', '示す', '2', '年間', '通ずる', '達成', 'する', '内容', '示す', '学校', '児童', '実態', '応ずる', '学年', '指導', '内容', '設定', 'する', 'こと', '考える', '必要', '内容', '繰り返す', '指導', 'する', '2', '年間', '通す', '指', '導', 'する', 'こと', '適当', '考える', 'ある', '前記', '目標', '言語', '文化', '関する', '事項', 'コミュニケーション', '関する', '事項', '外国語', '音声', '基本的', '表現', '関する', '事項', '三', '項目', '成り立つ', 'いる', '内容', 'する', '1', '主', 'する', 'コミュニケーション', '関する', '事項', '2', '主', 'する', '言語', '文化', '関する', '事項', '構成', 'する', 'いる', '外国語', '活動', '目標', '実', '現', 'する', 'ため', '内容', '面', '異なる', '言語', '文化', '理解', 'する', '他者', '積極的', 'コミ', 'ニケーション', '図る', 'する', 'こと', 'する', 'する', '1', '2', '内容', '関する', '活動', '外', '国語', '通す', '行う', 'こと', '外国語', '音声', '基本的', '表現', '慣れ親しむ', 'こと', 'ある', '2', 'コミュニケーション', '関する', '事項', '積極的', 'コミュニケーション', '図る', 'する', '態度', '育成', 'する', 'ため', '実際', 'コミュニケーション', '体験', 'する', 'こと', 'ある', '積極的', 'コミュニケー', 'ション', '図る', 'こと', 'できる', '1', '2', '3', '指導', '内容', 'それぞれ', '設定', 'する', '1', '外国語', '用いる', 'コミュニケーション', '図る', '体験', 'する', 'こと', '外国語', '活動', '児童', '喜ぶ', '活動', '行う', 'いう', 'もの', '児童', '使える', '外国語', '駆使', 'する', '相手', '互い', '思い', '伝え合う', 'コミュ', 'ニケーション', '図る', 'こと', '実際', '体験', 'する', 'こと', 'ある', '11']"
2008,activity,5-6,2008_activity,12,pedagogical,"これは，自転車に乗ることができるようになることを例に挙げると，自転車の構造
や乗り方についての知識がどれだけあったとしても，実際に自転車に乗らなければ，
自転車に乗ることができるようにはならず，乗る楽しさも経験することができないと
いうことと同じである。つまり，コミュニケーションの楽しさを味わうことなしに，
コミュニケーションへの積極的な態度を育成することは難しいのである。
このように，外国語活動においては，まず，「外国語を用いてコミュニケーション
を図る楽しさ」を体験させることが大切なのである。
(2) 積極的に外国語を聞いたり，話したりすること。
我が国におけるこれまでの外国語教育は，中学校から始まることとされていた。従
来は，あいさつや自己紹介など，音声を中心とした活動が入門期の活動として行われ
ていた。しかし，こうした活動は，むしろ柔軟な適応力のある小学校段階になじむも
のである。
また，従来の中学校外国語科では，指導において「聞くこと及び話すこと」の言語
活動に重点を置くこととされていたが，同時に「読むこと及び書くこと」も取り扱う
ことから，中学校に入学した段階で４技能を一度に取り扱う点で，指導上の難しさも
指摘されていた。
そこで，外国語活動では，外国語を初めて学習することを踏まえ，児童に過度の負
担をかけないために，「外国語を聞いたり，話したりすること」を主な活動内容に設
定することとした。
(3) 言語を用いてコミュニケーションを図ることの大切さを知ること。
社会や経済のグローバル化が急速に進展し，異なる文化の共存や持続可能な発展に
向けた国際協力が求められている。また，人材育成面での国際競争も加速している。
このような社会にあっては，言語を用いて他者とのコミュニケーションを図っていく
ことが大切である。
- 12 -","['自転車', '乗る', 'こと', 'できる', 'なる', 'こと', '例', '挙げる', '自転車', '構造', '乗り方', 'つく', '知識', 'ある', 'する', '実際', '自転車', '乗る', '自転車', '乗る', 'こと', 'できる', 'なる', '乗る', '経験', 'する', 'こと', 'できる', 'いう', 'こと', 'ある', 'コミュニケーション', '味わう', 'こと', 'なし', 'コミュニケーション', '積極的', '態度', '育成', 'する', 'こと', 'ある', '外国語', '活動', 'おく', '外国語', '用いる', 'コミュニケーション', '図る', '体験', 'する', 'こと', 'ある', '2', '積極的', '外国語', '聞く', '話す', 'する', 'こと', '我が国', 'おく', '外国語', '教育', '中学校', '始まる', 'こと', 'する', 'いる', '従', '来る', 'あいさつ', '自己', '紹介', '音声', '中心', 'する', '活動', '入門', '期', '活動', 'する', '行う', 'いる', 'する', '活動', '適応力', 'ある', '小学校', '段階', 'なじむ', 'ある', '従来', '中学校', '外国語', '指導', 'おく', '聞く', 'こと', '話す', 'こと', '言語', '活動', '重点', '置く', 'こと', 'する', 'いる', '同時', '読む', 'こと', '書く', 'こと', '取り扱う', 'こと', '中学校', '入学', 'する', '段階', '4', '技能', '一度', '取り扱う', '点', '指導', '難しさ', '指摘', 'する', 'いる', '外国語', '活動', '外国語', '学習', 'する', 'こと', '踏まえる', '児童', '負', '担', 'かける', 'ため', '外国語', '聞く', '話す', 'する', 'こと', '活動', '内容', '設', '定', 'する', 'こと', 'する', '3', '言語', '用いる', 'コミュニケーション', '図る', 'こと', '知る', 'こと', '社会', '経済', 'グローバル化', '進展', 'する', '異なる', '文化', '共存', '持続', '発展', '向ける', '国際', '協力', '求める', 'いる', '人材育成', '面', '国際', '競争', '加速', 'する', 'いる', '社会', 'ある', '言語', '用いる', '他者', 'コミュニケーション', '図る', 'いく', 'こと', 'ある', '12']"
2008,activity,5-6,2008_activity,13,pedagogical,"さらに，「１ 目標」で述べたように，現代の子どもたちは自分や他者の感情や思
いを表現したり，受け止めたりする表現力や理解力に乏しいとされる。児童が豊かな
人間関係を築くためには，言語によるコミュニケーション能力を身に付けることが求
められる。そこで，外国語活動では，多くの表現を覚えたり，細かい文法事項を理解
したりすることよりも，実際に言語を用いてコミュニケーションを図る体験を通して，
それらの大切さに気付かせることが重要である。児童に，普段使い慣れていない外国
語を使用させることによって，言語を用いてコミュニケーションを図ることの難しさ
を体験させるとともに，その大切さも実感させることが重要である。
(3) 言語と文化に関する事項
日本と外国との言語や文化について，体験的に理解を深めることができるように，
(1)，(2)，(3)の指導内容をそれぞれ設定した。
(1) 外国語の音声やリズムなどに慣れ親しむとともに，日本語との違いを知り，
言葉の面白さや豊かさに気付くこと。
外国語活動においては，多くの表現を覚えたり，細かい文構造などに関する抽象的
な概念について理解させたりすることは目標としていない。一方，音声面に関しては，
児童の柔軟な適応力を十分生かすことが可能である。
そこで，外国語活動では，外国語のもつ音声やリズムなどに慣れ親しませることが
大切になる。例えば，日本語のミルク（mi-ru-ku）は３音節であるが，英語の milk は
１音節である。これを日本語のようなリズムで発音すると，英語に聞こえず，意味も
伝わらない。そこで，実際に英語で歌ったりチャンツをしたりすることを通して，英
語特有のリズムやイントネーションを体得することにより，児童が日本語と英語との
音声面等の違いに気付くことになる。
また，例えば brother という単語を聞いたり，発音したりすることにより，児童は
日本語にない /r/ や /ð/ の音に触れたり，慣れ親しんだりすることになる。
さらに，brother という単語が，「兄」と「弟」の両方の意味で使えることを知り，
- 13 -","['1', '目標', '述べる', '現代', '子どもたち', '自分', '他者', '感情', '思', '表現', 'する', '受け止める', 'する', '表現力', '理解力', 'する', '児童', '人間関係', '築く', 'ため', '言語', 'よる', 'コミュニケーション', '能力', '身', '付ける', 'こと', '求', '外国語', '活動', '多く', '表現', '覚える', '文法', '事項', '理解', 'する', 'する', 'こと', '実際', '言語', '用いる', 'コミュニケーション', '図る', '体験', '通す', '気付く', 'こと', 'ある', '児童', '普段', '使う', '慣れる', 'いる', '外国', '語', '使用', 'する', 'こと', 'よる', '言語', '用いる', 'コミュニケーション', '図る', 'こと', '難しさ', '体験', 'する', 'とも', '実感', 'する', 'こと', 'ある', '3', '言語', '文化', '関する', '事項', '日本', '外国', '言語', '文化', 'つく', '体験', '理解', '深める', 'こと', 'できる', '1', '2', '3', '指導', '内容', 'それぞれ', '設定', 'する', '1', '外国語', '音声', 'リズム', '慣れ親しむ', 'とも', '日本語', '違い', '知る', '言葉', '気付く', 'こと', '外国語', '活動', 'おく', '多く', '表現', '覚える', '文', '構造', '関する', '抽象的', '概念', 'つく', '理解', 'する', 'する', 'こと', '目標', 'する', 'いる', '音声', '面', '関する', '児童', '適応力', '生かす', 'こと', 'ある', '外国語', '活動', '外国語', 'もつ', '音声', 'リズム', '慣れ親しむ', 'こと', 'なる', '日本語', 'ミルク', 'MI', 'ru', 'ku', '3', '音節', 'ある', '英語', 'MILK', '1', '音節', 'ある', '日本語', 'リズム', '発音', 'する', '英語', '聞こえる', '意味', '伝わる', '実際', '英語', '歌う', 'チャンツ', 'する', 'する', 'こと', '通す', '英', '語', 'リズム', 'イントネーション', '体得', 'する', 'こと', 'よる', '児童', '日本語', '英語', '音声', '面', '違い', '気付く', 'こと', 'なる', 'brother', 'いう', '単語', '聞く', '発音', 'する', 'する', 'こと', 'よる', '児童', '日本語', 'r', 'ð', '音', '触れる', '慣れ親しむ', 'する', 'こと', 'なる', 'brother', 'いう', '単語', '兄', '弟', '両方', '意味', '使える', 'こと', '知る', '13']"
2008,activity,5-6,2008_activity,14,pedagogical,"日本語と英語との意味上の違いについても気付くことができる。
このような体験を通して，日本語との違いを知ることで，言葉の面白さや豊かさに
気付かせることが大切である。
(2) 日本と外国との生活，習慣，行事などの違いを知り，多様なものの見方や考
え方があることに気付くこと。
外国語活動では，外国の文化のみならず我が国の文化を含めたさまざまな国や地域
の生活，習慣，行事などを積極的に取り上げていくことが期待される。また，その際
には，児童にとって身近な日常生活における食生活や遊び，地域の行事などを取り扱
うことが適切である。外国語活動を通して，多様な文化の存在を知り，また，日本の
文化と異文化との比較により，さまざまな見方や考え方があることに気付くとともに，
我が国の文化についても理解が深まることが期待される。これらの事項は，知識とし
て指導するのではなく，体験的な活動を通して具体的に気付かせていくことが大切で
ある。
(3) 異なる文化をもつ人々との交流等を体験し，文化等に対する理解を深めるこ
と。
前項の(2)で触れたように，「日本と外国との生活，習慣，行事などの違いを知り，
多様なものの見方や考え方があることに気付くこと」は，外国語活動における大切な
指導事項である。この事項は，体験的な活動を通して指導されるべきものである。そ
こで，ネイティブ・スピーカー（ＡＬＴや留学生など）や地域に住む外国人など，異
なる文化をもつ人々との交流を通して，体験的に文化等の理解を深めることが大切に
なる。
３ 指導計画の作成と内容の取扱い
- 14 -","['日本語', '英語', '意味', '違い', 'つく', '気付く', 'こと', 'できる', '体験', '通す', '日本語', '違い', '知る', 'こと', '言葉', '気付く', 'こと', 'ある', '2', '日本', '外国', '生活', '習慣', '行事', '違い', '知る', 'もの', '見方', '考', '方', 'ある', 'こと', '気付く', 'こと', '外国語', '活動', '外国', '文化', '我が国', '文化', '含める', '国', '地域', '生活', '習慣', '行事', '積極的', '取り上げる', 'いく', 'こと', '期待', 'する', '際', '児童', 'とる', '日常生活', 'おく', '食生活', '遊ぶ', '地域', '行事', '取る', '扱', 'こと', 'ある', '外国語', '活動', '通す', '文化', '存在', '知る', '日本', '文化', '異文化', '比較', 'よる', '見方', '考え方', 'ある', 'こと', '気付く', 'とも', '我が国', '文化', 'つく', '理解', '深まる', 'こと', '期待', 'する', '事項', '知識', 'する', '指導', 'する', '体験', '活動', '通す', '具体的', '気付く', 'いく', 'こと', 'ある', '3', '異なる', '文化', 'もつ', '人々', '交流', '体験', 'する', '文化', '対する', '理解', '深める', 'こ', '前項', '2', '触れる', '日本', '外国', '生活', '習慣', '行事', '違い', '知る', 'もの', '見方', '考え方', 'ある', 'こと', '気付く', 'こと', '外国語', '活動', 'おく', '指導事項', 'ある', '事項', '体験', '活動', '通す', '指導', 'する', 'もの', 'ある', 'こ', 'ネイティブ', 'スピーカー', 'Alt', '留学生', '地域', '住む', '外国人', '異', '文化', 'もつ', '人々', '交流', '通す', '体験', '文化', '理解', '深める', 'こと', 'なる', '3', '指導', '計画', '作成', '内容', '取扱い', '14']"
2008,activity,5-6,2008_activity,15,pedagogical,"１ 指導計画の作成に当たっては，次の事項に配慮するものとする。
(1) 外国語活動においては，英語を取り扱うことを原則とすること。
外国語のうち，特に「英語を取り扱うことを原則とする」とされているのは，現在
の状況では，英語が世界で広くコミュニケーションの手段として用いられている実態
や，中学校における外国語科は英語を履修することが原則とされていることなどを踏
まえたものである。
「原則とする」とは，学校の創設の趣旨や地域の実情，児童の実態などによって，
英語以外の外国語を取り扱うこともできるということである。
英語以外の外国語を取り扱う場合には，中学校における外国語科との関係にも十分
配慮する必要がある。なお，英語を取り扱う際にも，「外国語を通じて，言語や文化
について体験的に理解を深め」るという目標に資するよう，英語以外のさまざまな外
国語に触れたり，英語圏以外の文化について理解を深めたりするよう工夫を行うこと
は大切である。
(2) 各学校においては，児童や地域の実態に応じて，学年ごとの目標を適切に定
め，２学年間を通して外国語活動の目標の実現を図るようにすること。
この配慮事項は，指導計画の作成に当たって，２学年間を通して外国語活動の目標
の実現を図るため，各学校において学年ごとの目標を適切に定めることの必要性を述
べたものである。
これまでの総合的な学習の時間内での取組などを生かし，児童の実態や地域の実情
に応じて，各学校が主体的に学年ごとの目標を定め，２学年間を通して外国語活動の
目標の実現が図れるよう配慮しているものである。
(3) 第２の内容のうち，主として言語や文化に関する２の内容の指導については，
主としてコミュニケーションに関する１の内容との関連を図るようにすること。
- 15 -","['1', '指導', '計画', '作成', '当たる', '次', '事項', '配慮', 'する', 'もの', 'する', '1', '外国語', '活動', 'おく', '英語', '取り扱う', 'こと', '原則', 'する', 'こと', '外国語', 'うち', '英語', '取り扱う', 'こと', '原則', 'する', 'する', 'いる', '現在', '状況', '英語', '世界', 'コミュニケーション', '手段', 'する', '用いる', 'いる', '実態', '中学校', 'おく', '外国語', '英語', '履修', 'する', 'こと', '原則', 'する', 'いる', 'こと', '踏', 'まえる', 'もの', 'ある', '原則', 'する', '学校', '創設', '趣旨', '地域', '実情', '児童', '実態', 'よる', '英語', '以外', '外国語', '取り扱う', 'こと', 'できる', 'いう', 'こと', 'ある', '英語', '以外', '外国語', '取り扱う', '場合', '中学校', 'おく', '外国語', '関係', '配慮', 'する', '必要', 'ある', '英語', '取り扱う', '際', '外国語', '通ずる', '言語', '文化', 'つく', '体験', '理解', '深める', 'いう', '目標', '資する', '英語', '以外', '外', '国語', '触れる', '英語圏', '以外', '文化', 'つく', '理解', '深める', 'する', '工夫', '行う', 'こと', 'ある', '2', '学校', 'おく', '児童', '地域', '実態', '応ずる', '学年', '目標', '定', 'め', '2', '年間', '通す', '外国語', '活動', '目標', '実現', '図る', 'する', 'こと', '配慮', '事項', '指導', '計画', '作成', '当たる', '2', '年間', '通す', '外国語', '活動', '目標', '実現', '図る', 'ため', '学校', 'おく', '学年', '目標', '定める', 'こと', '必要性', '述', 'べた', 'もの', 'ある', '総合的', '学習', '時間', '取組', '生かす', '児童', '実態', '地域', '実情', '応ずる', '学校', '主体的', '学年', '目標', '定める', '2', '年間', '通す', '外国語', '活動', '目標', '実現', '図れる', '配慮', 'する', 'いる', 'もの', 'ある', '3', '2', '内容', 'うち', '主', 'する', '言語', '文化', '関する', '2', '内容', '指導', 'つく', '主', 'する', 'コミュニケーション', '関する', '1', '内容', '関連', '図る', 'する', 'こと', '15']"
2008,activity,5-6,2008_activity,16,pedagogical,"その際，言語や文化については体験的な理解を図ることとし，指導内容が必要
以上に細部にわたったり，形式的になったりしないようにすること。
この配慮事項では，言語や文化に関する内容の指導の際に留意する点について二点
述べている。
一つは，外国語を用いたコミュニケーションを通して，児童が日本語と外国語との
違いを知り，言葉の面白さや豊かさに気付くようにすることが大切であるということ
である。例えば，外来語を扱った活動を通して，日本語と外国語との音声の違いに気
付かせたり，漢字やアルファベット，さまざまな地域で話される英語を扱った活動を
通して，言葉の表し方の違いや言葉の多様性を知り，言葉の面白さや豊かさに気付か
せることができるのである。
もう一つは，言語や文化についての知識を単に与えるのではなく，言語や文化を題
材にして，児童が実際に外国語を聞いたり話したりするなどコミュニケーションを体
験することを通して，言語や文化について理解することが大切であるということであ
る。日本と外国との生活，習慣，行事などを題材としてコミュニケーションを図った
り，異なる文化をもつ人々と交流したりする体験を通して，児童がそれらの違いを知
り，多様なものの見方や考え方があることに気付くようにすることが重要である。例
えば，世界の食事を扱った活動を通して，国や地域によって食事の習慣が違うことや，
ジェスチャーを扱った活動を通して，同じ意味を表すにも国や地域によってさまざま
な方法があることに気付かせることができるのである。
なお，「必要以上に細部にわたったり，形式的になったりしないようにすること」
とは，例えば，単語を複数形にしたり，冠詞を付けたりすることなどを強調したり，
知識として理解させたりすること，また，機械的に語句や文を暗記させたりすること
などで，児童の自己表現したいという気持ちやコミュニケーションを図ることへの興
味を失わせることのないように留意して指導する必要があることを示している。
(4) 指導内容や活動については，児童の興味・関心にあったものとし，国語科，
音楽科，図画工作科などの他教科等で児童が学習したことを活用するなどの工
- 16 -","['際', '言語', '文化', 'つく', '体験', '理解', '図る', 'こと', 'する', '指導', '内容', '必要', '以上', '細部', 'わたる', '形式的', 'なる', 'する', 'する', 'こと', '配慮', '事項', '言語', '文化', '関する', '内容', '指導', '際', '留意', 'する', '点', 'つく', '二', '点', '述べる', 'いる', '一', '外国語', '用いる', 'コミュニケーション', '通す', '児童', '日本語', '外国語', '違い', '知る', '言葉', '気付く', 'する', 'こと', 'ある', 'いう', 'こと', 'ある', '外来語', '扱う', '活動', '通す', '日本語', '外国語', '音声', '違い', '気', '付く', '漢字', 'アルファベット', '地域', '話す', '英語', '扱う', '活動', '通す', '言葉', '表す', '違い', '言葉', '多様性', '知る', '言葉', '気付く', 'こと', 'できる', 'ある', '一', '言語', '文化', 'つく', '知識', '与える', '言語', '文化', '題', '材', 'する', '児童', '実際', '外国語', '聞く', '話す', 'する', 'コミュニケーション', '体', '験する', 'こと', '通す', '言語', '文化', 'つく', '理解', 'する', 'こと', 'ある', 'いう', 'こと', '日本', '外国', '生活', '習慣', '行事', '題材', 'する', 'コミュニケーション', '図る', '異なる', '文化', 'もつ', '人々', '交流', 'する', 'する', '体験', '通す', '児童', '違い', '知', 'もの', '見方', '考え方', 'ある', 'こと', '気付く', 'する', 'こと', 'ある', '例', '世界', '食事', '扱う', '活動', '通す', '国', '地域', 'よる', '食事', '習慣', '違う', 'こと', 'ジェスチャー', '扱う', '活動', '通す', '意味', '表す', '国', '地域', 'よる', '方法', 'ある', 'こと', '気付く', 'こと', 'できる', 'ある', '必要', '以上', '細部', 'わたる', '形式的', 'なる', 'する', 'する', 'こと', '単語', '複数形', 'する', '冠詞', '付ける', 'する', 'こと', '強調', 'する', '知識', 'する', '理解', 'する', 'する', 'こと', '機械的', '語句', '文', '暗記', 'する', 'する', 'こと', '児童', '自己', '表現', 'する', 'いう', '気持ち', 'コミュニケーション', '図る', 'こと', '興', '味', '失う', 'こと', '留意', 'する', '指導', 'する', '必要', 'ある', 'こと', '示す', 'いる', '4', '指導', '内容', '活動', 'つく', '児童', '興味', '関心', 'ある', 'もの', 'する', '国語科', '音楽科', '図画工作', '他', '教科', '児童', '学習', 'する', 'こと', '活用', 'する', '工', '16']"
2008,activity,5-6,2008_activity,17,pedagogical,"夫により，指導の効果を高めるようにすること。
この配慮事項は，指導内容や活動の取扱いについて，留意すべき点を述べている。
これは，児童が進んでコミュニケーションを図りたいと思うような，興味・関心の
ある題材や活動を扱うことが大切であるということである。
外国語活動の目標を実現するためには，児童にコミュニケーションを体験させる必
要がある。そこで，児童が興味・関心を示す題材を取り扱い，児童がやってみたいと
思うような活動を通して，積極的にコミュニケーションを図ろうとする態度を養うこ
とが大切である。
また，外国語活動の目標を踏まえると，広く言語教育として，国語教育をはじめと
した学校におけるすべての教育活動と積極的に結び付けることが大切である。
さらに，児童が国語科，音楽科，図画工作科などの他教科等で得た知識や体験など
を生かして活動を展開することで，児童の知的好奇心を更に刺激することにもなる。
国語科との関連については，日本語とは異なる外国語の音声や基本的な表現に慣れ
親しませることで，言葉の大切さや豊かさに気付かせ，言語に対する関心を高め，こ
れを尊重する態度を身に付けさせることにつながるものであることから，国語力向上
にも相乗的に資するように教育内容を組み立てることが求められる。例えば，外来語
の成り立ちや語源である外国語との違いに気付かせたり，発表などを通して，話し手
の意図をとらえながら聞き，自分の考えと比べることができるようにしたりするなど
の工夫が考えられる。
音楽科では，低学年でリズムをとったり，つくったりしており，中学年・高学年で
は，音楽を特徴付けている要素としてのリズムに気を付けて音楽鑑賞をしたりしてい
る。例えば，こうした学習が，チャンツや歌などの外国語の音声やリズムに慣れ親し
む活動の中で生かされることによって，一層外国語に慣れ親しむことができるように
するなどの工夫が考えられる。
また，図画工作科では，見たこと，感じたこと，想像したこと，伝えたいことを絵
や立体に表現したり，工作に表したりする学習をしている。そこで，こうした学習を
通して児童が作成した作品を，ショー・アンド・テル（発表活動）の中で他の児童に
- 17 -","['夫', 'よる', '指導', '効果', '高める', 'する', 'こと', '配慮', '事項', '指導', '内容', '活動', '取扱い', 'つく', '留意', 'す', '点', '述べる', 'いる', '児童', '進む', 'コミュニケーション', '図る', '思う', '興味', '関心', '題材', '活動', '扱う', 'こと', 'ある', 'いう', 'こと', 'ある', '外国語', '活動', '目標', '実現', 'する', 'ため', '児童', 'コミュニケーション', '体験', 'する', '要', 'ある', '児童', '興味', '関心', '示す', '題材', '取り扱う', '児童', 'やる', 'みる', '思う', '活動', '通す', '積極的', 'コミュニケーション', '図る', 'する', '態度', '養う', 'こ', 'ある', '外国語', '活動', '目標', '踏まえる', '言語', '教育', 'する', '国語', '教育', 'はじめ', 'する', '学校', 'おく', 'すべて', '教育', '活動', '積極的', '結び付ける', 'こと', 'ある', '児童', '国語科', '音楽科', '図画工作', '他', '教科', '得る', '知識', '体験', '生かす', '活動', '展開', 'する', 'こと', '児童', '好奇心', '刺激', 'する', 'こと', 'なる', '国語科', '関連', 'つく', '日本語', '異なる', '外国語', '音声', '基本的', '表現', '慣れる', '親しむ', 'こと', '言葉', '気付く', '言語', '対する', '関心', '高める', 'こ', '尊重', 'する', '態度', '身', '付ける', 'こと', 'つながる', 'もの', 'ある', 'こと', '国語', '向上', '相乗', '資する', '教育', '内容', '組み立てる', 'こと', '求める', '外来語', '成り立ち', '語源', 'ある', '外国語', '違い', '気付く', '発表', '通す', '話し手', '意図', 'とらえる', '聞く', '自分', '考え', '比べる', 'こと', 'できる', 'する', 'する', '工夫', '考える', '音楽科', '低学年', 'リズム', 'とる', 'つくる', 'する', 'おる', '中学年', '高学年', '音楽', '特徴', '付ける', 'いる', '要素', 'する', 'リズム', '気', '付ける', '音楽', '鑑賞', 'する', 'する', 'いる', 'する', '学習', 'チャンツ', '歌', '外国語', '音声', 'リズム', '慣れる', '親', 'する', '活動', '中', '生かす', 'こと', 'よる', '外国語', '慣れ親しむ', 'こと', 'できる', 'する', '工夫', '考える', '図画工作', '見る', 'こと', '感ずる', 'こと', '想像', 'する', 'こと', '伝える', 'こと', '絵', '立体', '表現', 'する', '工作', '表す', 'する', '学習', 'する', 'いる', 'する', '学習', '通す', '児童', '作成', 'する', '作品', 'ショー', 'アンド', 'テル', '発表', '活動', '中', '他', '児童', '17']"
2008,activity,5-6,2008_activity,18,pedagogical,"紹介するなどして，児童の外国語活動への興味・関心を一層高めることができると思
われる。
このように，他教科等の学習の成果を，外国語活動の中に適切に生かすためには，
相互の関連について検討し，指導計画に位置付けることが必要である。
(5) 指導計画の作成や授業の実施については，学級担任の教師又は外国語活動を
担当する教師が行うこととし，授業の実施に当たっては，ネイティブ・スピー
たん
カーの活用に努めるとともに，地域の実態に応じて，外国語に堪能な地域の人
々の協力を得るなど，指導体制を充実すること。
前項の(4)では，外国語活動の目標から，児童が進んでコミュニケーションを図り
たいと思うような，興味・関心のある題材や活動を扱うことが大切であるということ
を述べた。このような題材や活動を設定するためには，児童のことをよく理解してい
ることが前提となる。また，児童が初めて出会う外国語への不安を取り除き，新しい
ものへ挑戦する気持ちや失敗を恐れない雰囲気を作り出すためには，豊かな児童理解
と高まり合う学習集団作りとが指導者に求められる。このようなことから，外国語活
動においても学級担任の教師の存在は欠かせない。また，外国語活動を専門に担当す
る教師が授業を行う場合にも，学級担任の教師と同様に初等教育や児童を理解し，授
業を実施することが大切である。
以上のことから，学級担任の教師または外国語活動を専門に担当する教師が指導計
画の作成や授業の実施を行うことが求められるのである。
しかしながら，外国語活動を実施する際に，児童に活発なコミュニケーションの場
を与えたり，さまざまな国や地域の文化を児童に理解させるなど，国際理解教育の推
進を図ったりするためには，指導者に，ある程度，英語をはじめとする外国語を聞い
たり話したりするスキルや，さまざまな国や地域の文化についての知識や理解が求め
られる側面もあることから，ネイティブ・スピーカーや，外国生活の経験者，海外事
情に詳しい人々，外国語に堪能な人々の協力を得ることも必要と考えられる。外国語
活動の目標の実現のためには，児童に外国語を使ってコミュニケーションを図る体験
- 18 -","['紹介', 'する', 'する', '児童', '外国語', '活動', '興味', '関心', '高める', 'こと', 'できる', '思る', 'われる', '他', '教科', '学習', '成果', '外国語', '活動', '中', '生かす', 'ため', '相互', '関連', 'つく', '検討', 'する', '指導', '計画', '位置', '付ける', 'こと', '必要', 'ある', '5', '指導', '計画', '作成', '授業', '実施', 'つく', '学級', '担任', '教師', '外国語', '活動', '担当', 'する', '教師', '行う', 'こと', 'する', '授業', '実施', '当たる', 'ネイティブ', 'スピー', 'たん', 'カー', '活用', '努める', 'とも', '地域', '実態', '応ずる', '外国語', '堪能', '地域', '人', '協力', '得る', '指導', '体制', '充実', 'する', 'こと', '前項', '4', '外国語', '活動', '目標', '児童', '進む', 'コミュニケーション', '図る', '思う', '興味', '関心', 'ある', '題材', '活動', '扱う', 'こと', 'ある', 'いう', 'こと', '述べる', '題材', '活動', '設定', 'する', 'ため', '児童', 'こと', '理解', 'する', 'いる', 'こと', '前提', 'なる', '児童', '出会う', '外国語', '不安', '取り除く', 'もの', '挑戦', 'する', '気持ち', '失敗', '恐れる', '雰囲気', '作り出す', 'ため', '児童', '理解', '高まる', '合う', '学習', '集団', '作り', '指導者', '求める', 'こと', '外国語', '活', '動', 'おく', '学級', '担任', '教師', '存在', '欠かせる', '外国語', '活動', '専門', '担当', 'す', '教師', '授業', '行う', '場合', '学級', '担任', '教師', '初等', '教育', '児童', '理解', 'する', '授', '業', '実施', 'する', 'こと', 'ある', '以上', 'こと', '学級', '担任', '教師', '外国語', '活動', '専門', '担当', 'する', '教師', '指導', '画', '作成', '授業', '実施', '行う', 'こと', '求める', 'ある', '外国語', '活動', '実施', 'する', '際', '児童', 'コミュニケーション', '場', '与える', '国', '地域', '文化', '児童', '理解', 'する', '国際', '理解', '教育', '推', '進', '図る', 'する', 'ため', '指導者', '程度', '英語', 'はじめ', 'する', '外国語', '聞く', '話す', 'する', 'スキル', '国', '地域', '文化', 'つく', '知識', '理解', '求める', '側面', 'ある', 'こと', 'ネイティブ', 'スピーカー', '外国', '生活', '経験者', '海外', '情', '人々', '外国語', '堪能', '人々', '協力', '得る', 'こと', '必要', '考える', '外国語', '活動', '目標', '実現', 'ため', '児童', '外国語', '使う', 'コミュニケーション', '図る', '体験', '18']"
2008,activity,5-6,2008_activity,19,pedagogical,"をさせることが必要であり，その体験を通して，児童に自分の思いが相手に通じた，
あるいは，相手の思いが分かったという，言語によるコミュニケーションの楽しさを
味わわせることが求められる。
前述のような観点から，特に指導計画の作成や授業の全体的なマネジメントについ
ては，学級担任の教師や外国語活動を専門に担当する教師が中心となって外国語活動
を進めることが大切ではあるが，授業における外国語を用いた具体的な活動の場面で
は，ネイティブ・スピーカーや外国語が堪能な人々とのコミュニケーションを取り入
れることで，児童の外国語を使ってコミュニケーションを図ろうとする意欲を一層高
めることにもなると考える。
(6) 音声を取り扱う場合には，ＣＤ，ＤＶＤなどの視聴覚教材を積極的に活用す
ること。その際，使用する視聴覚教材は，児童，学校及び地域の実態を考慮し
て適切なものとすること。
外国語活動の内容としての，外国語の音声やリズムに慣れ親しませる指導に際して
は，児童に外国語の音声に触れさせることも大切である。しかし，ネイティブ・スピ
ーカーや外国語に堪能な人々の協力が得にくい学校や地域もありうることや，外国語
を初めて学習する段階に当たる外国語活動では，ジェスチャーや表情などの視覚情報
もコミュニケーションを図る際には大切な要素となってくることを踏まえると，ＣＤ，
ＤＶＤなどの視聴覚教材の積極的な活用も極めて有効である。その際，さまざまな視
聴覚教材が手に入ることを考えると，それらを使う目的を明確にし，児童や学校及び
地域の実態に応じたものを選択することが大切である。例えば，音声中心でコミュニ
ケーションを体験させ，異文化理解を図ることを求めている外国語活動では，児童に
とって身近なネイティブ・スピーカーの音声で作成されたものや，我が国も含めたさ
まざまな国や地域の行事等を紹介したものを活用することも考えられる。過度に文字
を習得させることや，簡単な定型対話文を過度に暗記させ演じさせることなどを目的
にしたものを活用することは，外国語活動の目標にそぐわない。
- 19 -","['する', 'こと', '必要', 'ある', '体験', '通す', '児童', '自分', '思い', '相手', '通ずる', '相手', '思い', '分かる', 'いう', '言語', 'よる', 'コミュニケーション', '味わう', 'こと', '求める', '前述', '観点', '指導', '計画', '作成', '授業', '全体的', 'マネジメント', 'つく', '学級', '担任', '教師', '外国語', '活動', '専門', '担当', 'する', '教師', '中心', 'なる', '外国語', '活動', '進める', 'こと', 'ある', '授業', 'おく', '外国語', '用いる', '具体的', '活動', '場面', 'ネイティブ', 'スピーカー', '外国語', '人々', 'コミュニケーション', '取る', '入', 'こと', '児童', '外国語', '使う', 'コミュニケーション', '図る', 'する', '意欲', 'め', 'こと', 'なる', '考える', '6', '音声', '取り扱う', '場合', 'CD', 'DVD', '視聴覚', '教材', '積極的', '活用', 'す', 'こと', '際', '使用', 'する', '視聴覚', '教材', '児童', '学校', '地域', '実態', '考慮', 'する', 'もの', 'する', 'こと', '外国語', '活動', '内容', 'する', '外国語', '音声', 'リズム', '慣れ親しむ', '指導', '際する', '児童', '外国語', '音声', '触れる', 'こと', 'ある', 'ネイティブ', 'スピ', 'カー', '外国語', '堪能', '人々', '協力', '得る', '学校', '地域', 'ある', 'うる', 'こと', '外国語', '学習', 'する', '段階', '当たる', '外国語', '活動', 'ジェスチャー', '表情', '視覚', '情報', 'コミュニケーション', '図る', '際', '要素', 'なる', 'くる', 'こと', '踏まえる', 'CD', 'DVD', '視聴覚', '教材', '積極的', '活用', 'ある', '際', '聴覚', '教材', '手', '入る', 'こと', '考える', '使う', '目的', 'する', '児童', '学校', '地域', '実態', '応ずる', 'もの', '選択', 'する', 'こと', 'ある', '音声', '中心', 'コミュニ', 'ケーション', '体験', 'する', '異文化', '理解', '図る', 'こと', '求める', 'いる', '外国語', '活動', '児童', 'とる', 'ネイティブ', 'スピーカー', '音声', '作成', 'する', 'もの', '我が国', '含める', 'ざま', '国', '地域', '行事', '紹介', 'する', 'もの', '活用', 'する', 'こと', '考える', '文字', '習得', 'する', 'こと', '定型', '対話', '文', '暗記', 'する', '演ずる', 'こと', '目的', 'する', 'もの', '活用', 'する', 'こと', '外国語', '活動', '目標', 'そぐう', '19']"
2008,activity,5-6,2008_activity,20,pedagogical,"(7) 第１章総則の第１の２及び第３章道徳の第１に示す道徳教育の目標に基づき，
道徳の時間などとの関連を考慮しながら，第３章道徳の第２に示す内容につい
て，外国語活動の特質に応じて適切な指導をすること。
学習指導要領の第１章総則の第１の２においては，「学校における道徳教育は，道
かなめ
徳の時間を 要 として学校の教育活動全体を通じて行うものであり，道徳の時間はも
とより，各教科，外国語活動，総合的な学習の時間及び特別活動のそれぞれの特質に
応じて，児童の発達の段階を考慮して，適切な指導を行わなければならない」と規定
されている。
これを受けて，外国語活動の指導においては，その特質に応じて，道徳について適
切に指導する必要があることを示すものである。
外国語活動における道徳教育の指導においては，学習活動や学習態度への配慮，教
師の態度や行動による感化とともに，以下に示すような外国語活動の目標と道徳教育
との関連を明確に意識しながら，適切な指導を行う必要がある。
外国語活動においては，目標を「外国語を通じて，言語や文化について体験的に理
解を深め，積極的にコミュニケーションを図ろうとする態度の育成を図り，外国語の
音声や基本的な表現に慣れ親しませながら，コミュニケーション能力の素地を養う。」
と示している。
外国語を通じて，言語や文化について体験的に理解を深めることは，日本人として
の自覚をもって世界の人々と親善に努めることにつながるものである。
かなめ
次に，道徳教育の 要 としての道徳の時間の指導との関連を考慮する必要がある。
外国語活動で扱った内容や教材の中で適切なものを，道徳の時間に活用することが効
果的な場合もある。また，道徳の時間で取り上げたことに関係のある内容や教材を外
国語活動で扱う場合には，道徳の時間における指導の成果を生かすように工夫するこ
とも考えられる。そのためにも，外国語活動の年間指導計画の作成などに際して，道
徳教育の全体計画との関連，指導の内容及び時期等に配慮し，両者が相互に効果を高
め合うようにすることが大切である。
- 20 -","['7', '1', '章', '総則', '1', '2', '3', '章', '道徳', '1', '示す', '道徳', '教育', '目標', '基づく', '道徳', '時間', '関連', '考慮', 'する', '3', '章', '道徳', '2', '示す', '内容', 'つく', '外国語', '活動', '特質', '応ずる', '指導', 'する', 'こと', '学習指導', '要領', '1', '章', '総則', '1', '2', 'おく', '学校', 'おく', '道徳', '教育', '道', 'かなめ', '徳', '時間', '要', 'する', '学校', '教育', '活動', '全体', '通ずる', '行う', 'もの', 'ある', '道徳', '時間', '教科', '外国語', '活動', '総合的', '学習', '時間', '活動', 'それぞれ', '特質', '応ずる', '児童', '発達', '段階', '考慮', 'する', '指導', '行う', 'なる', '規定', 'する', 'いる', '受ける', '外国語', '活動', '指導', 'おく', '特質', '応ずる', '道徳', 'つく', '適', '指導', 'する', '必要', 'ある', 'こと', '示す', 'もの', 'ある', '外国語', '活動', 'おく', '道徳', '教育', '指導', 'おく', '学習', '活動', '学習', '態度', '配慮', '教', '師', '態度', '行動', 'よる', '感化', 'とも', '以下', '示す', '外国語', '活動', '目標', '道徳', '教育', '関連', '意識', 'する', '指導', '行う', '必要', 'ある', '外国語', '活動', 'おく', '目標', '外国語', '通ずる', '言語', '文化', 'つく', '体験', '理', '解', '深める', '積極的', 'コミュニケーション', '図る', 'する', '態度', '育成', '図る', '外国語', '音声', '基本的', '表現', '慣れ親しむ', 'コミュニケーション', '能力', '素地', '養う', '示す', 'いる', '外国語', '通ずる', '言語', '文化', 'つく', '体験', '理解', '深める', 'こと', '日本人', 'する', '自覚', 'もつ', '世界', '人々', '親善', '努める', 'こと', 'つながる', 'もの', 'ある', 'かなめ', '次', '道徳', '教育', '要', 'する', '道徳', '時間', '指導', '関連', '考慮', 'する', '必要', 'ある', '外国語', '活動', '扱う', '内容', '教材', '中', 'もの', '道徳', '時間', '活用', 'する', 'こと', '効', '果', '場合', 'ある', '道徳', '時間', '取り上げる', 'こと', '関係', 'ある', '内容', '教材', '外', '国語', '活動', '扱う', '場合', '道徳', '時間', 'おく', '指導', '成果', '生かす', '工夫', 'する', 'こ', '考える', 'ため', '外国語', '活動', '年間', '指導', '計画', '作成', '際する', '道', '徳', '教育', '全体', '計画', '関連', '指導', '内容', '時期', '配慮', 'する', '両者', '相互', '効果', 'め', '合う', 'する', 'こと', 'ある', '20']"
2008,activity,5-6,2008_activity,21,pedagogical,"２ 第２の内容の取扱いについては，次の事項に配慮するものとする。
(1) ２学年間を通じ指導に当たっては，次のような点に配慮するものとする。
今回の学習指導要領では，第２の内容が２学年間一括して示されている。そのため，
内容の取扱いについて，２学年間を通して配慮すべき事項と各学年の指導において配
慮すべき事項とをそれぞれ示している。前者については次の５項目となっている。
ア 外国語でのコミュニケーションを体験させる際には，児童の発達の段階を
考慮した表現を用い，児童にとって身近なコミュニケーションの場面を設定
すること。
この配慮事項では，外国語でのコミュニケーションを体験させる際には，児童の発
達の段階を考慮して表現を選定するとともに，児童にとって身近なコミュニケーショ
ンの場面を設定し，児童が積極的にコミュニケーションを図ることができるように指
導することの必要性を述べている。
外国語を初めて学習する段階であることを踏まえると，外来語など児童が聞いたこ
とのある表現や身近な内容を活用し，高学年の児童の発達の段階や興味・関心にあっ
た身近なコミュニケーションの場面で，外国語でのコミュニケーションを体験させる
ことが大切である。
その際には，児童の発達の段階を考慮せず，過度に複雑なコミュニケーションを目
指そうとするあまり，児童に対して過度の負担を強いることのないように配慮したい。
また，例えば，将来の夢を扱った場合に，指導前に児童はどのような夢をもってい
るのかを調べるなど，児童の主体的な自己表現を促すよう配慮する必要がある。
取り扱う表現や単語については，地域の実情や児童の実態を踏まえて，複雑になら
ないように，例えば，理解にとどめるものとそうでないものとを示し，指導において
留意することも考えられる。
イ 外国語でのコミュニケーションを体験させる際には，音声面を中心とし，
- 21 -","['2', '2', '内容', '取扱い', 'つく', '次', '事項', '配慮', 'する', 'もの', 'する', '1', '2', '年間', '通ずる', '指導', '当たる', '次', '点', '配慮', 'する', 'もの', 'する', '今回', '学習指導', '要領', '2', '内容', '2', '年間', '一括', 'する', '示す', 'いる', 'ため', '内容', '取扱い', 'つく', '2', '年間', '通す', '配慮', 'す', '事項', '学年', '指導', 'おく', '配', '慮', 'す', '事項', 'それぞれ', '示す', 'いる', '前者', 'つく', '次', '5', '項目', 'なる', 'いる', 'ア', '外国語', 'コミュニケーション', '体験', 'する', '際', '児童', '発達', '段階', '考慮', 'する', '表現', '用いる', '児童', 'とる', 'コミュニケーション', '場面', '設定', 'する', 'こと', '配慮', '事項', '外国語', 'コミュニケーション', '体験', 'する', '際', '児童', '段階', '考慮', 'する', '表現', '選定', 'する', 'とも', '児童', 'とる', 'コミュニケーショ', '場面', '設定', 'する', '児童', '積極的', 'コミュニケーション', '図る', 'こと', 'できる', '指', '導', 'する', 'こと', '必要性', '述べる', 'いる', '外国語', '学習', 'する', '段階', 'ある', 'こと', '踏まえる', '外来語', '児童', '聞く', 'ある', '表現', '内容', '活用', 'する', '高学年', '児童', '発達', '段階', '興味', '関心', 'コミュニケーション', '場面', '外国語', 'コミュニケーション', '体験', 'する', 'こと', 'ある', '際', '児童', '発達', '段階', '考慮', 'する', '複雑', 'コミュニケーション', '目', '指す', 'する', 'あまり', '児童', '対する', '負担', '強いる', 'こと', '配慮', 'する', '将来', '夢', '扱う', '場合', '指導', '前', '児童', '夢', 'もつ', 'いる', '調べる', '児童', '主体的', '自己', '表現', '促す', '配慮', 'する', '必要', 'ある', '取り扱う', '表現', '単語', 'つく', '地域', '実情', '児童', '実態', '踏まえる', '複雑', '理解', 'とどめる', 'もの', 'もの', '示す', '指導', 'おく', '留意', 'する', 'こと', '考える', 'イ', '外国語', 'コミュニケーション', '体験', 'する', '際', '音声', '面', '中心', 'する', '21']"
2008,activity,5-6,2008_activity,22,pedagogical,"アルファベットなどの文字や単語の取扱いについては，児童の学習負担に配
慮しつつ，音声によるコミュニケーションを補助するものとして用いること。
この配慮事項では，外国語活動の指導においては，聞くこと，話すこと，読むこと，
書くことの４技能の中で，あくまで音声によるコミュニケーションを重視し，聞くこ
と，話すことを中心とする豊かなコミュニケーションを体験させることが大切である
ということを示している。
音声面の指導については，さまざまな工夫をしながら聞くことの時間を確保し，日
本語とは違った外国語の音声やリズムなどに十分慣れさせるとともに，聞き慣れた表
現から話すようにさせるなど，児童にとって過度の負担にならないように指導するこ
とが大切である。
また，コミュニケーションを体験させることを踏まえ，単なる表現の繰り返しの活
動だけではなく，コミュニケーションの場面に応じた表現ができるようにするにはど
うすればよいかなど，実際のコミュニケーションの体験の中で児童に気付かせたり考
えさせたりする必要がある。
アルファベットなどの文字の指導については，例えば，アルファベットの活字体の
大文字及び小文字に触れる段階にとどめるなど，中学校外国語科の指導とも連携させ，
児童に対して過度の負担を強いることなく指導する必要がある。さらに，読むこと及
び書くことについては，音声面を中心とした指導を補助する程度の扱いとするよう配
慮し，聞くこと及び話すこととの関連をもたせた指導をする必要がある。
外国語を初めて学習する段階であることを踏まえると，アルファベットなどの文字
指導は，外国語の音声に慣れ親しんだ段階で開始するように配慮する必要がある。さ
らに，発音と綴りとの関係については，中学校学習指導要領により中学校段階で扱う
ものとされており，小学校段階では取り扱うこととはしていない。
ウ 言葉によらないコミュニケーションの手段もコミュニケーションを支える
ものであることを踏まえ，ジェスチャーなどを取り上げ，その役割を理解さ
せるようにすること。
- 22 -","['アルファベット', '文字', '単語', '取扱い', 'つく', '児童', '学習', '負担', '配', '慮', 'する', '音声', 'よる', 'コミュニケーション', '補助', 'する', 'もの', 'する', '用いる', 'こと', '配慮', '事項', '外国語', '活動', '指導', 'おく', '聞く', 'こと', '話す', 'こと', '読む', 'こと', '書く', 'こと', '4', '技能', '中', '音声', 'よる', 'コミュニケーション', '重視', 'する', '聞く', 'こ', '話す', 'こと', '中心', 'する', 'コミュニケーション', '体験', 'する', 'こと', 'ある', 'いう', 'こと', '示す', 'いる', '音声', '面', '指導', 'つく', '工夫', 'する', '聞く', 'こと', '時間', '確保', 'する', '日', '語', '違う', '外国語', '音声', 'リズム', '慣れる', 'とも', '聞く', '慣れる', '表', '現', '話す', 'する', '児童', 'とる', '負担', 'なる', '指導', 'する', 'こ', 'ある', 'コミュニケーション', '体験', 'する', 'こと', '踏まえる', '表現', '繰り返し', '動', 'コミュニケーション', '場面', '応ずる', '表現', 'できる', 'する', 'する', '実際', 'コミュニケーション', '体験', '中', '児童', '気付く', '考', 'する', 'する', '必要', 'ある', 'アルファベット', '文字', '指導', 'つく', 'アルファベット', '活字体', '大文字', '小文字', '触れる', '段階', 'とどめる', '中学校', '外国語', '指導', '連携', 'する', '児童', '対する', '負担', '強いる', 'こと', '指導', 'する', '必要', 'ある', '読む', 'こと', '書く', 'こと', 'つく', '音声', '面', '中心', 'する', '指導', '補助', 'する', '程度', '扱い', 'する', '配', '慮', 'する', '聞く', 'こと', '話す', 'こと', '関連', 'もつ', '指導', 'する', '必要', 'ある', '外国語', '学習', 'する', '段階', 'ある', 'こと', '踏まえる', 'アルファベット', '文字', '指導', '外国語', '音声', '慣れ親しむ', '段階', '開始', 'する', '配慮', 'する', '必要', 'ある', '発音', '綴り', '関係', 'つく', '中学校', '学習指導', '要領', 'よる', '中学校', '段階', '扱う', 'もの', 'する', 'おる', '小学校', '段階', '取り扱う', 'こと', 'する', 'いる', 'ウ', '言葉', 'よる', 'コミュニケーション', '手段', 'コミュニケーション', '支える', 'もの', 'ある', 'こと', '踏まえる', 'ジェスチャー', '取り上げる', '役割', '理解', 'する', 'こと', '22']"
2008,activity,5-6,2008_activity,23,pedagogical,"この配慮事項では，外国語でのコミュニケーションを体験させる際に，音声による
コミュニケーションだけでなく，ジェスチャーや表情などを手がかりとすることで，
相手の意図をより正確に理解したり，ジェスチャーや表情などを加えて話すことで，
自分の思いをより正確に伝えたりすることができることなど，言葉によらないコミュ
ニケーションの役割を理解するように指導することの必要性を述べている。
特に，外国語を初めて学習する段階における指導においては，児童が自ら理解した
り運用したりできる表現が限られているため，ジェスチャーなどを活用して表現させ
るなど，コミュニケーションを図る楽しさを体験させるようにする。
また，ジェスチャーには，同じ意味を表すものでも，その方法が地域によって違う
ものがあったり，逆に表情については，地域が違っていてもよく似た意味であったり
するなど，ジェスチャーや表情を比較する中で，日本と外国との違いに気付かせ，多
様なものの見方や考え方があることに気付かせるように配慮する必要がある。
エ 外国語活動を通して，外国語や外国の文化のみならず，国語や我が国の文
化についても併せて理解を深めることができるようにすること。
外国語活動を通して，さまざまな国の生活や文化と我が国の生活や文化との共通点
や相違点に気付くようにするとともに，言語や文化に関心をもち，尊重できる態度を
育成することが大切である。特に，外国語や外国の文化を扱う際には，さまざまな言
語に触れたり，人々の日常生活に密着した生活文化や学校に関するものなど幅広い題
材を取り扱ったりすることで，児童の興味・関心を踏まえ，特定のものに偏らないよ
うに心がけることが重要である。同時に，国語や我が国の文化について理解を深める
ことができるような指導を大切にしたい。例えば，さまざまな言語での「あいさつ」，
「数の数え方」，「遊び」，「文字」などを扱うことで， 日本のお辞儀の習慣やひらが
な，カタカナ，漢字などの文字，じゃんけんなど，共通点や相違点に気付かせること
もできる。その際には，知識の伝達に偏らないように注意する必要がある。
これらの活動を通して，児童が国語や我が国の文化に対する理解を深め，世界の人
- 23 -","['配慮', '事項', '外国語', 'コミュニケーション', '体験', 'する', '際', '音声', 'よる', 'コミュニケーション', 'ジェスチャー', '表情', '手がかり', 'する', 'こと', '相手', '意図', '正確', '理解', 'する', 'ジェスチャー', '表情', '加える', '話す', 'こと', '自分', '思い', '正確', '伝える', 'する', 'こと', 'できる', 'こと', '言葉', 'よる', 'コミュ', 'ニケーション', '役割', '理解', 'する', '指導', 'する', 'こと', '必要性', '述べる', 'いる', '外国語', '学習', 'する', '段階', 'おく', '指導', 'おく', '児童', '自ら', '理解', 'する', '運用', 'する', 'できる', '表現', '限る', 'いる', 'ため', 'ジェスチャー', '活用', 'する', '表現', 'する', 'コミュニケーション', '図る', '体験', 'する', 'する', 'ジェスチャー', '意味', '表す', 'もの', '方法', '地域', 'よる', '違う', 'もの', 'ある', '逆', '表情', 'つく', '地域', '違う', 'いる', '似る', '意味', 'ある', 'する', 'ジェスチャー', '表情', '比較', 'する', '中', '日本', '外国', '違い', '気付く', 'もの', '見方', '考え方', 'ある', 'こと', '気付く', '配慮', 'する', '必要', 'ある', 'エ', '外国語', '活動', '通す', '外国語', '外国', '文化', '国語', '我が国', '文', 'つく', '併せる', '理解', '深める', 'こと', 'できる', 'する', 'こと', '外国語', '活動', '通す', '国', '生活', '文化', '我が国', '生活', '文化', '共通点', '相違点', '気付く', 'する', 'とも', '言語', '文化', '関心', 'もつ', '尊重', 'できる', '態度', '育成', 'する', 'こと', 'ある', '外国語', '外国', '文化', '扱う', '際', '言', '語', '触れる', '人々', '日常生活', '密着', 'する', '生活', '文化', '学校', '関する', 'もの', '題', '材', '取り扱う', 'する', 'こと', '児童', '興味', '関心', '踏まえる', '特定', 'もの', '偏る', 'うに', '心がける', 'こと', 'ある', '同時', '国語', '我が国', '文化', 'つく', '理解', '深める', 'こと', 'できる', '指導', 'する', '言語', 'あいさつ', '数', '数え方', '遊び', '文字', '扱う', 'こと', '日本', 'お辞儀', '習慣', 'ひら', 'カタカナ', '漢字', '文字', 'じゃんけん', '共通点', '相違点', '気付く', 'こと', 'できる', '際', '知識', '伝達', '偏る', '注意', 'する', '必要', 'ある', '活動', '通す', '児童', '国語', '我が国', '文化', '対する', '理解', '深める', '世界', '人', '23']"
2008,activity,5-6,2008_activity,24,pedagogical,"々と相互の立場を尊重，協調しながら交流を行っていけるようにすることをねらいと
している。
オ 外国語でのコミュニケーションを体験させるに当たり，主として次に示す
ようなコミュニケーションの場面やコミュニケーションの働きを取り上げる
ようにすること。
この配慮事項では，「コミュニケーションの場面」や「コミュニケーションの働き」
について，特に具体例を示している。これは，日常の授業において，コミュニケーシ
ョンの場面の設定や，コミュニケーションの働きを意識した指導を行う際の手がかり
となるようにするためである。
「コミュニケーションの場面」とは，コミュニケーションが行われる場面を表して
いる。これは「特有の表現がよく使われる場面」と「児童の身近な暮らしにかかわる
場面」の二つに分けて具体例を示した。
「コミュニケーションの働き」とは，コミュニケーションを図ることで達成できる
ことを表している。具体的には「相手との関係を円滑にする」，「気持ちを伝える」，
「事実を伝える」，「考えや意図を伝える」及び「相手の行動を促す」であり，それ
ぞれ代表的な例を示した。
なお，これらの例示は，外国語でのコミュニケーションを体験させる際の指導に当
たって取り上げる例であり，これらの例に限定する趣旨で示したものではない。
〔コミュニケーションの場面の例〕
(ｱ) 特有の表現がよく使われる場面
・ あいさつ ・ 自己紹介 ・ 買物
・ 食事 ・ 道案内 など
以下に，それぞれのコミュニケーションの場面における特有の表現について，英語
の例を示す。
- 24 -","['相互', '立場', '尊重', '協調', 'する', '交流', '行う', 'いける', 'する', 'こと', 'ねらい', 'する', 'いる', '外国語', 'コミュニケーション', '体験', 'する', '当たる', '主', 'する', '次', '示す', 'コミュニケーション', '場面', 'コミュニケーション', '働き', '取り上げる', 'する', 'こと', '配慮', '事項', 'コミュニケーション', '場面', 'コミュニケーション', '働き', 'つく', '具体例', '示す', 'いる', '日常', '授業', 'おく', 'コミュニケーシ', '場面', '設定', 'コミュニケーション', '働き', '意識', 'する', '指導', '行う', '際', '手がかり', 'なる', 'する', 'ため', 'ある', 'コミュニケーション', '場面', 'コミュニケーション', '行う', '場面', '表す', 'いる', '表現', '使う', '場面', '児童', '暮らし', 'かかわる', '場面', '二', '分ける', '具体例', '示す', 'コミュニケーション', '働き', 'コミュニケーション', '図る', 'こと', '達成', 'できる', 'こと', '表す', 'いる', '具体的', '相手', '関係', 'する', '気持ち', '伝える', '事実', '伝える', '考え', '意図', '伝える', '相手', '行動', '促す', 'ある', '代表的', '例', '示す', '例示', '外国語', 'コミュニケーション', '体験', 'する', '際', '指導', '当', 'たつ', '取り上げる', '例', 'ある', '例', '限定', 'する', '趣旨', '示す', 'もの', 'コミュニケーション', '場面', '例', 'ア', '表現', '使う', '場面', 'あいさつ', '自己', '紹介', '買物', '食事', '道案内', '以下', 'それぞれ', 'コミュニケーション', '場面', 'おく', '表現', 'つく', '英語', '例', '示す', '24']"
2008,activity,5-6,2008_activity,25,pedagogical,"・あいさつ
例１ A：Hello. How are you?
B：I'm fine, thank you.
例２ A：Nice to meet you.
B：Nice to meet you, too.
・自己紹介
例 Hi, my name is Taro. I like sushi. I don't like tennis.
・買物
例１ A：Do you have blue shoes?
B：Yes, I do. / No, I don't.
例２ A：What do you want?
B：Banana, please.
・食事
例 A：What would you like?
B：Soup, please.
・道案内
例 A：Where is the post office?
B：Go straight. Turn left / right.
など。
(ｲ) 児童の身近な暮らしにかかわる場面
・ 家庭での生活 ・ 学校での学習や活動
・ 地域の行事 ・ 子どもの遊び など
以下に，それぞれのコミュニケーションの場面における表現について，英語の例を
示す。
・家庭での生活
例 A：What time do you get up?
- 25 -","['あいさつ', '例', '1', 'a', 'Hello', 'how', 'ARE', 'YOU', 'b', 'I', 'm', 'Fine', 'thank you', '例', '2', 'a', 'Nice', 'to', 'meet', 'YOU', 'b', 'Nice', 'to', 'meet', 'YOU', 'too', '自己', '紹介', '例', 'Hi', 'My', 'name', 'is', 'taro', 'I', 'LIKE', 'sushi', 'I', ""DON'T"", 'LIKE', 'tennis', '買物', '例', '1', 'a', 'do', 'YOU', 'HAVE', 'Blue', 'Shoes', 'b', 'YES', 'I', 'do', 'NO', 'I', ""DON'T"", '例', '2', 'a', 'what', 'do', 'YOU', 'want', 'b', 'banana', 'Please', '食事', '例', 'a', 'what', 'would you', 'like', 'b', 'soup', 'Please', '道案内', '例', 'a', 'where', 'is', 'THE', 'Post', 'Office', 'b', 'Go', 'STRAIGHT', 'turn', 'Left', 'Right', 'イ', '児童', '暮らし', 'かかわる', '場面', '家庭', '生活', '学校', '学習', '活動', '地域', '行事', '子ども', '遊び', '以下', 'それぞれ', 'コミュニケーション', '場面', 'おく', '表現', 'つく', '英語', '例', '示す', '家庭', '生活', '例', 'a', 'what', 'Time', 'do', 'YOU', 'get up', '25']"
2008,activity,5-6,2008_activity,26,pedagogical,"B：I get up at 6:00.
・学校での学習や活動
例 On Monday, I study Japanese, math and science.
・地域の行事
例 Let's clean the beach.
・子どもの遊び
例１ Rock, scissors, paper. One, two, three.
例２ I can play kendama.
など。
〔コミュニケーションの働きの例〕
(ｱ) 相手との関係を円滑にする
以下に，それぞれのコミュニケーションの働きにおける表現について，英語の例を
示す。
・礼を言う
例 Thank you.
・褒める
例 That's right. Good.
・丁寧表現
例 A：What would you like?
B：I'd like pizza, please.
など。
(ｲ) 気持ちを伝える
以下に，このコミュニケーションの働きにおける表現について，英語の例を示す。
・気持ちを伝える
- 26 -","['b', 'I', 'get up', 'AT', '6', '00', '学校', '学習', '活動', '例', 'on', 'Monday', 'I', 'Study', 'Japanese', 'math', 'AND', 'Science', '地域', '行事', '例', 'LET', 's', 'THE', 'beach', '子ども', '遊び', '例', '1', 'ROCK', 'scissors', 'Paper', 'one', 'two', 'Three', '例', '2', 'I', 'can', 'Play', 'kendama', 'コミュニケーション', '働き', '例', 'ア', '相手', '関係', 'する', '以下', 'それぞれ', 'コミュニケーション', '働き', 'おく', '表現', 'つく', '英語', '例', '示す', '礼', '言う', '例', 'thank you', '褒める', '例', ""That's"", 'Right', 'GOOD', '表現', '例', 'a', 'what', 'would you', 'like', 'b', 'I', 'd', 'LIKE', 'pizza', 'Please', 'イ', '気持ち', '伝える', '以下', 'コミュニケーション', '働き', 'おく', '表現', 'つく', '英語', '例', '示す', '気持ち', '伝える', '26']"
2008,activity,5-6,2008_activity,27,pedagogical,"例 A：How are you?
B：I'm fine / happy.
など。
(ｳ) 事実を伝える
以下に，このコミュニケーションの働きにおける表現について，英語の例を示す。
・事実を伝える
例 A：What's this?
B：It's a rabbit.
など。
(ｴ) 考えや意図を伝える
以下に，このコミュニケーションの働きにおける表現について，英語の例を示す。
・発表する
例１ I like soccer.
例２ I want to be a soccer player.
など。
(ｵ) 相手の行動を促す
以下に，このコミュニケーションの働きにおける表現について，英語の例を示す。
・道案内をする
例 Go straight. Turn right.
など。
(2) 児童の学習段階を考慮して各学年の指導に当たっては，次のような点に配慮
- 27 -","['例', 'a', 'how', 'ARE', 'YOU', 'b', 'I', 'm', 'FINE', 'ウ', '事実', '伝える', '以下', 'コミュニケーション', '働き', 'おく', '表現', 'つく', '英語', '例', '示す', '事実', '伝える', '例', 'a', ""what's"", 'This', 'b', ""it's"", 'a', 'rabbit', '考え', '意図', '伝える', '以下', 'コミュニケーション', '働き', 'おく', '表現', 'つく', '英語', '例', '示す', '発表', 'する', '例', '1', 'I', 'LIKE', 'soccer', '例', '2', 'I', 'want to', 'Be', 'a', 'soccer', 'Player', '相手', '行動', '促す', '以下', 'コミュニケーション', '働き', 'おく', '表現', 'つく', '英語', '例', '示す', '道案内', 'する', '例', 'Go', 'STRAIGHT', 'turn', 'Right', '2', '児童', '学習', '段階', '考慮', 'する', '学年', '指導', '当たる', '次', '点', '配慮', '27']"
2008,activity,5-6,2008_activity,28,pedagogical,"するものとする。
(1)では，２学年間を通した配慮事項を示していたが，ここでは，各学年における
配慮事項を示している。「児童の学習段階を考慮」するとは，児童が外国語を初めて
学習する段階であり，それぞれ，第５学年，第６学年であることを踏まえるというこ
とである。
ア 第５学年における活動
外国語を初めて学習することに配慮し，児童に身近で基本的な表現を使いな
がら，外国語に慣れ親しむ活動や児童の日常生活や学校生活にかかわる活動を
中心に，友達とのかかわりを大切にした体験的なコミュニケーション活動を行
うようにすること。
イ 第６学年における活動
第５学年の学習を基礎として，友達とのかかわりを大切にしながら，児童の
日常生活や学校生活に加え，国際理解にかかわる交流等を含んだ体験的なコミ
ュニケーション活動を行うようにすること。
ア，イについては，それぞれの学年における特徴的な内容を示したものである。２
学年間を通じて，コミュニケーションの場面や働きに配慮した体験的なコミュニケー
ション活動を行わせるに当たっては，児童の日常生活，学校生活など児童の身近で基
本的な表現を使いながら，友達とのかかわりからはじめ，国際理解にかかわる交流な
どに発展させることができることを示したものである。
特に第５学年では，友達や家族，地域，社会とのつながりに焦点を当てた活動を行
う。例えば「あいさつ」，「自己紹介」，「買物」，「学校生活」，「遊び」，「日常生活」，
「食事」など自分や身近な話題に関してのやり取りを通して，友達とのかかわりを深
めていくことをねらっている。普段，友達に対してあまり問わないような内容でも，
外国語活動においては，友達とやり取りをすることを通して，友達や自分のよさをよ
りよく再認識することで，他者理解や自尊感情などを高めていくことにつながる。そ
- 28 -","['する', 'もの', 'する', '1', '2', '年間', '通す', '配慮', '事項', '示す', 'いる', '学年', 'おく', '配慮', '事項', '示す', 'いる', '児童', '学習', '段階', '考慮', 'する', '児童', '外国語', '学習', 'する', '段階', 'ある', 'それぞれ', '5', '学年', '6', '学年', 'ある', 'こと', '踏まえる', 'いう', 'こ', 'ある', 'ア', '5', '学年', 'おく', '活動', '外国語', '学習', 'する', 'こと', '配慮', 'する', '児童', '基本的', '表現', '使う', 'がら', '外国語', '慣れ親しむ', '活動', '児童', '日常生活', '学校', '生活', 'かかわる', '活動', '中心', '友達', 'かかわり', 'する', '体験', 'コミュニケーション', '活動', '行', 'する', 'こと', 'イ', '6', '学年', 'おく', '活動', '5', '学年', '学習', '基礎', 'する', '友達', 'かかわり', 'する', '児童', '日常生活', '学校', '生活', '加える', '国際', '理解', 'かかわる', '交流', '含む', '体験', 'コミ', 'ニケーション', '活動', '行う', 'する', 'こと', 'ア', 'イ', 'つく', 'それぞれ', '学年', 'おく', '特徴的', '内容', '示す', 'もの', 'ある', '2', '学年', '通ずる', 'コミュニケーション', '場面', '働き', '配慮', 'する', '体験', 'コミュニケー', 'ション', '活動', '行う', '当たる', '児童', '日常生活', '学校', '生活', '児童', '基', '本', '表現', '使う', '友達', 'かかわり', 'はじめ', '国際', '理解', 'かかわる', '交流', 'ど', '発展', 'する', 'こと', 'できる', 'こと', '示す', 'もの', 'ある', '5', '学年', '友達', '家族', '地域', '社会', 'つながり', '焦点', '当てる', '活動', '行', 'あいさつ', '自己', '紹介', '買物', '学校', '生活', '遊び', '日常生活', '食事', '自分', '話題', '関する', 'やり取り', '通す', '友達', 'かかわり', 'いく', 'こと', 'ねらう', 'いる', '普段', '友達', '対する', '問う', '内容', '外国語', '活動', 'おく', '友達', 'やり取り', 'する', 'こと', '通す', '友達', '自分', '再認識', 'する', 'こと', '他者', '理解', '自尊', '感情', '高める', 'いく', 'こと', 'つながる', '28']"
2008,activity,5-6,2008_activity,29,pedagogical,"の際，外国語を初めて学習することに配慮しつつ，児童にとって過度の負担にならな
いように指導していく必要があるが，第５学年という発達の段階を考慮しながら，活
動が単調にならないように注意する必要がある。
第６学年では，第５学年での経験をもとに，友達とのかかわりを大切にしながら，
世界へのつながりや広がりに関する活動へ発展させていくことをねらいとしている。
「世界のさまざまなあいさつ」，「世界の文字」，「世界の子どもたちの生活」，「夢」
などを扱うことで，児童の視野を世界へと広げるとともに，日本の文化，国語，自分
自身にも興味をもたせることにつながる。国際理解にも資するこうした内容について，
外国語を用いた交流活動などの体験的なコミュニケーションを通して深めていくこと
で，外国人とのコミュニケーションを図る楽しさを体得することができるとともに，
中学校外国語科に向けてのコミュニケーション能力の素地をつくることが可能にな
る。
ここに示したものは２学年間を通しての大きな流れであり，各学年における活動を
厳密に限定する趣旨のものではない。学校や学級の実情に合わせて弾力的に扱うこと
が可能であることに留意する必要がある。
- 29 -","['際', '外国語', '学習', 'する', 'こと', '配慮', 'する', '児童', 'とる', '負担', 'なる', '指導', 'する', 'いく', '必要', 'ある', '5', '学年', 'いう', '発達', '段階', '考慮', 'する', '動', '単調', 'なる', '注意', 'する', '必要', 'ある', '6', '学年', '5', '学年', '経験', 'もと', '友達', 'かかわり', 'する', '世界', 'つながり', '広がり', '関する', '活動', '発展', 'する', 'いく', 'こと', 'ねらい', 'する', 'いる', '世界', 'あいさつ', '世界', '文字', '世界', '子どもたち', '生活', '夢', '扱う', 'こと', '児童', '視野', '世界', '広げる', 'とも', '日本', '文化', '国語', '自分', '自身', '興味', 'もつ', 'こと', 'つながる', '国際', '理解', '資する', 'する', '内容', 'つく', '外国語', '用いる', '交流', '活動', '体験', 'コミュニケーション', '通す', '深める', 'いく', 'こと', '外国人', 'コミュニケーション', '図る', '体得', 'する', 'こと', 'できる', 'とも', '中学校', '外国語', '向ける', 'コミュニケーション', '能力', '素地', 'つくる', 'こと', '示す', 'もの', '2', '年間', '通す', '流れ', 'ある', '学年', 'おく', '活動', '限定', 'する', '趣旨', 'もの', '学校', '学級', '実情', '合わせる', '弾力', '扱う', 'こと', 'ある', 'こと', '留意', 'する', '必要', 'ある', '29']"
2017,activity,3-4,2017_activity,1,sousetsu,"第 1 章 総 説
１ 改訂の経緯及び基本方針
（1）改訂の経緯
今の子供たちやこれから誕生する子供たちが，成人して社会で活躍する頃に
は，我が国は厳しい挑戦の時代を迎えていると予想される。生産年齢人口の減
少，グローバル化の進展や絶え間ない技術革新等により，社会構造や雇用環境
第１章
総 説 は大きく，また急速に変化しており，予測が困難な時代となっている。また，
急激な少子高齢化が進む中で成熟社会を迎えた我が国にあっては，一人一人が
持続可能な社会の担い手として，その多様性を原動力とし，質的な豊かさを伴っ
た個人と社会の成長につながる新たな価値を生み出していくことが期待される。
こうした変化の一つとして，人工知能（ＡＩ）の飛躍的な進化を挙げること
ができる。人工知能が自ら知識を概念的に理解し，思考し始めているとも言わ
れ，雇用の在り方や学校において獲得する知識の意味にも大きな変化をもたら
すのではないかとの予測も示されている。このことは同時に，人工知能がどれ
だけ進化し思考できるようになったとしても，その思考の目的を与えたり，目
的のよさ・正しさ・美しさを判断したりできるのは人間の最も大きな強みであ
るということの再認識につながっている。
このような時代にあって，学校教育には，子供たちが様々な変化に積極的に
向き合い，他者と協働して課題を解決していくことや，様々な情報を見極め知
識の概念的な理解を実現し情報を再構成するなどして新たな価値につなげてい
くこと，複雑な状況変化の中で目的を再構築することができるようにすること
が求められている。
このことは，本来，我が国の学校教育が大切にしてきたことであるものの，
教師の世代交代が進むと同時に，学校内における教師の世代間のバランスが変
化し，教育に関わる様々な経験や知見をどのように継承していくかが課題とな
り，また，子供たちを取り巻く環境の変化により学校が抱える課題も複雑化・
困難化する中で，これまでどおり学校の工夫だけにその実現を委ねることは困
難になってきている。
こうした状況を踏まえ，平成26年11月には，文部科学大臣から新しい時代
にふさわしい学習指導要領等の在り方について中央教育審議会に諮問を行っ
た。中央教育審議会においては，２年１か月にわたる審議の末，平成28年12
月21日に「幼稚園，小学校，中学校，高等学校及び特別支援学校の学習指導
要領等の改善及び必要な方策等について（答申）」（以下「中央教育審議会答申」
2","['1', '章', '説', '1', '改訂', '経緯', '基本方針', '1', '改訂', '経緯', '今', '子供たち', '誕生', 'する', '子供たち', '成人', 'する', '社会', '活躍', 'する', '頃', '我が国', '挑戦', '時代', '迎える', 'いる', '予想', 'する', '生産年齢人口', '減', 'グローバル化', '進展', '絶え間', '技術革新', 'よる', '社会', '構造', '雇用', '環境', '1', '章', '説', '変化', 'する', 'おる', '予測', '困難', '時代', 'なる', 'いる', '少子高齢化', '進む', '中', '成熟', '社会', '迎える', '我が国', 'ある', '一人一人', '持続', '社会', '担い手', 'する', '多様性', '原動力', 'する', '伴う', '個人', '社会', '成長', 'つながる', '価値', '生み出す', 'いく', 'こと', '期待', 'する', 'する', '変化', '一', 'する', '人工知能', 'AI', '飛躍的', '進化', '挙げる', 'こと', 'できる', '人工知能', '自ら', '知識', '概念的', '理解', 'する', '思考', 'する', '始める', 'いる', '言う', '雇用', '在り方', '学校', 'おく', '獲得', 'する', '知識', '意味', '変化', 'たる', 'する', '予測', '示す', 'いる', 'こと', '同時', '人工知能', '進化', 'する', '思考', 'できる', 'なる', 'する', '思考', '目的', '与える', '目', '的', '判断', 'する', 'できる', '人間', '強み', 'いう', 'こと', '再認識', 'つながる', 'いる', '時代', 'ある', '学校教育', '子供たち', '変化', '積極的', '向き合う', '他者', '協働', 'する', '課題', '解決', 'する', 'いく', 'こと', '情報', '見極める', '知', '識', '概念的', '理解', '実現', 'する', '情報', '再構成', 'する', 'する', '価値', 'つなげる', 'いる', 'くこ', '複雑', '状況', '変化', '中', '目的', '構築', 'する', 'こと', 'できる', 'する', 'こと', '求める', 'いる', 'こと', '本来', '我が国', '学校教育', 'する', 'くる', 'こと', 'ある', 'もの', '教師', '世代', '交代', '進む', '同時', '学校', 'おく', '教師', '世代', 'バランス', '変', 'する', '教育', '関わる', '経験', '知見', '継承', 'する', 'いく', '課題', '子供たち', '取り巻く', '環境', '変化', 'よる', '学校', '抱える', '課題', '複雑化', '困難', 'する', '中', 'どおり', '学校', '工夫', '実現', '委ねる', 'こと', '困', '難', 'なる', 'くる', 'いる', 'する', '状況', '踏まえる', '平成', '26', '年', '11', '月', '文部科学大臣', '時代', '学習指導', '要領', '在り方', 'つく', '中央教育審議会', '諮問', '行う', '中央教育審議会', 'おく', '2', '年', '1', 'か月', 'わたる', '審議', '末', '平成', '28', '年', '12', '月', '21', '日', '幼稚園', '小学校', '中学校', '高等学校', '特別支援学校', '学習指導', '要領', '改善', '必要', '方策', 'つく', '答申', '以下', '中央教育審議会', '答申', '2']"
2017,activity,3-4,2017_activity,2,sousetsu,"という。）を示した。
中央教育審議会答申においては，“よりよい学校教育を通じてよりよい社会
を創る”という目標を学校と社会が共有し，連携・協働しながら，新しい時代
に求められる資質・能力を子供たちに育む「社会に開かれた教育課程」の実現
を目指し，学習指導要領等が，学校，家庭，地域の関係者が幅広く共有し活用
できる「学びの地図」としての役割を果たすことができるよう，次の６点にわ
たってその枠組みを改善するとともに，各学校において教育課程を軸に学校教
育の改善・充実の好循環を生み出す「カリキュラム・マネジメント」の実現を １
改訂の経緯及び
目指すことなどが求められた。
基本方針
①「何ができるようになるか」（育成を目指す資質・能力）
② 「何を学ぶか」（教科等を学ぶ意義と，教科等間・学校段階間のつながり
を踏まえた教育課程の編成）
③ 「どのように学ぶか」（各教科等の指導計画の作成と実施，学習・指導の
改善・充実）
④ 「子供一人一人の発達をどのように支援するか」（子供の発達を踏まえた
指導）
⑤ 「何が身に付いたか」（学習評価の充実）
⑥ 「実施するために何が必要か」（学習指導要領等の理念を実現するために
必要な方策）
これを踏まえ，平成29年３月31日に学校教育法施行規則を改正するととも
に，幼稚園教育要領，小学校学習指導要領及び中学校学習指導要領を公示した。
小学校学習指導要領は，平成30年４月１日から第３学年及び第４学年におい
て外国語活動を実施する等の円滑に移行するための措置（移行措置）を実施し，
平成32年４月１日から全面実施することとしている。また，中学校学習指導
要領は，平成30年４月１日から移行措置を実施し，平成33年４月１日から全
面実施することとしている。
（2）改訂の基本方針
今回の改訂は答申を踏まえ，次の基本方針に基づき行った。
①今回の改訂の基本的な考え方
ア 教育基本法，学校教育法などを踏まえ，これまでの我が国の学校教育の
ひら
実践や蓄積を生かし，子供たちが未来社会を切り拓くための資質・能力を
一層確実に育成することを目指す。その際，子供たちに求められる資質・
能力とは何かを社会と共有し，連携する「社会に開かれた教育課程」を重
3","['いう', '示す', '中央教育審議会', '答申', 'おく', '学校教育', '通ずる', '社会', '創る', 'いう', '目標', '学校', '社会', '共有', 'する', '連携', '協働', 'する', '時代', '求める', '資質', '能力', '子供たち', '育む', '社会', '開く', '教育課程', '実現', '目指す', '学習指導', '要領', '学校', '家庭', '地域', '関係者', '共有', 'する', '活用', 'できる', '学び', '地図', 'する', '役割', '果たす', 'こと', 'できる', '次', '6', '点', 'たつ', '枠組み', '改善', 'する', 'とも', '学校', 'おく', '教育課程', '軸', '学校', '改善', '充実', '好循環', '生み出す', 'カリキュラム', 'マネジメント', '実現', '1', '改訂', '経緯', '目指す', 'こと', '求める', '基本方針', '1', 'できる', 'なる', '育成', '目指す', '資質', '能力', '2', '学ぶ', '教科', '学ぶ', '意義', '教科', '学校', '段階', 'つながり', '踏まえる', '教育課程', '編成', '3', '学ぶ', '教科', '指導', '計画', '作成', '実施', '学習', '指導', '改善', '充実', '4', '子供', '一人一人', '発達', '支援', 'する', '子供', '発達', '踏まえる', '指導', '5', '身', '付く', '学習', '評価', '充実', '6', '実施', 'する', 'ため', '必要', '学習指導', '要領', '理念', '実現', 'する', 'ため', '必要', '方策', '踏まえる', '平成', '29', '年', '3', '月', '31', '日', '学校教育法', '施行規則', '改正', 'する', 'とも', '幼稚園', '教育', '要領', '小学校', '学習指導', '要領', '中学校', '学習指導', '要領', '公示', 'する', '小学校', '学習指導', '要領', '平成', '30', '年', '4', '月', '1日', '3', '学年', '4', '学年', '外国語', '活動', '実施', 'する', '移行', 'する', 'ため', '措置', '移行', '措置', '実施', 'する', '平成', '32', '年', '4', '月', '1日', '全面', '実施', 'する', 'こと', 'する', 'いる', '中学校', '学習指導', '要領', '平成', '30', '年', '4', '月', '1日', '移行', '措置', '実施', 'する', '平成', '33', '年', '4', '月', '1日', '面', '実施', 'する', 'こと', 'する', 'いる', '2', '改訂', '基本方針', '今回', '改訂', '答申', '踏まえる', '次', '基本方針', '基づく', '行く', '1', '今回', '改訂', '基本的', '考え方', 'ア', '教育基本法', '学校教育法', '踏まえる', '我が国', '学校教育', '実践', '蓄積', '生かす', '子供たち', '未来', '社会', '切り拓く', 'ため', '資質', '能力', '育成', 'する', 'こと', '目指す', '際', '子供たち', '求める', '資質', '能力', '社会', '共有', 'する', '連携', 'する', '社会', '開く', '教育課程', '重', '3']"
2017,activity,3-4,2017_activity,3,sousetsu,"視すること。
イ 知識及び技能の習得と思考力，判断力，表現力等の育成のバランスを重
視する平成20年改訂の現行学習指導要領の枠組みや教育内容を維持した
上で，知識の理解の質をさらに高め，確かな学力を育成すること。
ウ 先行する特別教科化など道徳教育の充実や体験活動の重視，体育・健康
に関する指導の充実により，豊かな心や健やかな体を育成すること。
②育成を目指す資質・能力の明確化
第１章
総 説 中央教育審議会答申においては，予測困難な社会の変化に主体的に関わり，
感性を豊かに働かせながら，どのような未来を創っていくのか，どのように
社会や人生をよりよいものにしていくのかという目的を自ら考え，自らの可
能性を発揮し，よりよい社会と幸福な人生の創り手となる力を身に付けられ
るようにすることが重要であること，こうした力は全く新しい力ということ
ではなく学校教育が長年その育成を目指してきた「生きる力」であることを
改めて捉え直し，学校教育がしっかりとその強みを発揮できるようにしてい
くことが必要とされた。また，汎用的な能力の育成を重視する世界的な潮流
を踏まえつつ，知識及び技能と思考力，判断力，表現力等をバランスよく育
成してきた我が国の学校教育の蓄積を生かしていくことが重要とされた。
このため「生きる力」をより具体化し，教育課程全体を通して育成を目指
す資質・能力を，ア「何を理解しているか，何ができるか（生きて働く「知
識・技能」の習得）」，イ「理解していること・できることをどう使うか（未
知の状況にも対応できる「思考力・判断力・表現力等」の育成）」，ウ「どの
ように社会・世界と関わり，よりよい人生を送るか（学びを人生や社会に生
かん
かそうとする「学びに向かう力・人間性等」の涵養）」の三つの柱に整理す
るとともに，各教科等の目標や内容についても，この三つの柱に基づく再整
理を図るよう提言がなされた。
今回の改訂では，知・徳・体にわたる「生きる力」を子供たちに育むため
に「何のために学ぶのか」という各教科等を学ぶ意義を共有しながら，授業
の創意工夫や教科書等の教材の改善を引き出していくことができるようにす
るため，全ての教科等の目標及び内容を「知識及び技能」，「思考力，判断力，
表現力等」，「学びに向かう力，人間性等」の三つの柱で再整理した。
③「主体的・対話的で深い学び」の実現に向けた授業改善の推進
子供たちが，学習内容を人生や社会の在り方と結び付けて深く理解し，こ
れからの時代に求められる資質・能力を身に付け，生涯にわたって能動的に
4","['する', 'こと', 'イ', '知識', '技能', '習得', '思考力', '判断力', '表現力', '育成', 'バランス', '重', 'する', '平成', '20', '年', '改訂', '現行', '学習指導', '要領', '枠組み', '教育', '内容', '維持', 'する', '上', '知識', '理解', '質', '高める', '学力', '育成', 'する', 'こと', 'ウ', '先行', 'する', '教科', '道徳', '教育', '充実', '体験', '活動', '重視', '体育', '健康', '関する', '指導', '充実', 'よる', '心', '体', '育成', 'する', 'こと', '2', '育成', '目指す', '資質', '能力', '明確化', '1', '章', '説', '中央教育審議会', '答申', 'おく', '予測', '困難', '社会', '変化', '主体的', '関わる', '感性', '働く', '未来', '創る', 'いく', '社会', '人生', 'もの', 'する', 'いく', 'いう', '目的', '自ら', '考える', '自ら', '可', '能', '発揮', 'する', '社会', '幸福', '人生', '創り手', 'なる', '力', '身', '付ける', 'する', 'こと', 'ある', 'こと', 'する', '力', '力', 'いう', 'こと', '学校教育', '長年', '育成', '目指す', 'くる', '生きる', '力', 'ある', 'こと', '捉え直す', '学校教育', '強み', '発揮', 'できる', 'する', 'いる', 'くこ', '必要', 'する', '汎用的', '能力', '育成', '重視', 'する', '世界的', '潮流', '踏まえる', '知識', '技能', '思考力', '判断力', '表現力', 'バランス', '成す', 'くる', '我が国', '学校教育', '蓄積', '生かす', 'いく', 'こと', 'する', 'ため', '生きる', '力', '具体化', 'する', '教育課程', '全体', '通す', '育成', '目', '指', '資質', '能力', 'ア', '理解', 'する', 'いる', 'できる', '生きる', '働く', '知', '識', '技能', '習得', 'イ', '理解', 'する', 'いる', 'こと', 'できる', 'こと', '使う', '知', '状況', '対応', 'できる', '思考力', '判断力', '表現力', '育成', 'ウ', '社会', '世界', '関わる', '人生', '送る', '学び', '人生', '社会', '生', 'する', '学び', '向かう', '力', '人間性', '涵養', '三', '柱', '整理', 'す', 'とも', '教科', '目標', '内容', 'つく', '三', '柱', '基づく', '整', '理', '図る', '提言', 'なす', '今回', '改訂', '知', '徳', '体', 'わたる', '生きる', '力', '子供たち', '育む', 'ため', 'ため', '学ぶ', 'いう', '教科', '学ぶ', '意義', '共有', 'する', '授業', '創意工夫', '教科書', '教材', '改善', '引き出す', 'いく', 'こと', 'できる', 'す', 'ため', '全て', '教科', '目標', '内容', '知識', '技能', '思考力', '判断力', '表現力', '学び', '向かう', '力', '人間性', '三', '柱', '整理', 'する', '3', '主体的', '対話', '学び', '実現', '向ける', '授業', '改善', '推進', '子供たち', '学習', '内容', '人生', '社会', '在り方', '結び付ける', '理解', 'する', 'こ', '時代', '求める', '資質', '能力', '身', '付ける', '生涯', 'わたる', '能動的', '4']"
2017,activity,3-4,2017_activity,4,sousetsu,"学び続けることができるようにするためには，これまでの学校教育の蓄積を
生かし，学習の質を一層高める授業改善の取組を活性化していくことが必要
であり，我が国の優れた教育実践に見られる普遍的な視点である「主体的・
対話的で深い学び」の実現に向けた授業改善（アクティブ・ラーニングの視
点に立った授業改善）を推進することが求められる。
今回の改訂では「主体的・対話的で深い学び」の実現に向けた授業改善を
進める際の指導上の配慮事項を総則に記載するとともに，各教科等の「第３
指導計画の作成と内容の取扱い」において，単元や題材など内容や時間の １
改訂の経緯及び
まとまりを見通して，その中で育む資質・能力の育成に向けて，「主体的・
基本方針
対話的で深い学び」の実現に向けた授業改善を進めることを示した。
その際，以下の６点に留意して取り組むことが重要である。
ア 児童生徒に求められる資質・能力を育成することを目指した授業改善
の取組は，既に小・中学校を中心に多くの実践が積み重ねられており，
特に義務教育段階はこれまで地道に取り組まれ蓄積されてきた実践を否
定し，全く異なる指導方法を導入しなければならないと捉える必要はな
いこと。
イ 授業の方法や技術の改善のみを意図するものではなく，児童生徒に目
指す資質・能力を育むために「主体的な学び」，「対話的な学び」，「深い
学び」の視点で，授業改善を進めるものであること。
ウ 各教科等において通常行われている学習活動（言語活動，観察・実験，
問題解決的な学習など）の質を向上させることを主眼とするものである
こと。
エ １回１回の授業で全ての学びが実現されるものではなく，単元や題材
など内容や時間のまとまりの中で，学習を見通し振り返る場面をどこに
設定するか，グループなどで対話する場面をどこに設定するか，児童生
徒が考える場面と教師が教える場面をどのように組み立てるかを考え，
実現を図っていくものであること。
オ 深い学びの鍵として「見方・考え方」を働かせることが重要になるこ
と。各教科等の「見方・考え方」は，「どのような視点で物事を捉え，
どのような考え方で思考していくのか」というその教科等ならではの物
事を捉える視点や考え方である。各教科等を学ぶ本質的な意義の中核を
なすものであり，教科等の学習と社会をつなぐものであることから，児
童生徒が学習や人生において「見方・考え方」を自在に働かせることが
できるようにすることにこそ，教師の専門性が発揮されることが求めら
れること。
5","['学ぶ', '続ける', 'こと', 'できる', 'する', 'ため', '学校教育', '蓄積', '生かす', '学習', '質', '高める', '授業', '改善', '取組', '活性化', 'する', 'いく', 'こと', '必要', 'ある', '我が国', '優れる', '教育', '実践', '見る', '普遍的', '視点', 'ある', '主体的', '対話', '学び', '実現', '向ける', '授業', '改善', 'アクティブ・ラーニング', '点', '立つ', '授業', '改善', '推進', 'する', 'こと', '求める', '今回', '改訂', '主体的', '対話', '学び', '実現', '向ける', '授業', '改善', '進める', '際', '指導', '配慮', '事項', '総則', '記載', 'する', 'とも', '教科', '3', '指導', '計画', '作成', '内容', '取扱い', 'おく', '単元', '題材', '内容', '時間', '1', '改訂', '経緯', 'まとまり', '見通す', '中', '育む', '資質', '能力', '育成', '向ける', '主体的', '基本方針', '対話', '学び', '実現', '向ける', '授業', '改善', '進める', 'こと', '示す', '際', '以下', '6', '点', '留意', 'する', '取り組む', 'こと', 'ある', 'ア', '児童', '生徒', '求める', '資質', '能力', '育成', 'する', 'こと', '目指す', '授業', '改善', '取組', '小・中学', '中心', '多く', '実践', '積み重ねる', 'おる', '義務教育', '段階', '取り組む', '蓄積', 'する', 'くる', '実践', '否', '定', 'する', '異なる', '指導', '方法', '導入', 'する', 'なる', '捉える', '必要', 'いく', 'イ', '授業', '方法', '技術', '改善', '意図', 'する', 'もの', '児童', '生徒', '目', '指す', '資質', '能力', '育む', 'ため', '主体的', '学び', '対話', '学び', '学び', '視点', '授業', '改善', '進める', 'もの', 'ある', 'こと', 'ウ', '教科', 'おく', '通常', '行う', 'いる', '学習', '活動', '言語', '活動', '観察', '実験', '問題解決', '学習', '質', '向上', 'する', 'こと', '主眼', 'する', 'もの', 'ある', 'こと', 'エ', '1', '回', '1', '回', '授業', '全て', '学び', '実現', 'する', 'もの', '単元', '題材', '内容', '時間', 'まとまり', '中', '学習', '見通し', '振り返る', '場面', '設定', 'する', 'グループ', '対話', 'する', '場面', '設定', 'する', '児童', '徒', '考える', '場面', '教師', '教える', '場面', '組み立てる', '考える', '実現', '図る', 'いく', 'もの', 'ある', 'こと', '学び', '鍵', 'する', '見方', '考え方', '働く', 'こと', 'なるこ', '教科', '見方', '考え方', '視点', '物事', '捉える', '考え方', '思考', 'する', 'いく', 'いう', '教科', '物', '事', '捉える', '視点', '考え方', 'ある', '教科', '学ぶ', '本質的', '意義', '中核', 'なす', 'もの', 'ある', '教科', '学習', '社会', 'つなぐ', 'もの', 'ある', 'こと', '児', '童', '生徒', '学習', '人生', 'おく', '見方', '考え方', '働く', 'こと', 'できる', 'する', 'こと', '教師', '専門性', '発揮', 'する', 'こと', '求める', 'こと', '5']"
2017,activity,3-4,2017_activity,5,sousetsu,"カ 基礎的・基本的な知識及び技能の習得に課題がある場合には、その確
実な習得を図ることを重視すること。
④各学校におけるカリキュラム・マネジメントの推進
各学校においては，教科等の目標や内容を見通し，特に学習の基盤となる
資質・能力（言語能力，情報活用能力（情報モラルを含む。以下同じ。），問
題発見・解決能力等）や現代的な諸課題に対応して求められる資質・能力の
育成のためには，教科等横断的な学習を充実することや，「主体的・対話的
第１章
総 説 で深い学び」の実現に向けた授業改善を，単元や題材など内容や時間のまと
まりを見通して行うことが求められる。これらの取組の実現のためには，学
校全体として，児童生徒や学校，地域の実態を適切に把握し，教育内容や時
間の配分，必要な人的・物的体制の確保，教育課程の実施状況に基づく改善
などを通して，教育活動の質を向上させ，学習の効果の最大化を図るカリキュ
ラム・マネジメントに努めることが求められる。
このため総則において，「児童や学校，地域の実態を適切に把握し，教育
の目的や目標の実現に必要な教育の内容等を教科等横断的な視点で組み立て
ていくこと，教育課程の実施状況を評価してその改善を図っていくこと，教
育課程の実施に必要な人的又は物的な体制を確保するとともにその改善を
図っていくことなどを通して，教育課程に基づき組織的かつ計画的に各学校
の教育活動の質の向上を図っていくこと（以下「カリキュラム・マネジメン
ト」という。）に努めること」について新たに示した。
⑤教育内容の主な改善事項
このほか，言語能力の確実な育成，理数教育の充実，伝統や文化に関する
教育の充実，体験活動の充実，外国語教育の充実などについて総則や各教科
等において，その特質に応じて内容やその取扱いの充実を図った。
２ 中学年の外国語活動の導入の趣旨と要点
（1）中学年の外国語活動の導入の趣旨
今回の中学年の外国語活動の導入に当たっては，中央教育審議会答申を踏ま
え，次のような，これまでの成果と課題等を踏まえた改善を図った。
・グローバル化が急速に進展する中で，外国語によるコミュニケーション能
力は，これまでのように一部の業種や職種だけでなく，生涯にわたる様々
な場面で必要とされることが想定され，その能力の向上が課題となってい
6","['カ', '基礎的', '基本的', '知識', '技能', '習得', '課題', 'ある', '場合', '実', '習得', '図る', 'こと', '重視', 'する', 'こと', '4', '学校', 'おく', 'カリキュラム', 'マネジメント', '推進', '学校', 'おく', '教科', '目標', '内容', '見通す', '学習', '基盤', 'なる', '資質', '能力', '言語', '能力', '情報', '活用', '能力', '情報', 'モラル', '含む', '以下', '問', '題', '発見', '解決', '能力', '現代的', '課題', '対応', 'する', '求める', '資質', '能力', '育成', 'ため', '教科', '横断', '学習', '充実', 'する', 'こと', '主体的', '対話', '1', '章', '説', '学び', '実現', '向ける', '授業', '改善', '単元', '題材', '内容', '時間', 'まと', 'まり', '見通す', '行う', 'こと', '求める', '取組', '実現', 'ため', '学', '全体', 'する', '児童', '生徒', '学校', '地域', '実態', '把握', 'する', '教育', '内容', '時', '間', '配分', '必要', '体制', '確保', '教育課程', '実施', '状況', '基づく', '改善', '通す', '教育', '活動', '質', '向上', 'する', '学習', '効果', '最大化', '図る', 'カリキュ', 'ラム', 'マネジメント', '努める', 'こと', '求める', 'ため', '総則', 'おく', '児童', '学校', '地域', '実態', '把握', 'する', '教育', '目的', '目標', '実現', '必要', '教育', '内容', '教科', '横断', '視点', '組み立て', 'いく', 'こと', '教育課程', '実施', '状況', '評価', 'する', '改善', '図る', 'いく', 'こと', '教', '課程', '実施', '必要', '体制', '確保', 'する', 'とも', '改善', '図る', 'いく', 'こと', '通す', '教育課程', '基づく', '組織的', '計画的', '学校', '教育', '活動', '質', '向上', '図る', 'いく', 'こと', '以下', 'カリキュラム', 'マネジメン', 'いう', '努める', 'こと', 'つく', '示す', '5', '教育', '内容', '改善', '事項', 'ほか', '言語', '能力', '育成', '理数', '教育', '充実', '伝統', '文化', '関する', '教育', '充実', '体験', '活動', '充実', '外国語', '教育', '充実', 'つく', '総則', '教科', 'おく', '特質', '応ずる', '内容', '取扱い', '充実', '図る', '2', '中学年', '外国語', '活動', '導入', '趣旨', '要点', '1', '中学', '年', '外国語', '活動', '導入', '趣旨', '今回', '中学年', '外国語', '活動', '導入', '当たる', '中央教育審議会', '答申', '踏む', '次', '成果', '課題', '踏まえる', '改善', '図る', 'グローバル化', '進展', 'する', '中', '外国語', 'よる', 'コミュニケーション', '能', '力', '一部', '業種', '職種', '生涯', 'わたる', '場面', '必要', 'する', 'こと', '想定', 'する', '能力', '向上', '課題', 'なる', 'いる', '6']"
2017,activity,3-4,2017_activity,6,sousetsu,"る。
・平成20年改訂の学習指導要領は，小・中・高等学校で一貫した外国語教
育を実施することにより，外国語を通じて，言語や文化に対する理解を深
め，積極的に外国語を用いてコミュニケーションを図ろうとする態度や，
情報や考えなどを的確に理解したり適切に伝えたりする力を身に付けさせ
ることを目標として掲げ，「聞くこと」，「話すこと」，「読むこと」，「書く
こと」などを総合的に育成することをねらいとして改訂され，様々な取組
を通じて指導の充実が図られてきた。 ２
中学年の外国語活動
・小学校では，平成23年度から高学年において外国語活動が導入され，そ
の導入の趣旨と要点
の充実により，児童の高い学習意欲，中学生の外国語教育に対する積極性
の向上といった成果が認められている。一方で，①音声中心で学んだこと
が，中学校の段階で音声から文字への学習に円滑に接続されていない，②
日本語と英語の音声の違いや英語の発音と綴りの関係，文構造の学習にお
いて課題がある，③高学年は，児童の抽象的な思考力が高まる段階であり，
より体系的な学習が求められることなどが課題として指摘されている。
・また，小学校から各学校段階における指導改善による成果が認められるも
のの，学年が上がるにつれて児童生徒の学習意欲に課題が生じるといった
状況や，学校種間の接続が十分とは言えず，進級や進学をした後に，それ
までの学習内容や指導方法等を発展的に生かすことができないといった状
況も見られている。
・こうした成果と課題を踏まえ，今回の改訂では，小学校中学年から外国語
活動を導入し，「聞くこと」，「話すこと」を中心とした活動を通じて外国
語に慣れ親しみ外国語学習への動機付けを高めた上で，高学年から発達の
段階に応じて段階的に文字を「読むこと」，「書くこと」を加えて総合的・
系統的に扱う教科学習を行うとともに，中学校への接続を図ることを重視
することとしている。
（2）中学年の外国語活動の導入の要点
中央教育審議会答申を踏まえ，中学年の外国語活動の目標及び内容等に関し
て，次のように設定した。
①目標
中学年の外国語活動の目標は，前述のような課題を踏まえ，「知識及び技
能」，「思考力，判断力，表現力等」，「学びに向かう力，人間性等」の三つの
資質・能力を明確にした上で，①各学校段階の学びを接続させるとともに，
7","['平成', '20', '年', '改訂', '学習指導', '要領', '高等学校', '一貫', 'する', '外国語', '実施', 'する', 'こと', 'よる', '外国語', '通ずる', '言語', '文化', '対する', '理解', 'め', '積極的', '外国語', '用いる', 'コミュニケーション', '図る', 'する', '態度', '情報', '考え', '理解', 'する', '伝える', 'する', '力', '身', '付ける', 'こと', '目標', 'する', '掲げる', '聞く', 'こと', '話す', 'こと', '読む', 'こと', '書く', 'こと', '総合的', '育成', 'する', 'こと', 'ねらい', 'する', '改訂', 'する', '取組', '通ずる', '指導', '充実', '図る', 'くる', '2', '中学', '年', '外国語', '活動', '小学校', '平成', '23', '年度', '高学年', 'おく', '外国語', '活動', '導入', 'する', '導入', '趣旨', '要点', '充実', 'よる', '児童', '学習', '意欲', '中学生', '外国語', '教育', '対する', '積極性', '向上', 'いう', '成果', '認める', 'いる', '一方', '1', '音声', '中心', '学ぶ', 'こと', '中学校', '段階', '音声', '文字', '学習', '接続', 'する', 'いる', '2', '日本語', '英語', '音声', '違い', '英語', '発音', '綴り', '関係', '文', '構造', '学習', 'いる', '課題', 'ある', '3', '学年', '児童', '抽象的', '思考力', '高まる', '段階', 'ある', '体系的', '学習', '求める', 'こと', '課題', 'する', '指摘', 'する', 'いる', '小学校', '学校', '段階', 'おく', '指導', '改善', 'よる', '成果', '認める', 'のの', '学年', '上がる', 'つれる', '児童', '生徒', '学習', '意欲', '課題', '生じる', 'いう', '状況', '学校', '種間', '接続', '言える', '進級', '進学', 'する', '後', '学習', '内容', '指導', '方法', '発展', '生かす', 'こと', 'できる', 'いう', '況', '見る', 'いる', 'する', '成果', '課題', '踏まえる', '今回', '改訂', '小学校', '中学', '年', '外国語', '活動', '導入', 'する', '聞く', 'こと', '話す', 'こと', '中心', 'する', '活動', '通ずる', '外国', '語', '慣れ親しむ', '外国語', '学習', '動機付け', '高める', '上', '高学年', '発達', '段階', '応ずる', '段階的', '文字', '読む', 'こと', '書く', 'こと', '加える', '総合的', '系統的', '扱う', '教科', '学習', '行う', 'とも', '中学校', '接続', '図る', 'こと', '重視', 'する', 'こと', 'する', 'いる', '2', '中学', '年', '外国語', '活動', '導入', '要点', '中央教育審議会', '答申', '踏まえる', '中学年', '外国語', '活動', '目標', '内容', '関する', '次', '設定', 'する', '1', '目標', '中学', '年', '外国語', '活動', '目標', '前述', '課題', '踏まえる', '知識', '技', '能', '思考力', '判断力', '表現力', '学び', '向かう', '力', '人間性', '三', '資質', '能力', 'する', '上', '1', '学校', '段階', '学び', '接続', 'する', 'とも', '7']"
2017,activity,3-4,2017_activity,7,sousetsu,"②「外国語を使って何ができるようになるか」を明確にするという観点から
設定している。
外国語学習においては，語彙や文法等の個別の知識がどれだけ身に付いた
かに主眼が置かれるのではなく，児童生徒の学びの過程全体を通じて，知識・
技能が，実際のコミュニケーションにおいて活用され，思考・判断・表現す
ることを繰り返すことを通じて獲得され，学習内容の理解が深まるなど，資
質・能力が相互に関係し合いながら育成されることが必要である。
このため，それらの育成を目指す力について，前述のような課題を踏まえ
第１章
総 説 つつ，外国語学習の特性を踏まえて「知識及び技能」と「思考力，判断力，
表現力等」を一体的に育成するとともに，その過程を通して，「学びに向か
う力，人間性等」に示す資質・能力を育成し，小・中・高等学校で一貫した
目標を実現するため，そこに至る段階を示すものとして国際的な基準などを
参考に，「聞くこと」，「読むこと」，「話すこと［やり取り］」，「話すこと［発
表］」，「書くこと」の五つの領域で英語の目標を設定している。
今回の改訂では，小学校中学年に新たに外国語活動を導入し，三つの資質・
能力の下で，英語の目標として「聞くこと」，「話すこと［やり取り］」，「話
すこと［発表］」の三つの領域を設定し，音声面を中心とした外国語を用い
たコミュニケーションを図る素地となる資質・能力を育成した上で，高学年
において「読むこと」，「書くこと」を加えた教科として外国語科を導入し，
五つの領域の言語活動を通じて，コミュニケーションを図る基礎となる資
質・能力を育成することとしている。
また，中学年の外国語活動の目標については，学年ごとに示すのではなく，
より弾力的な指導ができるよう，２学年間を通した目標とした。
②内容構成
外国語教育において育成を目指す三つの資質・能力を確実に身に付けられ
るように，小・中・高等学校を通じた領域別の目標の下で，内容等について
以下のとおり体系的に構成を整理した。
前述の中学年の外国語活動の目標及び英語の目標を実現するため，
（ⅰ）「知識及び技能」として「英語の特徴等に関する事項」（第２の２（1））
（ⅱ）「思考力，判断力，表現力等」として「情報を整理しながら考えなど
を形成し，英語で表現したり，伝え合ったりすることに関する事項」（第
２の２（2））
を整理した上で，
（ⅲ）言語活動及び言語の働きに関する事項（第２の２（3））として，「知識
8","['2', '外国語', '使う', 'できる', 'なる', 'する', 'いう', '観点', '設定', 'する', 'いる', '外国語', '学習', 'おく', '語彙', '文法', '個別', '知識', '身', '付く', 'かに', '主眼', '置く', '児童', '生徒', '学び', '過程', '全体', '通ずる', '知識', '技能', '実際', 'コミュニケーション', 'おく', '活用', 'する', '思考', '判断', '表現', 'す', 'こと', '繰り返す', 'こと', '通ずる', '獲得', 'する', '学習', '内容', '理解', '深まる', '資', '質', '能力', '相互', '関係', 'する', '合う', '育成', 'する', 'こと', '必要', 'ある', 'ため', '育成', '目指す', '力', 'つく', '前述', '課題', '踏まえる', '1', '章', '説', '外国語', '学習', '特性', '踏まえる', '知識', '技能', '思考力', '判断力', '表現力', '一体的', '育成', 'する', 'とも', '過程', '通す', '学び', '向く', '力', '人間性', '示す', '資質', '能力', '育成', 'する', '高等学校', '一貫', 'する', '目標', '実現', 'する', 'ため', '至る', '段階', '示す', 'もの', 'する', '国際的', '基準', '参考', '聞く', 'こと', '読む', 'こと', '話す', 'こと', 'やり取り', '話す', 'こと', '表', '書く', 'こと', '五', '領域', '英語', '目標', '設定', 'する', 'いる', '今回', '改訂', '小学校', '中学', '年', '外国語', '活動', '導入', 'する', '三', '資質', '能力', '下', '英語', '目標', 'する', '聞く', 'こと', '話す', 'こと', 'やり取り', '話', 'こと', '発表', '三', '領域', '設定', 'する', '音声', '面', '中心', 'する', '外国語', '用いる', 'コミュニケーション', '図る', '素地', 'なる', '資質', '能力', '育成', 'する', '上', '高学年', 'おく', '読む', 'こと', '書く', 'こと', '加える', '教科', 'する', '外国語', '導入', 'する', '五', '領域', '言語', '活動', '通ずる', 'コミュニケーション', '図る', '基礎', 'なる', '資', '質', '能力', '育成', 'する', 'こと', 'する', 'いる', '中学年', '外国語', '活動', '目標', 'つく', '学年', '示す', '弾力', '指導', 'できる', '2', '年間', '通す', '目標', 'する', '2', '内容', '構成', '外国語', '教育', 'おく', '育成', '目指す', '三', '資質', '能力', '身', '付ける', '高等学校', '通ずる', '領域', '別', '目標', '下', '内容', 'つく', '以下', 'とおり', '体系的', '構成', '整理', 'する', '前述', '中学年', '外国語', '活動', '目標', '英語', '目標', '実現', 'する', 'ため', 'Ⅰ', '知識', '技能', 'する', '英語', '特徴', '関する', '事項', '2', '2', '1', 'Ⅱ', '思考力', '判断力', '表現力', 'する', '情報', '整理', 'する', '考え', '形成', 'する', '英語', '表現', 'する', '伝え合う', 'する', 'こと', '関する', '事項', '2', '2', '2', '整理', 'する', '上', 'Ⅲ', '言語', '活動', '言語', '働き', '関する', '事項', '2', '2', '3', 'する', '知識', '8']"
2017,activity,3-4,2017_activity,8,sousetsu,"及び技能」を活用して「思考力，判断力，表現力等」を身に付けるため
の具体的な言語活動，言語の働き等
を整理した。
また，
（ⅳ）指導計画の作成と内容の取扱い（第２の３）においては，高学年の外
国語科や中・高等学校における指導との接続に留意しながら指導すべき
留意点等
を整理し，具体的な指導や評価において活用されるよう内容の構成全体を整 ２
中学年の外国語活動
理した。
の導入の趣旨と要点
各学校においては，このような内容構成を理解し，言語材料と言語活動，
言語の働き等を効果的に関連付け，総合的に組み合わせて指導するとともに，
この構成の中で，主体的・対話的で深い学びの実現に向けた授業改善を推進
するため，学習過程を繰り返し経るような指導の改善・充実が図られる必要
がある。
③内容
内容については，高学年の外国語科や中・高等学校における学習内容との
接続の観点も踏まえ，次のように設定した。
・「知識及び技能」については，実際に外国語を用いた言語活動を通して，
言語や文化について体験的に理解を深め，日本語と外国語との音声の違
い等に気付くとともに，外国語の音声や基本的な表現に慣れ親しませる
ようにすることとした。
・「思考力，判断力，表現力等」については，具体的な課題等を設定し，
コミュニケーションを行う目的や場面，状況などに応じて，情報や考え
などを表現することを通して，身近で簡単な事柄について，外国語で聞
いたり話したりして自分の考えや気持ちなどを伝え合う力の素地を養う
こととした。
④学習指導
中学年の外国語活動の「英語」における指導計画の作成と内容の取扱いに
ついては，次のように設定した。
・言語活動で扱う題材については，我が国の文化や，外国語の背景にある
文化に対する関心を高め，理解を深めようとする態度を養うのに役立つ
ものとすることとした。
・外国語を初めて学習することに配慮し，簡単な語句や基本的な表現を用
9","['技能', '活用', 'する', '思考力', '判断力', '表現力', '身', '付ける', 'ため', '具体的', '言語', '活動', '言語', '働き', '整理', 'する', 'Ⅳ', '指導', '計画', '作成', '内容', '取扱い', '2', '3', 'おく', '高学年', '外', '国語科', '高等学校', 'おく', '指導', '接続', '留意', 'する', '指導', 'す', '留意点', '整理', 'する', '具体的', '指導', '評価', 'おく', '活用', 'する', '内容', '構成', '全体', '整', '2', '中学', '年', '外国語', '活動', '理', 'する', '導入', '趣旨', '要点', '学校', 'おく', '内容', '構成', '理解', 'する', '言語', '材料', '言語', '活動', '言語', '働き', '効果的', '関連', '付ける', '総合的', '組み合わせる', '指導', 'する', 'とも', '構成', '中', '主体的', '対話', '学び', '実現', '向ける', '授業', '改善', '推進', 'する', 'ため', '学習', '過程', '繰り返す', '経る', '指導', '改善', '充実', '図る', '必要', 'ある', '3', '内容', '内容', 'つく', '高学年', '外国語', '高等学校', 'おく', '学習', '内容', '接続', '観点', '踏まえる', '次', '設定', 'する', '知識', '技能', 'つく', '実際', '外国語', '用いる', '言語', '活動', '通す', '言語', '文化', 'つく', '体験', '理解', '深める', '日本語', '外国語', '音声', '違', 'いる', '気付く', 'とも', '外国語', '音声', '基本的', '表現', '慣れ親しむ', 'する', 'こと', 'する', '思考力', '判断力', '表現力', 'つく', '具体的', '課題', '設定', 'する', 'コミュニケーション', '行う', '目的', '場面', '状況', '応ずる', '情報', '考え', '表現', 'する', 'こと', '通す', '事柄', 'つく', '外国語', '聞', 'いる', '話す', 'する', '自分', '考え', '気持ち', '伝え合う', '力', '素地', '養う', 'こと', 'する', '4', '学習指導', '中学', '年', '外国語', '活動', '英語', 'おく', '指導', '計画', '作成', '内容', '取扱い', 'つく', '次', '設定', 'する', '言語', '活動', '扱う', '題材', 'つく', '我が国', '文化', '外国語', '背景', 'ある', '文化', '対する', '関心', '高める', '理解', '深める', 'する', '態度', '養う', '役立つ', 'もの', 'する', 'こと', 'する', '外国語', '学習', 'する', 'こと', '配慮', 'する', '語句', '基本的', '表現', '用', '9']"
2017,activity,3-4,2017_activity,9,sousetsu,"いて友達との関わりを大切にした体験的な言語活動を行うこととした。
第１章
総 説
10","['いる', '友達', '関わり', 'する', '体験', '言語', '活動', '行う', 'こと', 'する', '1', '章', '説', '10']"
2017,activity,3-4,2017_activity,10,pedagogical,"第 2 章 外国語活動の目標及び内容
第 1 節 外国語活動の目標
外国語活動では，次のように目標を設定した。
第１ 目 標
外国語によるコミュニケーションにおける見方・考え方を働かせ，外国語
による聞くこと，話すことの言語活動を通して，コミュニケーションを図る
素地となる資質・能力を次のとおり育成することを目指す。
外国語活動の目標は，コミュニケーションを図る素地となる資質・能力を育 １
外国語活
成することである。このためには，次の（1）（2）（3）に示す「知識及び技能」，「思
動の目標
考力，判断力，表現力等」，「学びに向かう力，人間性等」それぞれに関わる外
国語特有の資質・能力を育成する必要があり，その際，外国語教育の特質に応
じて，児童が物事を捉え，思考する「外国語によるコミュニケーションにおけ
る見方・考え方」を働かせることが重要である。
「外国語によるコミュニケーションにおける見方・考え方」とは，外国語に
よるコミュニケーションの中で，どのような視点で物事を捉え，どのような考
え方で思考していくのかという，物事を捉える視点や考え方であり，「外国語
で表現し伝え合うため，外国語やその背景にある文化を，社会や世界，他者と
の関わりに着目して捉え，コミュニケーションを行う目的や場面，状況等に応
じて，情報を整理しながら考えなどを形成し，再構築すること」であると考え
られる。
外国語やその背景にある文化を，社会や世界，他者との関わりに着目して捉
えるとは，外国語で他者とコミュニケーションを行うには，社会や世界との関
わりの中で事象を捉えたり，外国語やその背景にある文化を理解するなどして
相手に十分配慮したりすることが重要であることを示している。また，コミュ
ニケーションを行う目的や場面，状況等に応じて，情報を整理しながら考えな
どを形成し，再構築することとは，多様な人々との対話の中で，目的や場面，
状況等に応じて，既習のものも含めて習得した概念（知識）を相互に関連付け
てより深く理解したり，情報を精査して考えを形成したり，課題を見いだして
解決策を考えたり，身に付けた思考力を発揮させたりすることであり，外国語
で表現し伝え合うためには，適切な言語材料を活用し，思考・判断して情報を
整理するとともに，自分の考えなどを形成，再構築することが重要であること
11","['2', '章', '外国語', '活動', '目標', '内容', '1', '節', '外国語', '活動', '目標', '外国語', '活動', '次', '目標', '設定', 'する', '1', '目', '標', '外国語', 'よる', 'コミュニケーション', 'おく', '見方', '考え方', '働く', '外国語', 'よる', '聞く', 'こと', '話す', 'こと', '言語', '活動', '通す', 'コミュニケーション', '図る', '素地', 'なる', '資質', '能力', '次', 'とおり', '育成', 'する', 'こと', '目指す', '外国語', '活動', '目標', 'コミュニケーション', '図る', '素地', 'なる', '資質', '能力', '1', '外国語', '活', '成', 'する', 'こと', 'ある', 'ため', '次', '1', '2', '3', '示す', '知識', '技能', '思', '動', '目標', '考', '判断力', '表現力', '学び', '向かう', '力', '人間性', 'それぞれ', '関わる', '外', '国語', '資質', '能力', '育成', 'する', '必要', 'ある', '際', '外国語', '教育', '特質', '応', '児童', '物事', '捉える', '思考', 'する', '外国語', 'よる', 'コミュニケーション', 'おく', '見方', '考え方', '働く', 'こと', 'ある', '外国語', 'よる', 'コミュニケーション', 'おく', '見方', '考え方', '外国語', 'よる', 'コミュニケーション', '中', '視点', '物事', '捉える', '考', '方', '思考', 'する', 'いく', 'いう', '物事', '捉える', '視点', '考え方', 'ある', '外国語', '表現', 'する', '伝え合う', 'ため', '外国語', '背景', 'ある', '文化', '社会', '世界', '他者', '関わり', '着目', 'する', '捉える', 'コミュニケーション', '行う', '目的', '場面', '状況', '応', '情報', '整理', 'する', '考え', '形成', 'する', '構築', 'する', 'こと', 'ある', '考える', '外国語', '背景', 'ある', '文化', '社会', '世界', '他者', '関わり', '着目', 'する', '捉', 'える', '外国語', '他者', 'コミュニケーション', '行う', '社会', '世界', '関', 'わり', '中', '事象', '捉える', '外国語', '背景', 'ある', '文化', '理解', 'する', 'する', '相手', '配慮', 'する', 'する', 'こと', 'ある', 'こと', '示す', 'いる', 'コミュ', 'ニケーション', '行う', '目的', '場面', '状況', '応ずる', '情報', '整理', 'する', '考え', 'ど', '形成', 'する', '構築', 'する', 'こと', '人々', '対話', '中', '目的', '場面', '状況', '応ずる', '既習', 'もの', '含める', '習得', 'する', '概念', '知識', '相互', '関連', '付け', '理解', 'する', '情報', '精査', 'する', '考え', '形成', 'する', '課題', '見いだす', '解決策', '考える', '身', '付ける', '思考力', '発揮', 'する', 'する', 'こと', 'ある', '外国語', '表現', 'する', '伝え合う', 'ため', '言語', '材料', '活用', 'する', '思考', '判断', 'する', '情報', '整理', 'する', 'とも', '自分', '考え', '形成', '構築', 'する', 'こと', 'ある', 'こと', '11']"
2017,activity,3-4,2017_activity,11,pedagogical,"を示している。
外国語によるコミュニケーションの一連の過程を通して，このような「見方・
考え方」を働かせながら，自分の思いや考えを表現することなどを通じて，児
童の発達の段階に応じて「見方・考え方」を豊かにすることが重要である。こ
の「見方・考え方」を確かで豊かなものとすることで，学ぶことの意味と自分
の生活，人生や社会，世界の在り方を主体的に結び付ける学びが実現され，学
校で学ぶ内容が，生きて働く力として育まれることになる。さらに，こうした
学びの過程が外国語教育の主体的・対話的で深い学びの実現に向けた授業改善
につながる。その鍵となるものが，教科等の特質に応じた「見方・考え方」で
ある。
ところで，言語能力について，中央教育審議会答申では，「言葉は，学校と
第２章 いう場において子供が行う学習活動を支える重要な役割を果たすものであり，
外国語活動の
全ての教科等における資質・能力の育成や学習の基盤となるものである。した
目標及び内容
がって，言語能力の向上は，学校における学びの質や，教育課程全体における
資質・能力の育成の在り方に関わる課題」であるとし，その育成が求められて
いる。
このことを踏まえれば，例えば，初めて外国語に触れる段階である小学校に
おいては，母語を用いたコミュニケーションを図る際には意識されていなかっ
た，相手の発する外国語を注意深く聞いて何とか相手の思いを理解しようとし
たり，もっている知識などを総動員して他者に外国語で自分の思いを何とか伝
えようとしたりする体験を通して，日本語を含む言語でコミュニケーションを
図る難しさや大切さを改めて感じることが，言語によるコミュニケーション能
力を身に付ける上で重要であり，言語への興味・関心を高めることにつながる
と考えられる。
したがって，小学校における外国語教育においては，先に述べた「外国語に
よるコミュニケーションにおける見方・考え方」のうち，外国語やその背景に
ある文化を，社会や世界，他者との関わりに着目して捉える点を重視すべきで
あると考えられる。
「外国語による聞くこと，話すことの言語活動を通して」とは，外国語活動
の目標を実現するために必要な指導事項について述べたものであり，本解説第
１部第２章第２節２（3）で詳細を解説する。
「コミュニケーションを図る素地となる資質・能力」が中学年の外国語活動
の目標の中心となる部分である。これは，高学年の外国語科の目標である，「コ
ミュニケーションを図る基礎となる資質・能力」及び中学校の外国語科の目標
である，「簡単な情報や考えなどを理解したり表現したり伝え合ったりするコ
12","['示す', 'いる', '外国語', 'よる', 'コミュニケーション', '一連', '過程', '通す', '見方', '考え方', '働く', '自分', '思い', '考え', '表現', 'する', 'こと', '通ずる', '児', '童', '発達', '段階', '応ずる', '見方', '考え方', 'する', 'こと', 'ある', '見方', '考え方', 'もの', 'する', 'こと', '学ぶ', 'こと', '意味', '自分', '生活', '人生', '社会', '世界', '在り方', '主体的', '結び付ける', '学び', '実現', 'する', '学', '学ぶ', '内容', '生きる', '働く', '力', 'する', '育む', 'こと', 'なる', 'する', '学び', '過程', '外国語', '教育', '主体的', '対話', '学び', '実現', '向ける', '授業', '改善', 'つながる', '鍵', 'なる', 'もの', '教科', '特質', '応ずる', '見方', '考え方', 'ある', 'ところ', '言語', '能力', 'つく', '中央教育審議会', '答申', '言葉', '学校', '2', '章', 'いう', '場', 'おく', '子供', '行う', '学習', '活動', '支える', '役割', '果たす', 'もの', 'ある', '外国語', '活動', '全て', '教科', 'おく', '資質', '能力', '育成', '学習', '基盤', 'なる', 'もの', 'ある', 'する', '目標', '内容', '言語', '能力', '向上', '学校', 'おく', '学び', '質', '教育課程', '全体', 'おく', '資質', '能力', '育成', '在り方', '関わる', '課題', 'ある', 'する', '育成', '求める', 'いる', 'こと', '踏まえる', '外国語', '触れる', '段階', 'ある', '小学校', 'おく', '母語', '用いる', 'コミュニケーション', '図る', '際', '意識', 'する', 'いる', '相手', '発する', '外国語', '注意', '聞く', '相手', '思い', '理解', 'する', 'する', 'もつ', 'いる', '知識', '総動員', 'する', '他者', '外国語', '自分', '思い', '伝', 'える', 'する', 'する', '体験', '通す', '日本語', '含む', '言語', 'コミュニケーション', '図る', '難しさ', '感じる', 'こと', '言語', 'よる', 'コミュニケーション', '能', '力', '身', '付ける', '上', 'ある', '言語', '興味', '関心', '高める', 'こと', 'つながる', '考える', 'したがう', '小学校', 'おく', '外国語', '教育', 'おく', '先', '述べる', '外国語', 'よる', 'コミュニケーション', 'おく', '見方', '考え方', 'うち', '外国語', '背景', '文化', '社会', '世界', '他者', '関わり', '着目', 'する', '捉える', '点', '重視', 'す', 'ある', '考える', '外国語', 'よる', '聞く', 'こと', '話す', 'こと', '言語', '活動', '通す', '外国語', '活動', '目標', '実現', 'する', 'ため', '必要', '指導事項', 'つく', '述べる', 'もの', 'ある', '解説', '1', '部', '2', '章', '2', '節', '2', '3', '詳細', '解説', 'する', 'コミュニケーション', '図る', '素地', 'なる', '資質', '能力', '中学年', '外国語', '活動', '目標', '中心', 'なる', '部分', 'ある', '高学年', '外国語', '目標', 'ある', 'コ', 'ミュニケーション', '図る', '基礎', 'なる', '資質', '能力', '中学校', '外国語', '目標', 'ある', '情報', '考え', '理解', 'する', '表現', 'する', '伝え合う', 'する', 'コ', '12']"
2017,activity,3-4,2017_activity,12,pedagogical,"ミュニケーションを図る資質・能力」につながるものである。「素地」とした
のは，中学校の外国語科が「コミュニケーションを図る資質・能力」であるこ
とに対して，高学年の外国語科の目標がその「基礎となる資質・能力」であり，
それに対しての「素地となる資質・能力」ということからである。総則にもあ
るとおり，小学校までの学習の成果が中学校教育に円滑に接続され，育成を目
指す資質・能力を児童が確実に身に付けることができるよう工夫する必要があ
る。
改訂前の高学年における外国語活動の目標においては，
① 言語や文化に関する体験的な理解
② 積極的にコミュニケーションを図ろうとする態度
③ 外国語への慣れ親しみ
の三つの事項を念頭に置いていたが，今回の改訂では，育成を目指す資質・能 １
外国語活
力の三つの柱である「知識及び技能」，「思考力，判断力，表現力等」及び「学
動の目標
びに向かう力，人間性等」のそれぞれに関わる目標を，以下（1）（2）（3）のよう
に明確に設定している。
（1）外国語を通して，言語や文化について体験的に理解を深め，日本語と外
国語との音声の違い等に気付くとともに，外国語の音声や基本的な表現に
慣れ親しむようにする。
（1）は，外国語活動における「何を理解しているか，何ができるか」という「知
識及び技能」を体験的に身に付けることに関わる目標として掲げたものである。
前述のとおり，改訂前の高学年における外国語活動の目標は三つの事項を柱
としていたが，今回の改訂では，音声中心で学んだことが，中学校の段階で音
声から文字への学習に円滑に接続されていないなどの課題を踏まえ，「日本語
と外国語との音声の違い等に気付く」を「知識及び技能」に追加し，これをこ
れまでの活動と統合的に体験することで，段階的に高学年の外国語科や中・高
等学校における外国語学習につながるようにした。
「言語や文化について体験的に理解を深め」るとは，外国語活動において，
児童のもつ柔軟な適応力を生かして，言葉への自覚を促し，幅広い言語に関す
る能力や国際感覚の基盤を培うため，日本語や我が国の文化を含めた言語や文
化に対する理解を深めることを指している。その際，知識のみによって理解を
深めるのではなく，体験を通して理解を深めることとしている。体験的に理解
を深めることで，言葉の大切さや豊かさ等に気付いたり，言語に対する興味・
関心を高めたり，これらを尊重する態度を身に付けたりすることは，国語科の
13","['ミュニケーション', '図る', '資質', '能力', 'つながる', 'もの', 'ある', '素地', 'する', '中学校', '外国語', 'コミュニケーション', '図る', '資質', '能力', 'であるく', '対する', '高学年', '外国語', '目標', '基礎', 'なる', '資質', '能力', 'ある', '対する', '素地', 'なる', '資質', '能力', 'いう', 'こと', 'ある', '総則', 'とおり', '小学校', '学習', '成果', '学校教育', '接続', 'する', '育成', '目', '指す', '資質', '能力', '児童', '身', '付ける', 'こと', 'できる', '工夫', 'する', '必要', '改訂', '前', '高学年', 'おく', '外国語', '活動', '目標', 'おく', '1', '言語', '文化', '関する', '体験', '理解', '2', '積極的', 'コミュニケーション', '図る', 'する', '態度', '3', '外国語', '慣れ親しむ', '三', '事項', '念頭', '置く', 'いる', '今回', '改訂', '育成', '目指す', '資質', '能', '1', '外国語', '活', '力', '三', '柱', 'ある', '知識', '技能', '思考力', '判断力', '表現力', '学', '動', '目標', 'び', '向かう', '力', '人間性', 'それぞれ', '関わる', '目標', '以下', '1', '2', '3', '設定', 'する', 'いる', '1', '外国語', '通す', '言語', '文化', 'つく', '体験', '理解', '深める', '日本語', '外', '国語', '音声', '違い', '気付く', 'とも', '外国語', '音声', '基本的', '表現', '慣れ親しむ', 'する', '1', '外国語', '活動', 'おく', '理解', 'する', 'いる', 'できる', 'いう', '知', '識', '技能', '体験', '身', '付ける', 'こと', '関わる', '目標', 'する', '掲げる', 'もの', 'ある', '前述', 'とおり', '改訂', '前', '高学年', 'おく', '外国語', '活動', '目標', '三', '事項', '柱', 'する', 'いる', '今回', '改訂', '音声', '中心', '学ぶ', 'こと', '中学校', '段階', '音', '声', '文字', '学習', '接続', 'する', 'いる', '課題', '踏まえる', '日本語', '外国語', '音声', '違い', '気付く', '知識', '技能', '追加', 'する', 'くる', '活動', '統合', '体験', 'する', 'こと', '段階的', '高学年', '外国語', '高', '学校', 'おく', '外国語', '学習', 'つながる', 'する', '言語', '文化', 'つく', '体験', '理解', '深める', '外国語', '活動', 'おく', '児童', 'もつ', '適応力', '生かす', '言葉', '自覚', '促す', '言語', '関す', '能力', '国際', '感覚', '基盤', '培う', 'ため', '日本語', '我が国', '文化', '含める', '言語', '文', '対する', '理解', '深める', 'こと', '指す', 'いる', '際', '知識', 'よる', '理解', '深める', '体験', '通す', '理解', '深める', 'こと', 'する', 'いる', '体験', '理解', '深める', 'こと', '言葉', '気付く', '言語', '対する', '興味', '関心', '高める', '尊重', 'する', '態度', '身', '付ける', 'する', 'こと', '国語科', '13']"
2017,activity,3-4,2017_activity,13,pedagogical,"学習にも資するものと考えられる。また，これらのことは，後述する「学びに
向かう力，人間性等」にもつながるものである。
「日本語と外国語との音声の違い等に気付く」とは，日本語と外国語を比較
することで，日本語と外国語との音声の違い等に気付かせることを指している。
日本語の音声の特徴を意識させながら，外国語を用いたコミュニケーションを
通して，日本語の使用だけでは気付くことが難しい日本語の音声の特徴や言葉
の仕組みへの気付きを促すことにより，日本語についての理解を深めることが
できる。さらに，このことは言葉の豊かさに気付かせ，外国語学習への意欲の
向上や，高学年の外国語科で育成を目指す資質・能力の向上にも資すると考え
られる。
「外国語の音声や基本的な表現に慣れ親しむ」とは，高学年以降の外国語学
第２章 習における聞く力や話す力につながるものとして，児童の柔軟な適応力を生か
外国語活動の
して，外国語の音声や基本的な表現に慣れ親しむことを示している。
目標及び内容
そして，これらのことを「外国語を通して」行うことを明記している。これ
は，言語や文化について体験的に理解を深めたり，日本語と外国語との音声の
違い等に気付いたりするには，様々な方法が考えられるが，外国語活動は，「外
国語を通して」という特有の方法によって，この目標の実現を図ろうとするも
のであることを明確にしたものである。
このような「知識及び技能」の育成は，言語活動の充実につながる。子供た
ちは，言葉の大切さや豊かさに気付くからこそ，学んだ言葉を使って人とコミュ
ニケーションを図ろうとし，また，日本語と外国語との音声の違い等に気付く
からこそ，日本語とは違う外国語のリズムや発音などをより楽しみながら活動
することになる。更に外国語の音声や基本的な表現に慣れ親しんでいるからこ
そ，自信をもって言語活動に臨めるのである。
（2）身近で簡単な事柄について，外国語で聞いたり話したりして自分の考え
や気持ちなどを伝え合う力の素地を養う。
（2）は，外国語活動における「理解していること・できることをどう使うか」
という「思考力，判断力，表現力等」の育成に関わる目標として掲げたもので
ある。
「身近で簡単な事柄」とは，高学年の外国語科と同様，児童がよく知ってい
る人や物，事柄のうち簡単な語彙や基本的な表現で表すことができるものを指
している。例えば，学校の友達や教師，家族などコミュニケーションを図って
いる相手，身の回りの物や自分が大切にしている物，学校や家庭での出来事や
14","['学習', '資する', 'もの', '考える', 'こと', '後述', 'する', '学び', '向かう', '力', '人間性', 'つながる', 'もの', 'ある', '日本語', '外国語', '音声', '違い', '気付く', '日本語', '外国語', '比較', 'する', 'こと', '日本語', '外国語', '音声', '違い', '気付く', 'こと', '指す', 'いる', '日本語', '音声', '特徴', '意識', 'する', '外国語', '用いる', 'コミュニケーション', '通す', '日本語', '使用', '気付く', 'こと', '日本語', '音声', '特徴', '言葉', '仕組み', '気付き', '促す', 'こと', 'よる', '日本語', 'つく', '理解', '深める', 'こと', 'できる', 'こと', '言葉', '気付く', '外国語', '学習', '意欲', '向上', '高学年', '外国語', '育成', '目指す', '資質', '能力', '向上', '資する', '考える', '外国語', '音声', '基本的', '表現', '慣れ親しむ', '高学年', '以降', '外国語学', '2', '章', '習', 'おく', '聞く', '力', '話す', '力', 'つながる', 'もの', 'する', '児童', '適応力', '生く', '外国語', '活動', 'する', '外国語', '音声', '基本的', '表現', '慣れ親しむ', 'こと', '示す', 'いる', '目標', '内容', 'こと', '外国語', '通す', '行う', 'こと', '明記', 'する', 'いる', '言語', '文化', 'つく', '体験', '理解', '深める', '日本語', '外国語', '音声', '違い', '気付く', 'する', '方法', '考える', '外国語', '活動', '外', '国語', '通す', 'いう', '方法', 'よる', '目標', '実現', '図る', 'す', 'ある', 'こと', 'する', 'もの', 'ある', '知識', '技能', '育成', '言語', '活動', '充実', 'つながる', '子供', 'ち', '言葉', '気付く', '学ぶ', '言葉', '使う', '人', 'コミュ', 'ニケーション', '図る', 'する', '日本語', '外国語', '音声', '違い', '気付く', '日本語', '違う', '外国語', 'リズム', '発音', '楽しむ', '活動', 'する', 'こと', 'なる', '外国語', '音声', '基本的', '表現', '慣れ親しむ', 'いる', 'くる', '自信', 'もつ', '言語', '活動', '臨める', 'ある', '2', '事柄', 'つく', '外国語', '聞く', '話す', 'する', '自分', '考え', '気持ち', '伝え合う', '力', '素地', '養う', '2', '外国語', '活動', 'おく', '理解', 'する', 'いる', 'こと', 'できる', 'こと', '使う', 'いう', '思考力', '判断力', '表現力', '育成', '関わる', '目標', 'する', '掲げる', 'もの', 'ある', '事柄', '高学年', '外国語', '児童', '知る', 'いる', '人', '物', '事柄', 'うち', '語彙', '基本的', '表現', '表す', 'こと', 'できる', 'もの', '指', 'する', 'いる', '学校', '友達', '教師', '家族', 'コミュニケーション', '図る', 'いる', '相手', '身の回り', '物', '自分', 'する', 'いる', '物', '学校', '家庭', '出来事', '14']"
2017,activity,3-4,2017_activity,14,pedagogical,"日常生活で起こることなどが考えられる。また，中学校の外国語科では，「日
常的な話題や社会的な話題」としており，これらは生徒の日々の生活に関わる
話題や社会で起こっている出来事や問題に関わる話題のことを指している。中
学年の外国語活動で身近で簡単な事柄について音声で十分にコミュニケーショ
ンを図っておくことが，高学年以降の外国語学習の動機付けとなり，更に話題
を広げてコミュニケーションを図ることにつながっていく。
また，中学年の外国語活動では，伝え合う力の素地を「外国語で聞いたり話
したりして」と，「聞くこと」，「話すこと［やり取り］」及び「話すこと［発表］」
の三つの領域を通して養うこととしている。一方，高学年の外国語科では，「聞
くこと」，「読むこと」，「話すこと［やり取り］」，「話すこと［発表］」，「書くこ
と」の五つの領域を通して養うこととしている。これは，児童が中学年で初め
て外国語に触れることに配慮したものである。また，中学校の外国語科では， １
外国語活
「外国語で簡単な情報や考えなどを理解したり，これらを活用して表現したり
動の目標
伝え合ったりする」としており，複数の領域を統合した言語活動を通して養わ
れることとなる。
外国語教育においては，このようなコミュニケーションを行う目的や場面，
状況等に応じて，情報や考えなどを，外国語で聞いたり読んだりして的確に理
解したり，外国語を話したり書いたりして適切に表現し伝え合ったりする力を
育成するため，資質・能力の三つの柱を踏まえた一連の学習過程の改善・充実
を図る必要がある。ここでは，中学年の発達の段階を踏まえ，身近で簡単な事
柄について，外国語で聞いたり話したりして自分の考えや気持ちなどを伝え合
う力の素地を明示した。
（3）外国語を通して，言語やその背景にある文化に対する理解を深め，相手
に配慮しながら，主体的に外国語を用いてコミュニケーションを図ろうと
する態度を養う。
（3）は，外国語活動における「どのように社会・世界と関わり，よりよい人
かん
生を送るか」という「学びに向かう力，人間性等」の涵養に関わる目標として
掲げたものである。
中央教育審議会答申では，この「学びを人生や社会に生かそうとする『学び
かん
に向かう力・人間性等』の涵養」を重視し，（1）の「知識及び技能」や（2）の「思
考力，判断力，表現力等」の資質・能力をどのような方向性で働かせていくか
を決定付ける重要な要素とされている。
外国語教育における「学びに向かう力，人間性等」は，児童が言語活動に主
15","['日常生活', '起こる', 'こと', '考える', '中学校', '外国語', '日', '常', '話題', '社会的', '話題', 'する', 'おる', '生徒', '日々', '生活', '関わる', '話題', '社会', '起こる', 'いる', '出来事', '問題', '関わる', '話題', 'こと', '指す', 'いる', '中', '学年', '外国語', '活動', '事柄', 'つく', '音声', 'コミュニケーショ', '図る', 'おく', 'こと', '高学年', '以降', '外国語', '学習', '動機付け', 'なる', '話題', '広げる', 'コミュニケーション', '図る', 'こと', 'つながる', 'いく', '中学年', '外国語', '活動', '伝え合う', '力', '素地', '外国語', '聞く', '話', 'する', 'する', '聞く', 'こと', '話す', 'こと', 'やり取り', '話す', 'こと', '発表', '三', '領域', '通す', '養う', 'こと', 'する', 'いる', '高学年', '外国語', '聞', 'くこ', '読む', 'こと', '話す', 'こと', 'やり取り', '話す', 'こと', '発表', '書', 'くこ', '五', '領域', '通す', '養う', 'こと', 'する', 'いる', '児童', '中学年', '初め', '外国語', '触れる', 'こと', '配慮', 'する', 'もの', 'ある', '中学校', '外国語', '1', '外国語', '活', '外国語', '情報', '考え', '理解', 'する', '活用', 'する', '表現', 'する', '動', '目標', '伝え合う', 'する', 'する', 'おる', '複数', '領域', '統合', 'する', '言語', '活動', '通す', '養う', 'こと', 'なる', '外国語', '教育', 'おく', 'コミュニケーション', '行う', '目的', '場面', '状況', '応ずる', '情報', '考え', '外国語', '聞く', '読む', 'する', '理', '解する', '外国語', '話す', '書く', 'する', '表現', 'する', '伝え合う', 'する', '力', '育成', 'する', 'ため', '資質', '能力', '三', '柱', '踏まえる', '一連', '学習', '過程', '改善', '充実', '図る', '必要', 'ある', '中学年', '発達', '段階', '踏まえる', '事', '柄', 'つく', '外国語', '聞く', '話す', 'する', '自分', '考え', '気持ち', '伝える', '合', '力', '素地', '明示', 'する', '3', '外国語', '通す', '言語', '背景', 'ある', '文化', '対する', '理解', '深める', '相手', '配慮', 'する', '主体的', '外国語', '用いる', 'コミュニケーション', '図る', 'する', '態度', '養う', '3', '外国語', '活動', 'おく', '社会', '世界', '関わる', '人', '生', '送る', 'いう', '学び', '向かう', '力', '人間性', '涵養', '関わる', '目標', 'する', '掲げる', 'もの', 'ある', '中央教育審議会', '答申', '学び', '人生', '社会', '生かす', 'する', '学び', '向かう', '力', '人間性', '涵養', '重視', 'する', '1', '知識', '技能', '2', '思', '考', '判断力', '表現力', '資質', '能力', '方向性', '働く', 'いく', '決定', '付ける', '要素', 'する', 'いる', '外国語', '教育', 'おく', '学び', '向かう', '力', '人間性', '児童', '言語', '活動', '主', '15']"
2017,activity,3-4,2017_activity,15,pedagogical,"体的に取り組むことが外国語によるコミュニケーションを図る素地となる資
質・能力を身に付ける上で不可欠であるため，極めて重要な観点である。「知
識及び技能」を実際のコミュニケーションの場面において活用し，考えを形成・
深化させ，話して表現することを繰り返すことで，児童に自信が生まれ，主体
的に学習に取り組む態度が一層向上するため，「知識及び技能」及び「思考力，
判断力，表現力等」と「学びに向かう力，人間性等」は不可分に結び付いてい
る。児童が興味をもって取り組むことができる言語活動を易しいものから段階
的に取り入れたり，自己表現活動の工夫をしたりするなど，様々な手立てを通
じて児童の主体的に学習に取り組む態度の育成を目指した指導をすることが大
切である。
ところで，高学年の外国語科では，「外国語の背景にある文化に対する理解
第２章 を深め」としているのに対して，中学年の外国語活動では，「言語やその背景
外国語活動の
にある文化に対する理解を深め」としたのは，学習対象である外国語などの固
目標及び内容
有の言語だけでなく，日本語も含めた言語の普遍性について体験的に気付くこ
とが重要であることからである。母語以外の言語を学び，母語と外国語を比べ
ることで，言語には普遍性と固有性があることに気付き，そうすることで母語
の性質や価値，外国語の性質や価値をよりよく理解できるようになる。つまり，
母語を，外国語を通して相対化することができるということである。このこと
は，児童の母語の力をより確かなものにすることにつながる。中学年の外国語
活動においてそのようにして体験的に気付くことが，高学年以降の外国語学習
への意欲につながると考えられる。
また，「相手に配慮しながら」としたのは，言語は通常，人との関わりの中
で用いられるため，他者を尊重し，聞き手・読み手・話し手・書き手に配慮し
ながらコミュニケーションを図ることが求められることからである。例えば，
聞き手の理解の状況を確認しながら話しているか，相手の発話に反応しながら
聞き続けようとする態度を示しているかなどの相手への配慮が求められること
になる。高学年の外国語科では，「他者に配慮しながら」としているのに対して，
中学年の外国語活動では，「相手に配慮しながら」としたのは，初めて外国語
に触れることや，中学年の児童の発達の段階から常にコミュニケーションの対
象となるのは，目の前にいる相手と限定したことからである。
「主体的に外国語を用いてコミュニケーションを図ろうとする態度」とは，
単に授業等において積極的に外国語を使ってコミュニケーションを図ろうとす
る態度のみならず，学校教育外においても，生涯にわたって継続して外国語習
得に取り組もうとするといった態度を養うことを目標としている。これは，学
校教育法において，学力の重要な要素として「生涯にわたり学習する基盤が培
16","['体', '取り組む', 'こと', '外国語', 'よる', 'コミュニケーション', '図る', '素地', 'なる', '資', '質', '能力', '身', '付ける', '上', 'ある', 'ため', '観点', 'ある', '知', '識', '技能', '実際', 'コミュニケーション', '場面', 'おく', '活用', 'する', '考え', '形成', '深化', 'する', '話す', '表現', 'する', 'こと', '繰り返す', 'こと', '児童', '自信', '生まれる', '主体', '学習', '取り組む', '態度', '向上', 'する', 'ため', '知識', '技能', '思考力', '判断力', '表現力', '学び', '向かう', '力', '人間性', '不可分', '結び付く', 'いる', '児童', '興味', 'もつ', '取り組む', 'こと', 'できる', '言語', '活動', 'もの', '段階', '取り入れる', '自己', '表現', '活動', '工夫', 'する', 'する', '手立て', '通', '児童', '主体的', '学習', '取り組む', '態度', '育成', '目指す', '指導', 'する', 'こと', '大', 'ある', 'ところ', '高学年', '外国語', '外国語', '背景', 'ある', '文化', '対する', '理解', '2', '章', '深める', 'する', 'いる', '対する', '中学年', '外国語', '活動', '言語', '背景', '外国語', '活動', 'ある', '文化', '対する', '理解', '深める', 'する', '学習', '対象', 'ある', '外国語', '目標', '内容', '有', '言語', '日本語', '含める', '言語', '普遍性', 'つく', '体験', '気付く', 'こ', 'ある', 'こと', 'ある', '母語', '以外', '言語', '学ぶ', '母語', '外国語', '比べる', 'こと', '言語', '普遍性', '固有性', 'ある', 'こと', '気付く', 'する', 'こと', '母語', '性質', '価値', '外国語', '性質', '価値', '理解', 'できる', 'なる', '母語', '外国語', '通す', '相対', 'する', 'こと', 'できる', 'いう', 'こと', 'ある', 'こと', '児童', '母語', '力', 'もの', 'する', 'こと', 'つながる', '中学年', '外国語', '活動', 'おく', 'する', '体験', '気付く', 'こと', '高学年', '以降', '外国語', '学習', '意欲', 'つながる', '考える', '相手', '配慮', 'する', 'する', '言語', '通常', '人', '関わり', '中', '用いる', 'ため', '他者', '尊重', 'する', '聞き手', '読み手', '話し手', '書き手', '配慮', 'する', 'コミュニケーション', '図る', 'こと', '求める', 'こと', 'ある', '聞き手', '理解', '状況', '確認', 'する', '話す', 'いる', '相手', '発話', '反応', 'する', '聞く', '続ける', 'する', '態度', '示す', 'いる', '相手', '配慮', '求める', 'こと', 'なる', '高学年', '外国語', '他者', '配慮', 'する', 'する', 'いる', '対する', '中学', '年', '外国語', '活動', '相手', '配慮', 'する', 'する', '外国語', '触れる', 'こと', '中学年', '児童', '発達', '段階', '常', 'コミュニケーション', '対', '象', 'なる', '目', '前', 'いる', '相手', '限定', 'する', 'こと', 'ある', '主体的', '外国語', '用いる', 'コミュニケーション', '図る', 'する', '態度', '授業', 'おく', '積極的', '外国語', '使う', 'コミュニケーション', '図る', 'す', '態度', '学校教育', 'おく', '生涯', 'わたる', '継続', 'する', '外国語', '習', '得', '取り組む', 'する', 'いう', '態度', '養う', 'こと', '目標', 'する', 'いる', '学', '教育法', 'おく', '学力', '要素', 'する', '生涯', 'わたる', '学習', 'する', '基盤', '培', '16']"
2017,activity,3-4,2017_activity,16,pedagogical,"われるよう」，「主体的に学習に取り組む態度」を養うことを掲げていることを
踏まえたものである。
このことを踏まえ，学びを人生や社会に生かそうとする「学びに向かう力，
人間性等」は，（1）「知識及び技能」及び（2）「思考力，判断力，表現力等」の
資質・能力を一体的に育成する過程を通して育成する必要がある。
なお，（3）の「言語やその背景にある文化に対する理解を深め，相手に配慮
しながら，主体的に外国語を用いてコミュニケーションを図ろうとする態度を
養う」際には，（1）と同様，これら全てを「外国語を通して」行うことを明記
している。これは，言語や文化について体験的に理解を深めたり，コミュニケー
ションを図ろうとする態度を育成したりするには，様々な方法が考えられるが，
外国語活動においては，「外国語を通して」という特有の方法によることを表
したものである。 １
外国語活
動の目標
17","['われる', '主体的', '学習', '取り組む', '態度', '養う', 'こと', '掲げる', 'いる', 'こと', '踏まえる', 'もの', 'ある', 'こと', '踏まえる', '学び', '人生', '社会', '生かす', 'する', '学び', '向かう', '力', '人間性', '1', '知識', '技能', '2', '思考力', '判断力', '表現力', '資質', '能力', '一体的', '育成', 'する', '過程', '通す', '育成', 'する', '必要', 'ある', '3', '言語', '背景', 'ある', '文化', '対する', '理解', '深める', '相手', '配慮', 'する', '主体的', '外国語', '用いる', 'コミュニケーション', '図る', 'する', '態度', '養う', '際', '1', '全て', '外国語', '通す', '行う', 'こと', '明記', 'する', 'いる', '言語', '文化', 'つく', '体験', '理解', '深める', 'コミュニケー', 'ション', '図る', 'する', '態度', '育成', 'する', 'する', '方法', '考える', '外国語', '活動', 'おく', '外国語', '通す', 'いう', '方法', 'よる', 'こと', '表', 'する', 'もの', 'ある', '1', '外国語', '活', '動', '目標', '17']"
2017,activity,3-4,2017_activity,17,pedagogical,"第 2 節 英 語
１ 目 標
英語では，前述の外国語活動の目標を踏まえ，次のように具体的な目標を設定
している。
第２ 各言語の目標及び内容等
英 語
１ 目 標
英語学習の特質を踏まえ，以下に示す，聞くこと，話すこと［やり取
第２章 り］，話すこと［発表］の三つの領域別に設定する目標の実現を目指し
外国語活動の
た指導を通して，第１の（1）及び（2）に示す資質・能力を一体的に育成す
目標及び内容
るとともに，その過程を通して，第１の（3）に示す資質・能力を育成する。
国が定める領域別の目標は，外国語教育の目標に沿って，外国語で聞いたり
読んだりして得た知識や情報，考えなどを的確に理解したり，それらを活用し
て適切に表現し伝え合ったりすることで育成される「知識及び技能」と「思考
力，判断力，表現力等」について，高等学校卒業時において求められる資質・
能力を明確にした上で，それぞれの学校段階等において設定することが大切で
ある。
中学年の外国語活動においては，第２の１の目標に「外国語による聞くこと，
話すことの言語活動を通して」と記されていることから，小学校高学年以降で
設定されている五つの領域のうち，「聞くこと」，「話すこと［やり取り］」，「話
すこと［発表］」の三つの領域について目標を設定している。
また，本解説第２章第１節で述べたとおり，「知識及び技能」及び「思考力，
判断力，表現力等」の資質・能力を一体的に育成する過程を通して「学びに向
かう力，人間性等」の資質・能力を育成することを目指す必要があり，このこ
とを明確に示した。
なお，以下の三つの領域別の目標に記されている「簡単な語句」や「基本的
な表現」とは，小学校学習指導要領第２章第10節外国語の第２の２（1）に示さ
れている語や連語，慣用表現，文を指しているが，初めて外国語に触れる段階
であることを踏まえ，中学年という児童の発達の段階に合ったものを適宜選択
するものとする。
18","['2', '節', '英', '語', '1', '目', '標', '英語', '前述', '外国語', '活動', '目標', '踏まえる', '次', '具体的', '目標', '設定', 'する', 'いる', '2', '言語', '目標', '内容', '英', '語', '1', '目', '標', '英語', '学習', '特質', '踏まえる', '以下', '示す', '聞く', 'こと', '話す', 'こと', 'やる', '2', '章', '話す', 'こと', '発表', '三', '領域', '別', '設定', 'する', '目標', '実現', '目指す', '外国語', '活動', '指導', '通す', '1', '1', '2', '示す', '資質', '能力', '一体的', '育成', 'す', '目標', '内容', 'とも', '過程', '通す', '1', '3', '示す', '資質', '能力', '育成', 'する', '国', '定める', '領域', '別', '目標', '外国語', '教育', '目標', '沿う', '外国語', '聞く', '読む', 'する', '得る', '知識', '情報', '考え', '理解', 'する', '活用', 'する', '表現', 'する', '伝え合う', 'する', 'こと', '育成', 'する', '知識', '技能', '思考', '力', '判断力', '表現力', 'つく', '高等学校卒業', '時', 'おく', '求める', '資質', '能力', 'する', '上', 'それぞれ', '学校', '段階', 'おく', '設定', 'する', 'こと', 'ある', '中学', '年', '外国語', '活動', 'おく', '2', '1', '目標', '外国語', 'よる', '聞く', 'こと', '話す', 'こと', '言語', '活動', '通す', '記す', 'いる', 'こと', '小学校', '学年', '以降', '設定', 'する', 'いる', '五', '領域', 'うち', '聞く', 'こと', '話す', 'こと', 'やり取り', '話', 'こと', '発表', '三', '領域', 'つく', '目標', '設定', 'する', 'いる', '解説', '2', '章', '1', '節', '述べる', 'とおり', '知識', '技能', '思考力', '判断力', '表現力', '資質', '能力', '一体的', '育成', 'する', '過程', '通す', '学び', '向', '力', '人間性', '資質', '能力', '育成', 'する', 'こと', '目指す', '必要', 'ある', 'このこ', '示す', '以下', '三', '領域', '別', '目標', '記す', 'いる', '語句', '基本的', '表現', '小学校', '学習指導', '要領', '2', '章', '10', '節', '外国語', '2', '2', '1', '示す', 'いる', '語', '連語', '慣用', '表現', '文', '指す', 'いる', '外国語', '触れる', '段階', 'ある', 'こと', '踏まえる', '中学年', 'いう', '児童', '発達', '段階', '合う', 'もの', '選択', 'する', 'もの', 'する', '18']"
2017,activity,3-4,2017_activity,18,pedagogical,"第 2 節 英 語
（1）聞くこと
１ 目 標
ア ゆっくりはっきりと話された際に，自分のことや身の回りの物を表す簡
英語では，前述の外国語活動の目標を踏まえ，次のように具体的な目標を設定 単な語句を聞き取るようにする。
している。
この目標では，自分のことや身の回りの物を表す簡単な語句を聞き取るよう
第２ 各言語の目標及び内容等 にすることを示している。
英 語 中学年で初めて英語に触れることを踏まえて，児童が興味・関心を示すよう
１ 目 標 な自分のことや身の回りの物を題材として扱うことが大切である。例えば，自
英語学習の特質を踏まえ，以下に示す，聞くこと，話すこと［やり取 分の好きな色や食べ物，自分の着ている服，持ち物など，自分の身の回りの物
り］，話すこと［発表］の三つの領域別に設定する目標の実現を目指し を表す語句を，ゆっくり話された際に聞き取れるようにする。初めて触れる英
２
た指導を通して，第１の（1）及び（2）に示す資質・能力を一体的に育成す 語の音声を聞き取ることに対して，児童の抵抗感をできるだけなくすよう「ゆっ 英 語
るとともに，その過程を通して，第１の（3）に示す資質・能力を育成する。 くりはっきり話された際」の聞き取りであることを示している。
また，簡単な語句を聞き取るようにすることを目指している。英語による活
国が定める領域別の目標は，外国語教育の目標に沿って，外国語で聞いたり 動の経験が少ない児童に早急に表現や話の内容までを聞き取らせることを求め
読んだりして得た知識や情報，考えなどを的確に理解したり，それらを活用し ず，自分のことや身の回りの物に関する語句を聞き取ることで，話されている
て適切に表現し伝え合ったりすることで育成される「知識及び技能」と「思考 おおよその内容が分かるような内容を扱うことが重要である。そのため，ここ
力，判断力，表現力等」について，高等学校卒業時において求められる資質・ では簡単な語句を聞き取るようにすることを目指している。また，この項目は，
能力を明確にした上で，それぞれの学校段階等において設定することが大切で 高学年の外国語科の（1）「聞くこと」ア「ゆっくりはっきりと話されれば，自分
ある。 のことや身近で簡単な事柄について簡単な語句や基本的な表現を聞き取ること
中学年の外国語活動においては，第２の１の目標に「外国語による聞くこと， ができるようにする」ことにつながるものである。
話すことの言語活動を通して」と記されていることから，小学校高学年以降で
設定されている五つの領域のうち，「聞くこと」，「話すこと［やり取り］」，「話 イ ゆっくりはっきりと話された際に，身近で簡単な事柄に関する基本的な
すこと［発表］」の三つの領域について目標を設定している。 表現の意味が分かるようにする。
また，本解説第２章第１節で述べたとおり，「知識及び技能」及び「思考力，
判断力，表現力等」の資質・能力を一体的に育成する過程を通して「学びに向 この目標では，アの項目を踏まえた上で，身近で簡単な事柄に関する基本的
かう力，人間性等」の資質・能力を育成することを目指す必要があり，このこ な表現の意味が分かるようにすることを示している。ここでいう「身近で簡単
とを明確に示した。 な事柄」とは，本解説第１部第２章第１節（2）で述べたとおり，児童がよく知っ
なお，以下の三つの領域別の目標に記されている「簡単な語句」や「基本的 ている人や物、事柄のうち簡単な語彙や基本的な表現で表すことができるもの
な表現」とは，小学校学習指導要領第２章第10節外国語の第２の２（1）に示さ を指しており，アと同様に，児童が興味・関心を示すような簡単な事柄である
れている語や連語，慣用表現，文を指しているが，初めて外国語に触れる段階 必要がある。
であることを踏まえ，中学年という児童の発達の段階に合ったものを適宜選択 また，アの「簡単な語句」から「基本的な表現」へと段階的に聞き取ってい
するものとする。 くことを示している。その際，児童自らが「分かった」という自信につながる
ように，十分に聞くことに慣れ親しませることが重要である。
19","['2', '節', '英', '語', '1', '聞く', 'こと', '1', '目', '標', 'ア', '話す', '際', '自分', 'こと', '身の回り', '物', '表す', '簡', '英語', '前述', '外国語', '活動', '目標', '踏まえる', '次', '具体的', '目標', '設定', '単', '語句', '聞き取る', 'する', 'する', 'いる', '目標', '自分', 'こと', '身の回り', '物', '表す', '語句', '聞き取る', '2', '言語', '目標', '内容', 'する', 'こと', '示す', 'いる', '英', '語', '中学年', '英語', '触れる', 'こと', '踏まえる', '児童', '興味', '関心', '示す', '1', '目', '標', '自分', 'こと', '身の回り', '物', '題材', 'する', '扱う', 'こと', 'ある', '自', '英語', '学習', '特質', '踏まえる', '以下', '示す', '聞く', 'こと', '話す', 'こと', 'やる', '分', '色', '食べ物', '自分', '着る', 'いる', '服', '持ち物', '自分', '身の回り', '物', '話す', 'こと', '発表', '三', '領域', '別', '設定', 'する', '目標', '実現', '目指す', '表す', '語句', '話す', '際', '聞き取れる', 'する', '触れる', '英', '2', '指導', '通す', '1', '1', '2', '示す', '資質', '能力', '一体的', '育成', 'す', '語', '音声', '聞き取る', 'こと', '対する', '児童', '抵抗感', 'なくす', 'ゆう', '英', '語', 'とも', '過程', '通す', '1', '3', '示す', '資質', '能力', '育成', 'する', 'くり', '話す', '際', '聞き取る', 'ある', 'こと', '示す', 'いる', '語句', '聞き取る', 'する', 'こと', '目指す', 'いる', '英語', 'よる', '国', '定める', '領域', '別', '目標', '外国語', '教育', '目標', '沿う', '外国語', '聞く', '動', '経験', '児童', '表現', '話', '内容', '聞き取る', 'こと', '求める', '読む', 'する', '得る', '知識', '情報', '考え', '理解', 'する', '活用', 'する', '自分', 'こと', '身の回り', '物', '関する', '語句', '聞き取る', 'こと', '話す', 'いる', '表現', 'する', '伝え合う', 'する', 'こと', '育成', 'する', '知識', '技能', '思考', '内容', '分かる', '内容', '扱う', 'こと', 'ある', 'ため', '力', '判断力', '表現力', 'つく', '高等学校卒業', '時', 'おく', '求める', '資質', '語句', '聞き取る', 'する', 'こと', '目指す', 'いる', '項目', '能力', 'する', '上', 'それぞれ', '学校', '段階', 'おく', '設定', 'する', 'こと', '高学年', '外国語', '1', '聞く', 'こと', 'ア', '話す', '自分', 'ある', 'こと', '事柄', 'つく', '語句', '基本的', '表現', '聞き取る', 'こと', '中学', '年', '外国語', '活動', 'おく', '2', '1', '目標', '外国語', 'よる', '聞く', 'こと', 'できる', 'する', 'こと', 'つながる', 'もの', 'ある', '話す', 'こと', '言語', '活動', '通す', '記す', 'いる', 'こと', '小学校', '学年', '以降', '設定', 'する', 'いる', '五', '領域', 'うち', '聞く', 'こと', '話す', 'こと', 'やり取り', '話', 'イ', '話す', '際', '事柄', '関する', '基本的', 'こと', '発表', '三', '領域', 'つく', '目標', '設定', 'する', 'いる', '表現', '意味', '分かる', 'する', '解説', '2', '章', '1', '節', '述べる', 'とおり', '知識', '技能', '思考力', '判断力', '表現力', '資質', '能力', '一体的', '育成', 'する', '過程', '通す', '学び', '向', '目標', 'ア', '項目', '踏まえる', '上', '事柄', '関する', '基本的', '力', '人間性', '資質', '能力', '育成', 'する', 'こと', '目指す', '必要', 'ある', 'このこ', '表現', '意味', '分かる', 'する', 'こと', '示す', 'いる', 'いう', '示す', '事柄', '解説', '1', '部', '2', '章', '1', '節', '2', '述べる', 'とおり', '児童', '知る', '以下', '三', '領域', '別', '目標', '記す', 'いる', '語句', '基本的', 'いる', '人', '物', '事柄', 'うち', '語彙', '基本的', '表現', '表す', 'こと', 'できる', 'もの', '表現', '小学校', '学習指導', '要領', '2', '章', '10', '節', '外国語', '2', '2', '1', '示す', '指す', 'おる', 'ア', '児童', '興味', '関心', '示す', '事柄', 'ある', 'いる', '語', '連語', '慣用', '表現', '文', '指す', 'いる', '外国語', '触れる', '段階', '必要', 'ある', 'ある', 'こと', '踏まえる', '中学年', 'いう', '児童', '発達', '段階', '合う', 'もの', '選択', 'ア', '語句', '基本的', '表現', '段階的', '聞き取る', 'いる', 'する', 'もの', 'する', 'くこ', '示す', 'いる', '際', '児童', '自ら', '分かる', 'いう', '自信', 'つながる', '聞く', 'こと', '慣れ親しむ', 'こと', 'ある', '19']"
2017,activity,3-4,2017_activity,19,pedagogical,"「基本的な表現の意味が分かる」とは，英語に初めて触れる段階であること
を踏まえ，話し手の顔の表情や身振り，イラストや写真などを手掛かりとして，
基本的な表現を聞いて理解することから徐々に手掛かりがなくても意味が分か
るようになることを目指している。また，英語に初めて触れる段階であること
を踏まえ，アと同様，英語への抵抗感をできるだけなくすよう「ゆっくりはっ
きり話された際」の聞き取りであることを示している。この項目は，高学年の
外国語科（1）「聞くこと」ア「基本的な表現を聞き取ることができるようにする」
及びイ「具体的な情報を聞き取ることができるようにする」ことにつながるも
のである。
ウ 文字の読み方が発音されるのを聞いた際に，どの文字であるかが分かる
第２章 ようにする。
外国語活動の
目標及び内容
この目標では，文字の読み方の発音を聞いて，それが表す文字が分かるよう
にすることを示している。
ここでいう「文字」とは，英語の活字体の大文字と小文字のことであり，「読
み方」とは，文字の名称を指している。活字体の文字の名称の読み方が発音さ
れるのを聞いて，活字体で書かれたその文字と結び付けるなどにより，どの活
字体を表しているかを理解するものである。
英語の文字には，名称以外に，語の中で用いられる場合の文字が示す音があ
る。例えば，aやcという文字は，/ei/や/siː/という名称があると同時に，語
の中では/æ/（例：bag，apple）や/ei/（例：station，brave），/s/（例：circle，
city）や/k/（例：cap，music）という音をもっている。この目標における「読
み方」とは，音ではなく，文字の名称の読み方を指していることに留意する必
要がある。
この目標では，英語の文字の名称の読み方に児童が気付くようにすることを
求めたものであるが，文字の名称の読み方を指導することは，身の回りの物を
表す語句を指導することと同様であることに留意する必要がある。例えば，ｋ
という文字の名称の読み方（/kei/）を聞いてどの文字かが分かるようにするこ
とは，redという色を表す語の発音を聞いて色を識別したり，appleという果物
を表す語の発音を聞いてどの果物のことかが分かったりするように指導するこ
とと同様である。明示的に文字の形を指導したり，英語の文字をアルファベッ
ト順に暗記させたりするのではなく，英語に初めて触れる段階であることから，
児童が文字に対して興味・関心を高めるように，まず，身の回りに英語の文字
がたくさんあることに気付かせるなど，楽しみながら文字に慣れ親しんでいく
20","['基本的', '表現', '意味', '分かる', '英語', '触れる', '段階', 'ある', 'こと', '踏まえる', '話し手', '顔', '表情', '身振り', 'イラスト', '写真', '手掛かり', 'する', '基本的', '表現', '聞く', '理解', 'する', 'こと', '徐々', '手掛かり', '意味', '分', 'なる', 'こと', '目指す', 'いる', '英語', '触れる', '段階', 'ある', 'こと', '踏まえる', 'ア', '英語', '抵抗感', 'なくす', 'はっ', '話す', '際', '聞き取る', 'ある', 'こと', '示す', 'いる', '項目', '高学年', '外国語', '1', '聞く', 'こと', 'ア', '基本的', '表現', '聞き取る', 'こと', 'できる', 'する', 'イ', '具体的', '情報', '聞き取る', 'こと', 'できる', 'する', 'こと', 'つながる', 'ある', 'ウ', '文字', '読み方', '発音', 'する', '聞く', '際', '文字', 'ある', '分かる', '2', '章', 'する', '外国語', '活動', '目標', '内容', '目標', '文字', '読み方', '発音', '聞く', '表す', '文字', '分かる', 'する', 'こと', '示す', 'いる', 'いう', '文字', '英語', '活字体', '大文字', '小文字', 'こと', 'ある', '読', '方', '文字', '名称', '指す', 'いる', '活字体', '文字', '名称', '読み方', '発音', '聞く', '活字体', '書く', '文字', '結び付ける', 'よる', '字体', '表す', 'いる', '理解', 'する', 'もの', 'ある', '英語', '文字', '名称', '以外', '語', '中', '用いる', '場合', '文字', '示す', '音', 'a', 'c', 'いう', '文字', 'ei', 'Si', 'いう', '名称', 'ある', '同時', '語', '中', 'æ', '例', 'BAG', 'Apple', 'ei', '例', 'STATION', 'Brave', 's', '例', 'circle', 'CITY', 'k', '例', 'CAP', 'MUSIC', 'いう', '音', 'もつ', 'いる', '目標', 'おく', '読', '方', '音', '文字', '名称', '読み方', '指す', 'いる', 'こと', '留意', 'する', '要', 'ある', '目標', '英語', '文字', '名称', '読み方', '児童', '気付く', 'する', 'こと', '求める', 'もの', 'ある', '文字', '名称', '読み方', '指導', 'する', 'こと', '身の回り', '物', '表す', '語句', '指導', 'する', 'こと', 'ある', 'こと', '留意', 'する', '必要', 'ある', 'k', 'いう', '文字', '名称', '読み方', 'kei', '聞く', '文字', '分かる', 'する', 'こ', 'Red', 'いう', '色', '表す', '語', '発音', '聞く', '色', '識別', 'する', 'Apple', 'いう', '果物', '表す', '語', '発音', '聞く', '果物', 'こと', '分かる', 'する', '指導', 'する', 'こ', 'ある', '明示', '文字', '形', '指導', 'する', '英語', '文字', 'アルファベッ', '順', '暗記', 'する', 'する', '英語', '触れる', '段階', 'ある', 'こと', '児童', '文字', '対する', '興味', '関心', '高める', '身の回り', '英語', '文字', 'ある', 'こと', '気付く', '楽しむ', '文字', '慣れ親しむ', 'いく', '20']"
2017,activity,3-4,2017_activity,20,pedagogical,"ように，文字を扱うことが重要である。また，この項目は，高学年の外国語科
（2）「読むこと」ア「活字体で書かれた文字を識別し，その読み方を発音するこ
とができるようにする」ことにつながるものである。
（2）話すこと［やり取り］
ア 基本的な表現を用いて挨拶，感謝，簡単な指示をしたり，それらに応じ
たりするようにする。
この目標では，基本的な表現を用いて，挨拶を交わしたり，感謝の気持ちを
述べ合ったり，簡単な指示をしたりそれに応えたりすることを示している。
その際，英語に初めて触れる児童にとって，安心してコミュニケーションが
２
図れるように，学級の友達や教師，知っているＡＬＴ等とのやり取りを設定す 英 語
ることが大切である。
ここでの挨拶や感謝，簡単な指示が機械的なやり取りに終わらないように，
挨拶や感謝をしたり，簡単な指示を出したりそれに応じたりする必然性のある
場面設定を行うことが必要である。そうすることで，英語に初めて触れる中学
年の最初に言葉を用いて「やり取り」をすることの大切さ，楽しさを，実際に
簡単な挨拶や感謝をするなどの活動を通して実感させることができるのである。
また，この項目は，高学年の外国語科（3「）話すこと［やり取り］」ア「基本
的な表現を用いて指示，依頼をしたり，それらに応じたりすることができるよ
うにする」ことにつながるものである。
イ 自分のことや身の回りの物について，動作を交えながら，自分の考えや
気持ちなどを，簡単な語句や基本的な表現を用いて伝え合うようにする。
この目標では，アの項目を踏まえて，自分の考えや気持ちなどを伝え合うこ
とを示している。その際，英語に初めて触れる段階であることを踏まえ，児童
が興味・関心をもつ自分のことや身の回りの物を題材にしながらも，事実だけ
でなく自分の考えや気持ちなどを伝え合うことが大切である。また，その際に
は，言葉だけでなく，動作や表情を手掛かりにすることで，相手の意図をより
よく理解したり，動作を加えて話すことで，自分の考えや気持ちをより分かり
やすく伝えたりすることを児童が実感できるようにすることも重要である。外
国語活動が英語との初めての出会いの場であることを考えると，児童の知って
いる英語の語句や表現が十分でないことも考えられる。それを補うためにも，
21","['文字', '扱う', 'こと', 'ある', '項目', '高学年', '外国語', '2', '読む', 'こと', 'ア', '活字体', '書く', '文字', '識別', 'する', '読み方', '発音', 'する', 'こ', 'できる', 'する', 'こと', 'つながる', 'もの', 'ある', '2', '話す', 'こと', 'やり取り', 'ア', '基本的', '表現', '用いる', '挨拶', '感謝', '指示', 'する', '応ずる', 'する', 'する', '目標', '基本的', '表現', '用いる', '挨拶', '交わす', '感謝', '気持ち', '述べ合う', '指示', 'する', '応える', 'する', 'こと', '示す', 'いる', '際', '英語', '触れる', '児童', 'とる', '安心', 'する', 'コミュニケーション', '2', '図れる', '学級', '友達', '教師', '知る', 'いる', 'Alt', 'やり取り', '設定', 'す', '英', '語', 'こと', 'ある', '挨拶', '感謝', '指示', '機械的', 'やり取り', '終わる', '挨拶', '感謝', 'する', '指示', '出す', '応ずる', 'する', '必然性', 'ある', '場面', '設定', '行う', 'こと', '必要', 'ある', 'する', 'こと', '英語', '触れる', '中学', '年', '最初', '言葉', '用いる', 'やり取り', 'する', 'こと', '実際', '挨拶', '感謝', 'する', '活動', '通す', '実感', 'する', 'こと', 'できる', 'ある', '項目', '高学年', '外国語', '3', '話す', 'こと', 'やり取り', 'ア', '基本', '表現', '用いる', '指示', '依頼', 'する', '応ずる', 'する', 'こと', 'できる', 'うに', 'する', 'こと', 'つながる', 'もの', 'ある', 'イ', '自分', 'こと', '身の回り', '物', 'つく', '動作', '交える', '自分', '考え', '気持ち', '語句', '基本的', '表現', '用いる', '伝え合う', 'する', '目標', 'ア', '項目', '踏まえる', '自分', '考え', '気持ち', '伝え合う', 'こ', '示す', 'いる', '際', '英語', '触れる', '段階', 'ある', 'こと', '踏まえる', '児童', '興味', '関心', 'もつ', '自分', 'こと', '身の回り', '物', '題材', 'する', '事実', '自分', '考え', '気持ち', '伝え合う', 'こと', 'ある', '際', '言葉', '動作', '表情', '手掛かり', 'する', 'こと', '相手', '意図', '理解', 'する', '動作', '加える', '話す', 'こと', '自分', '考え', '気持ち', '分かる', '伝える', 'する', 'こと', '児童', '実感', 'できる', 'する', 'こと', 'ある', '外', '国語', '活動', '英語', '出会い', '場', 'ある', 'こと', '考える', '児童', '知る', 'いる', '英語', '語句', '表現', 'こと', '考える', '補う', 'ため', '21']"
2017,activity,3-4,2017_activity,21,pedagogical,"動作や表情を交えることが重要である。
また，この項目は，高学年の外国語科の（3「）話すこと［やり取り］」イ「日
常生活に関する身近で簡単な事柄について，自分の考えや気持ちなどを，簡単
な語句や基本的な表現を用いて伝え合うことができるようにする」ことにつな
がるものである。中学年の外国語活動で十分に自分のことや身の回りの物につ
いて自分の考えや気持ちなどを伝え合う体験をしておくことが，高学年の外国
語科で，日常生活に関する身近で簡単な事柄について，自分の考えや気持ちな
どを伝え合うことの充実につながる。
ウ サポートを受けて，自分や相手のこと及び身の回りの物に関する事柄に
ついて，簡単な語句や基本的な表現を用いて質問をしたり質問に答えたり
第２章 するようにする。
外国語活動の
目標及び内容
この目標では，ア及びイの項目を踏まえた上で，簡単な語句や基本的な表現
を用いて質問をしたり質問に答えたりすることを示している。その際，英語に
初めて触れる段階であることを踏まえ，児童が興味・関心をもつ自分のことや
身の回りの物を題材に，簡単な語句や基本的な表現を用いてやり取りをするこ
とが大切である。
また，英語に初めて触れる段階であることを考えると，いくら簡単な語句や
基本的な表現を用いているからとはいえ，質問をしたり質問に答えたりするこ
とに抵抗感をもつ児童がいることが考えられる。そこで，教師やＡＬＴ，グルー
プやペアの友達の「サポートを受け」ながら，質問ができた，質問に答えられ
たという達成感をもたせることの大切さを示している。こうした達成感が，高
学年以降の外国語学習への意欲につながる。この項目は，高学年の外国語科（3）
「話すこと［やり取り］」ウ「自分や相手のこと及び身の回りの物に関する事柄
について，簡単な語句や基本的な表現を用いてその場で質問をしたり質問に答
えたりして，伝え合うことができるようにする」ことにつながるものである。
中学年の外国語活動において，簡単な語句や基本的な表現を用いて質問をした
り質問に答えたりする体験を十分にしておくことが，高学年の外国語科で，そ
の場で質問をしたり質問に答えたりすることの充実につながる。
（3）話すこと［発表］
ア 身の回りの物について，人前で実物などを見せながら，簡単な語句や基
本的な表現を用いて話すようにする。
22","['動作', '表情', '交える', 'こと', 'ある', '項目', '高学年', '外国語', '3', '話す', 'こと', 'やり取り', 'イ', '日', '常', '生活', '関する', '事柄', 'つく', '自分', '考え', '気持ち', '語句', '基本的', '表現', '用いる', '伝え合う', 'こと', 'できる', 'する', 'こと', 'つな', 'もの', 'ある', '中学年', '外国語', '活動', '自分', 'こと', '身の回り', '物', 'いる', '自分', '考え', '気持ち', '伝え合う', '体験', 'する', 'おく', 'こと', '高学年', '外国', '語', '日常生活', '関する', '事柄', 'つく', '自分', '考え', '気持ち', 'ど', '伝え合う', 'こと', '充実', 'つながる', 'ウ', 'サポート', '受ける', '自分', '相手', 'こと', '身の回り', '物', '関する', '事柄', 'つく', '語句', '基本的', '表現', '用いる', '質問', 'する', '質問', '答える', '2', '章', 'する', 'する', '外国語', '活動', '目標', '内容', '目標', 'ア', 'イ', '項目', '踏まえる', '上', '語句', '基本的', '表現', '用いる', '質問', 'する', '質問', '答える', 'する', 'こと', '示す', 'いる', '際', '英語', '触れる', '段階', 'ある', 'こと', '踏まえる', '児童', '興味', '関心', 'もつ', '自分', 'こと', '身の回り', '物', '題材', '語句', '基本的', '表現', '用いる', 'やり取り', 'する', 'こ', 'ある', '英語', '触れる', '段階', 'ある', 'こと', '考える', '語句', '基本的', '表現', '用いる', 'いる', 'いう', '質問', 'する', '質問', '答える', 'する', 'こ', '抵抗感', 'もつ', '児童', 'いる', 'こと', '考える', '教師', 'Alt', 'グルー', 'プ', 'ペア', '友達', 'サポート', '受ける', '質問', 'できる', '質問', '答える', 'いう', '達成感', 'もつ', 'こと', '示す', 'いる', 'する', '達成感', '高', '学年', '以降', '外国語', '学習', '意欲', 'つながる', '項目', '高学年', '外国語', '3', '話す', 'こと', 'やり取り', 'ウ', '自分', '相手', 'こと', '身の回り', '物', '関する', '事柄', 'つく', '語句', '基本的', '表現', '用いる', '場', '質問', 'する', '質問', '答', 'する', '伝え合う', 'こと', 'できる', 'する', 'こと', 'つながる', 'もの', 'ある', '中学', '年', '外国語', '活動', 'おく', '語句', '基本的', '表現', '用いる', '質問', 'する', '質問', '答える', 'する', '体験', 'する', 'おく', 'こと', '高学年', '外国語', '場', '質問', 'する', '質問', '答える', 'する', 'こと', '充実', 'つながる', '3', '話す', 'こと', '発表', 'ア', '身の回り', '物', 'つく', '人前', '実物', '見せる', '語句', '基', '本', '表現', '用いる', '話す', 'する', '22']"
2017,activity,3-4,2017_activity,22,pedagogical,"この目標では，身の回りの物について，人前で話すようにすることを示して
いる。
英語に初めて触れる段階であることや，人前での発表であることを踏まえ，
十分に慣れ親しんだ簡単な語句や基本的な表現を用いて，実物やイラスト，写
真などを見せながら話すこととしている。これは，話し手にとっては話す内容
を想起させ，発表内容を明らかにさせることになり，また，聞き手に分かりや
すく情報を提供することにもなる。その際，難しい語句や表現を暗記させて発
表させることがないように留意することが重要である。これは，後述のイ及び
ウの項目にも該当する。
この項目は，高学年の外国語科（4）「話すこと［発表］」ア「日常生活に関す
る身近で簡単な事柄について，簡単な語句や基本的な表現を用いて話すことが
２
できるようにする」ことにつながるものである。 英 語
イ 自分のことについて，人前で実物などを見せながら，簡単な語句や基本
的な表現を用いて話すようにする。
この目標では，アの項目を踏まえた上で，自分のことについて，人前で話す
ようにすることを示している。
話す内容も，アでの「身の回りの物について」から，好き嫌いや欲しい物な
ど，自分のことについて話すことになる。自分のことについてであり，また，
学級の友達のことについても知る機会であることから，話したり聞いたりする
ことに興味・関心が高まることが期待できる。
アと同様に，十分に慣れ親しんだ語句や基本的な表現を用いて，実物やイラ
スト，写真などを見せながら話すことは，話し手にとっては話す内容を想起さ
せ，発表内容を明らかにさせることになると同時に，聞き手にとって分かりや
すく情報を提供することにもなる。また，この項目は，高学年の外国語科（4）「話
すこと［発表］」イ「自分のことについて，伝えようとする内容を整理した上で，
簡単な語句や基本的な表現を用いて話すことができるようにする」ことにつな
がるものである。
ウ 日常生活に関する身近で簡単な事柄について，人前で実物などを見せな
がら，自分の考えや気持ちなどを，簡単な語句や基本的な表現を用いて話
すようにする。
23","['目標', '身の回り', '物', 'つく', '人前', '話す', 'する', 'こと', '示す', 'いる', '英語', '触れる', '段階', 'ある', 'こと', '人前', '発表', 'ある', 'こと', '踏まえる', '慣れ親しむ', '語句', '基本的', '表現', '用いる', '実物', 'イラスト', '写', '真', '見せる', '話す', 'こと', 'する', 'いる', '話し手', 'とる', '話す', '内容', '想起', 'する', '発表', '内容', 'する', 'こと', 'なる', '聞き手', '分かる', 'すく', '情報', '提供', 'する', 'こと', 'なる', '際', '語句', '表現', '暗記', 'する', '表す', 'こと', '留意', 'する', 'こと', 'ある', '後述', 'イ', 'ウ', '項目', '該当', 'する', '項目', '高学年', '外国語', '4', '話す', 'こと', '発表', 'ア', '日常生活', '関す', '事柄', 'つく', '語句', '基本的', '表現', '用いる', '話す', 'こと', '2', 'できる', 'する', 'こと', 'つながる', 'もの', 'ある', '英', '語', 'イ', '自分', 'こと', 'つく', '人前', '実物', '見せる', '語句', '基本', '表現', '用いる', '話す', 'する', '目標', 'ア', '項目', '踏まえる', '上', '自分', 'こと', 'つく', '人前', '話す', 'する', 'こと', '示す', 'いる', '話す', '内容', 'ア', '身の回り', '物', 'つく', '好き嫌い', '物', '自分', 'こと', 'つく', '話す', 'こと', 'なる', '自分', 'こと', 'つく', 'ある', '学級', '友達', 'こと', 'つく', '知る', '機会', 'ある', 'こと', '話す', '聞く', 'する', 'こと', '興味', '関心', '高まる', 'こと', '期待', 'できる', 'ア', '慣れ親しむ', '語句', '基本的', '表現', '用いる', '実物', 'イラ', 'スト', '写真', '見せる', '話す', 'こと', '話し手', 'とる', '話す', '内容', '想起', '発表', '内容', 'する', 'こと', 'なる', '同時', '聞き手', 'とる', '分かる', 'すく', '情報', '提供', 'する', 'こと', 'なる', '項目', '高学年', '外国語', '4', '話', 'こと', '発表', 'イ', '自分', 'こと', 'つく', '伝える', 'する', '内容', '整理', 'する', '上', '語句', '基本的', '表現', '用いる', '話す', 'こと', 'できる', 'する', 'こと', 'つな', 'もの', 'ある', 'ウ', '日常生活', '関する', '事柄', 'つく', '人前', '実物', '見せる', 'がら', '自分', '考え', '気持ち', '語句', '基本的', '表現', '用いる', '話', 'する', '23']"
2017,activity,3-4,2017_activity,23,pedagogical,"この目標では，ア及びイの項目を踏まえた上で，日常生活に関する身近で簡
単な事柄について，人前で自分の考えや気持ちなどを話すようにすることを示
している。
アの「身の回りの物」，イの「自分のこと」の段階を踏んで，ここでは，時
刻や曜日，場所などの日常生活に関する身近で簡単な事柄について自分の考え
や気持ちなどを話すことになる。また，英語に初めて触れる段階であり，ア及
びイと同様に，十分に慣れ親しんだ簡単な語句や基本的な表現であることに加
え，実物やイラスト，写真などを見せながらの発表であることに留意する必要
がある。
この項目は，高学年の外国語科（4）「話すこと［発表］」ウ「身近で簡単な事
柄について，伝えようとする内容を整理した上で，自分の考えや気持ちなどを，
第２章 簡単な語句や基本的な表現を用いて話すことができるようにする」ことにつな
外国語活動の
がるものである。そのため，ある程度話す内容を準備した上で，徐々に簡単な
目標及び内容
まとまりのある話をするようにしていくことが大切である。
２ 内 容
〔第３学年及び第４学年〕
〔知識及び技能〕
（1）英語の特徴等に関する事項
２ 内 容
〔知識及び技能〕
（1）英語の特徴等に関する事項
実際に英語を用いた言語活動を通して，次の事項を体験的に身に付け
ることができるよう指導する。
前述のように，小学校中学年では，外国語活動において身に付けるべき資質・
能力として，コミュニケーションを図る素地を育成することを目標としており，
「知識及び技能」に関わるものとして，「外国語を通して，言語や文化について
体験的に理解を深め，日本語と外国語との音声の違い等に気付くとともに，外
国語の音声や基本的な表現に慣れ親しむようにする」としている。これらにつ
いては，いずれも言語活動を通して行われることが大切であり，言語活動と切
り離して解説等を通して行われるものではないことに留意する必要がある。
「知識及び技能」の内容は，コミュニケーションに関する事項と，言語や文
24","['目標', 'ア', 'イ', '項目', '踏まえる', '上', '日常生活', '関する', '簡', '単', '事柄', 'つく', '人前', '自分', '考え', '気持ち', '話す', 'する', 'こと', '示る', 'する', 'いる', 'ア', '身の回り', '物', 'イ', '自分', 'こと', '段階', '踏む', '時', '刻', '曜日', '場所', '日常生活', '関する', '事柄', 'つく', '自分', '考え', '気持ち', '話す', 'こと', 'なる', '英語', '触れる', '段階', 'ある', 'ア', 'イ', '慣れ親しむ', '語句', '基本的', '表現', 'ある', 'こと', '加', '実物', 'イラスト', '写真', '見せる', '発表', 'ある', 'こと', '留意', 'する', '必要', 'ある', '項目', '高学年', '外国語', '4', '話す', 'こと', '発表', 'ウ', '事', '柄', 'つく', '伝える', 'する', '内容', '整理', 'する', '上', '自分', '考え', '気持ち', '2', '章', '語句', '基本的', '表現', '用いる', '話す', 'こと', 'できる', 'する', 'こと', 'つな', '外国語', '活動', 'もの', 'ある', 'ため', '程度', '話す', '内容', '準備', 'する', '上', '徐々', '目標', '内容', 'まとまり', 'ある', '話', 'する', 'する', 'いく', 'こと', 'ある', '2', '内', '容', '3', '学年', '4', '学年', '知識', '技能', '1', '英語', '特徴', '関する', '事項', '2', '内', '容', '知識', '技能', '1', '英語', '特徴', '関する', '事項', '実際', '英語', '用いる', '言語', '活動', '通す', '次', '事項', '体験', '身', '付ける', 'こと', 'できる', '指導', 'する', '前述', '小学校', '中学', '年', '外国語', '活動', 'おく', '身', '付ける', '資質', '能力', 'する', 'コミュニケーション', '図る', '素地', '育成', 'する', 'こと', '目標', 'する', 'おる', '知識', '技能', '関わる', 'もの', 'する', '外国語', '通す', '言語', '文化', 'つく', '体験', '理解', '深める', '日本語', '外国語', '音声', '違い', '気付く', 'とも', '外', '国語', '音声', '基本的', '表現', '慣れ親しむ', 'する', 'する', 'いる', 'いる', '言語', '活動', '通す', '行う', 'こと', 'ある', '言語', '活動', '切', '離す', '解説', '通す', '行う', 'もの', 'こと', '留意', 'する', '必要', 'ある', '知識', '技能', '内容', 'コミュニケーション', '関する', '事項', '言語', '文', '24']"
2017,activity,3-4,2017_activity,24,pedagogical,"化に関する事項とで構成している。これは，外国語活動における「知識及び技
能」に関わる目標を達成するためには，相手と主体的にコミュニケーションを
図ることの楽しさや大切さを知るとともに，日本と外国の言語や文化について
理解することが大切なことからである。
一方，高学年では，外国語科において身に付けるべき資質・能力として，コ
ミュニケーションを図る基礎となる資質・能力を育成することを目標としてお
り，「知識及び技能」に関わるものとして，「外国語の音声や文字，語彙，表現，
文構造，言語の働きなどについて，日本語と外国語との違いに気付き，これら
の知識を理解するとともに，読むこと，書くことに慣れ親しみ，聞くこと，読
むこと，話すこと，書くことによる実際のコミュニケーションにおいて活用で
きる基礎的な技能を身に付けるようにする」としている。そのため，英語の特
徴やきまりに関する事項として，言語材料を示している。中学年の外国語活動
２
においては，これらの言語材料のうち，中学年の外国語活動の目標を達成する 英 語
のに適切なものを適宜選択して扱うことが大切である。また，その選択に際し
ては，中学年の児童の発達の段階に合うよう留意する必要がある。中学年の外
国語活動において「言語を用いて主体的にコミュニケ―ションを図ることの楽
しさや大切さを知ること」，「日本と外国の言語や文化について理解すること」
の事項に分けて示されている「知識及び技能」を体験的に身に付けることが，
高学年の外国語科で英語の特徴やきまりに関する事項を身に付けることにつな
がる。
ア 言語を用いて主体的にコミュニケーションを図ることの楽しさや大切さ
を知ること。
外国語活動では，児童がこれまでに慣れ親しんできた英語を駆使し，様々な
相手と互いの考えや気持ちを伝え合い，コミュニケーションを図ることの楽し
さを実際に体験することが大切である。そこで，言葉を使って伝え合う体験を
通して，相手に対する理解を深めたり，自分の思いを伝えたりして，英語で伝
え合えた満足感や達成感を味わうことができるようにすることが大切である。
また，「主体的にコミュニケーションを図る」とは，伝えたい相手に，伝えた
い内容を，伝え合う必然性のある場面において，自ら発話したり，相手の伝え
たい内容を受け止めようとして聞いたりすることである。
例えば，水に慣れる遊び，水に浮いたりもぐったりする遊び等，実際の体験
を通して，水に慣れ親しみながら水遊びの楽しさを知ることは，後の水泳の学
習への動機付けとなっていく。このように，英語を用いて実際のコミュニケー
25","['関する', '事項', '構成', 'する', 'いる', '外国語', '活動', 'おく', '知識', '技', '能', '関わる', '目標', '達成', 'する', 'ため', '相手', '主体的', 'コミュニケーション', '図る', 'こと', '知る', 'とも', '日本', '外国', '言語', '文化', 'つく', '理解', 'する', 'こと', 'こと', 'ある', '高学年', '外国語', 'おく', '身', '付ける', '資質', '能力', 'する', 'コ', 'ミュニケーション', '図る', '基礎', 'なる', '資質', '能力', '育成', 'する', 'こと', '目標', 'する', '知識', '技能', '関わる', 'もの', 'する', '外国語', '音声', '文字', '語彙', '表現', '文', '構造', '言語', '働き', 'つく', '日本語', '外国語', '違い', '気付く', '知識', '理解', 'する', 'とも', '読む', 'こと', '書く', 'こと', '慣れ親しむ', '聞く', 'こと', '読', 'むこ', '話す', 'こと', '書く', 'こと', 'よる', '実際', 'コミュニケーション', 'おく', '活用', 'きる', '基礎的', '技能', '身', '付ける', 'する', 'する', 'いる', 'ため', '英語', '特', '徴', 'きまり', '関する', '事項', 'する', '言語', '材料', '示す', 'いる', '中学年', '外国語', '活動', '2', 'おく', '言語', '材料', 'うち', '中学年', '外国語', '活動', '目標', '達成', 'する', '英', '語', 'もの', '選択', 'する', '扱う', 'こと', 'ある', '選択', '際する', '中学年', '児童', '発達', '段階', '合う', '留意', 'する', '必要', 'ある', '中学年', '外', '国語', '活動', 'おく', '言語', '用いる', '主体的', 'コミュニケ', 'ション', '図る', 'こと', '楽', 'する', '知る', 'こと', '日本', '外国', '言語', '文化', 'つく', '理解', 'する', 'こと', '事項', '分ける', '示す', 'いる', '知識', '技能', '体験', '身', '付ける', 'こと', '高学年', '外国語', '英語', '特徴', 'きまり', '関する', '事項', '身', '付ける', 'こと', 'つな', 'ア', '言語', '用いる', '主体的', 'コミュニケーション', '図る', 'こと', '知る', 'こと', '外国語', '活動', '児童', '慣れ親しむ', 'くる', '英語', '駆使', 'する', '相手', '互い', '考え', '気持ち', '伝え合う', 'コミュニケーション', '図る', 'こと', '実際', '体験', 'する', 'こと', 'ある', '言葉', '使う', '伝え合う', '体験', '通す', '相手', '対する', '理解', '深める', '自分', '思い', '伝える', 'する', '英語', '伝', '合える', '満足感', '達成感', '味わう', 'こと', 'できる', 'する', 'こと', 'ある', '主体的', 'コミュニケーション', '図る', '伝える', '相手', '伝える', '内容', '伝え合う', '必然性', 'ある', '場面', 'おく', '自ら', '発話', 'する', '相手', '伝え', '内容', '受け止める', 'する', '聞く', 'する', 'こと', 'ある', '水', '慣れる', '遊び', '水', '浮く', 'する', '遊び', '実際', '体験', '通す', '水', '慣れ親しむ', '水遊び', '知る', 'こと', '後', '水泳', '学', '習ふ', '動機付け', 'なる', 'いく', '英語', '用いる', '実際', 'コミュニケー', '25']"
2017,activity,3-4,2017_activity,25,pedagogical,"ションを体験することを通して，英語を用いて相手とやり取りをすることの面
白さを知ることが，高学年以降の外国語学習への動機付けを高めていくことに
つながる。
さらに，情報化，グローバル化が加速化し，変化の激しい予測困難な未来社
会の中で生きていく子供たちは，現在以上に自国以外の人々との関わりが求め
られようになる。このような社会においては，言語を用いて他者とコミュニケー
ションを図っていくことが大切である。児童のもっている語彙や表現は限られ
るが，相手と豊かな人間関係を築くために，ジェスチャーや動作等の非言語手
段を用いながら，言語を使って相手と分かり合える良さを知ることで言語によ
るコミュニケーションの大切さを実感させることが重要である。
第２章 イ 日本と外国の言語や文化について理解すること。
外国語活動の
（ｱ）英語の音声やリズムなどに慣れ親しむとともに，日本語との違いを知
目標及び内容
り，言葉の面白さや豊かさに気付くこと。
外国語活動においては，多くの表現を覚えたり，細かい文構造などに関する
抽象的な概念について理解したりすることを目標としていない。一方，音声面
に関しては，児童の柔軟な適応力を十分生かすことが可能である。そこで，外
国語活動では，英語の音声やリズムなどに慣れ親しませることが大切になる。
例えば，日本語のミルク（mi-ru-ku）は３音節であるが，英語のmilkは１音
節である。これを日本語のようなリズムで発音すると，英語に聞こえず，意味
も伝わらない。そこで，実際に英語で歌ったりチャンツをしたりすることを通
して，英語特有のリズムやイントネーションを体得することにより，児童が日
本語と英語との音声面等の違いに気付くことになる。
また，例えば，狐（動物）を表すfoxという単語を繰り返し聞いたり，発音
したりすることにより，児童は日本語にない/ｆ/や/ks/の音に触れたり，慣れ
親しんだりすることになる。さらに，日本語と英語では同じ動物でも鳴き声の
表し方が似ているものもあれば全く異なるものがあることに気付いていく。こ
のような体験を通して，日本語との違いを知ることで，言葉の面白さや豊かさ
に気付かせることが大切である。
（ｲ）日本と外国との生活や習慣，行事などの違いを知り，多様な考え方が
あることに気付くこと。
外国語活動では，外国の文化のみならず我が国の文化を含めた様々な国や地
26","['ション', '体験', 'する', 'こと', '通す', '英語', '用いる', '相手', 'やり取り', 'する', 'こと', '面', '知る', 'こと', '高学年', '以降', '外国語', '学習', '動機付け', '高める', 'いく', 'こと', 'つながる', '情報化', 'グローバル化', '加速', 'する', '変化', '予測', '困難', '未来', '社', '会', '中', '生きる', 'いく', '子供たち', '現在', '以上', '自国', '以外', '人々', '関わり', '求める', 'なる', '社会', 'おく', '言語', '用いる', '他者', 'コミュニケー', 'ション', '図る', 'いく', 'こと', 'ある', '児童', 'もつ', 'いる', '語彙', '表現', '限る', '相手', '人間関係', '築く', 'ため', 'ジェスチャー', '動作', '言語', '段', '用いる', '言語', '使う', '相手', '分かり合える', '知る', 'こと', '言語', 'コミュニケーション', '実感', 'する', 'こと', 'ある', '2', '章', 'イ', '日本', '外国', '言語', '文化', 'つく', '理解', 'する', 'こと', '外国語', '活動', 'ア', '英語', '音声', 'リズム', '慣れ親しむ', 'とも', '日本語', '違い', '知', '目標', '内容', '言葉', '気付く', 'こと', '外国語', '活動', 'おく', '多く', '表現', '覚える', '文', '構造', '関する', '抽象的', '概念', 'つく', '理解', 'する', 'する', 'こと', '目標', 'する', 'いる', '音声', '面', '関する', '児童', '適応力', '生かす', 'こと', 'ある', '外', '国語', '活動', '英語', '音声', 'リズム', '慣れ親しむ', 'こと', 'なる', '日本語', 'ミルク', 'MI', 'ru', 'ku', '3', '音節', 'ある', '英語', 'MILK', '1', '音', '節', 'ある', '日本語', 'リズム', '発音', 'する', '英語', '聞こえる', '意味', '伝わる', '実際', '英語', '歌う', 'チャンツ', 'する', 'する', 'こと', '通', 'する', '英語', 'リズム', 'イントネーション', '体得', 'する', 'こと', 'よる', '児童', '日', '語', '英語', '音声', '面', '違い', '気付く', 'こと', 'なる', '狐', '動物', '表す', 'FOX', 'いう', '単語', '繰り返す', '聞く', '発音', 'する', 'する', 'こと', 'よる', '児童', '日本語', 'f', 'KS', '音', '触れる', '慣れ', '親しむ', 'する', 'こと', 'なる', '日本語', '英語', '動物', '鳴き声', '表す', '似る', 'いる', 'もの', 'ある', '異なる', 'もの', 'ある', 'こと', '気付く', 'いく', '体験', '通す', '日本語', '違い', '知る', 'こと', '言葉', '気付く', 'こと', 'ある', 'イ', '日本', '外国', '生活', '習慣', '行事', '違い', '知る', '考え方', 'こと', '気付く', 'こと', '外国語', '活動', '外国', '文化', '我が国', '文化', '含める', '国', '地', '26']"
2017,activity,3-4,2017_activity,26,pedagogical,"域の生活，習慣，行事などを積極的に取り上げていくことが期待される。
また，その際には，児童にとって身近な日常生活における食生活や遊び，地
域の行事などを取り扱うことが適切である。外国語活動を通して，多様な文化
の存在を知り，また，日本の文化と異文化との比較により，様々な考え方があ
ることに気付くとともに，我が国の伝統文化についての理解を深め，英語によ
るコミュニケーションの中で我が国の文化を発信することにつながっていくこ
とが期待される。これらの事項は，単なる知識として指導するのではなく，体
験的な活動を通して具体的に気付かせていくことが大切である。
例えば，日本の一日の生活を題材にした英語での絵本の読み聞かせを通して，
「いただきます」という表現にうまく合致する表現が英語にはないことに気付
かせたり，映像資料などを通して世界の遊びと日本の遊びには共通点や相違点
があることに気付かせたりするよう，活動の工夫が求められる。
２
英 語
（ｳ）異なる文化をもつ人々との交流などを体験し，文化等に対する理解を
深めること。
（ｲ）で触れたように，「日本と外国との生活や習慣，行事などの違いを知り，
多様な考え方があることに気付くこと」は，外国語活動における大切な指導事
項である。この事項は，体験的な活動を通して指導されるべきものである。そ
こで，ＡＬＴや留学生，地域に住む外国人など，異なる文化をもつ人々との交
流などを通して，体験的に文化等の理解を深めることが大切になる。
〔思考力，判断力，表現力等〕
（2）情報を整理しながら考えなどを形成し，英語で表現したり，伝え合っ
たりすることに関する事項
具体的な課題等を設定し，コミュニケーションを行う目的や場面，状況な
どに応じて，情報や考えなどを表現することを通して，次の事項を身に付け
ることができるよう指導する。
中学年の外国語活動において身に付けるべき資質・能力は，コミュニケー
ションを図る素地であり，育成すべき「思考力，判断力，表現力等」は，身近
で簡単な事柄について，外国語で聞いたり話したりして自分の考えや気持ちな
どを伝え合う力の素地を養うことである。ここで養われた伝え合う力の素地は，
高学年の外国語科における伝え合う力の基礎につながる資質・能力である。つ
27","['域', '生活', '習慣', '行事', '積極的', '取り上げる', 'いく', 'こと', '期待', 'する', '際', '児童', 'とる', '日常生活', 'おく', '食生活', '遊ぶ', '地', '域', '行事', '取り扱う', 'こと', 'ある', '外国語', '活動', '通す', '文化', '存在', '知る', '日本', '文化', '異文化', '比較', 'よる', '考え方', 'こと', '気付く', 'とも', '我が国', '伝統', '文化', 'つく', '理解', '深める', '英語', 'コミュニケーション', '中', '我が国', '文化', '発信', 'する', 'こと', 'つながる', 'いくこ', '期待', 'する', '事項', '知識', 'する', '指導', 'する', '体', '験', '活動', '通す', '具体的', '気付く', 'いく', 'こと', 'ある', '日本', '一日', '生活', '題材', 'する', '英語', '絵本', '読み聞かせ', '通す', 'いただく', 'いう', '表現', '合致', 'する', '表現', '英語', 'こと', '気付', 'する', '映像', '資料', '通す', '世界', '遊び', '日本', '遊び', '共通点', '相違点', 'ある', 'こと', '気付く', 'する', '活動', '工夫', '求める', '2', '英', '語', 'ウ', '異なる', '文化', 'もつ', '人々', '交流', '体験', 'する', '文化', '対する', '理解', '深める', 'こと', 'イ', '触れる', '日本', '外国', '生活', '習慣', '行事', '違い', '知る', '考え方', 'ある', 'こと', '気付く', 'こと', '外国語', '活動', 'おく', '指導', '項', 'ある', '事項', '体験', '活動', '通す', '指導', 'する', 'もの', 'ある', 'こ', 'Alt', '留学生', '地域', '住む', '外国人', '異なる', '文化', 'もつ', '人々', '交', '流', '通す', '体験', '文化', '理解', '深める', 'こと', 'なる', '思考力', '判断力', '表現力', '2', '情報', '整理', 'する', '考え', '形成', 'する', '英語', '表現', 'する', '伝え合う', 'する', 'こと', '関する', '事項', '具体的', '課題', '設定', 'する', 'コミュニケーション', '行う', '目的', '場面', '状況', 'ど', '応ずる', '情報', '考え', '表現', 'する', 'こと', '通す', '次', '事項', '身', '付ける', 'こと', 'できる', '指導', 'する', '中学', '年', '外国語', '活動', 'おく', '身', '付ける', '資質', '能力', 'コミュニケー', 'ション', '図る', '素地', 'ある', '育成', 'す', '思考力', '判断力', '表現力', '事柄', 'つく', '外国語', '聞く', '話す', 'する', '自分', '考え', '気持ち', 'ど', '伝え合う', '力', '素地', '養う', 'こと', 'ある', '養う', '伝え合う', '力', '素地', '高学年', '外国語', 'おく', '伝え合う', '力', '基礎', 'つながる', '資質', '能力', 'ある', '27']"
2017,activity,3-4,2017_activity,27,pedagogical,"まり，中学年では，英語で簡単な情報や考えなどを相手に理解してもらえるよ
うに表現したり，伝え合ったりすることを通して，コミュニケーションを図る
資質・能力を支えるための素地となる力を育むこととなる。
そのため，決められた表現を使った単なる反復練習のようなやり取りではな
く，伝え合う目的や必然性のある場面でのコミュニケーションを大切にしたい。
相手の思いを想像し，伝える内容や言葉，伝え方を考えながら，相手と意味の
あるやり取りを行う活動を様々な場面設定の中で行うことが重要である。
ア 自分のことや身近で簡単な事柄について，簡単な語句や基本的な表現を
使って，相手に配慮しながら，伝え合うこと。
第２章 外国語活動で，児童は，英語に初めて触れることになる。母語ではない英語
外国語活動の
を使ってやり取りを行うことに難しさを感じる児童が出てくることも想定され
目標及び内容
る。したがって，児童の発達の段階に適した，身の回りで経験したことのある
場面において，自分のことや，学校の友達や教師，身の回りの物や自分が大切
にしている物，学校や家庭での出来事など，身近で簡単な事柄について，これ
までに慣れ親しんだ簡単な語句や基本的な表現を使って伝え合うようにするこ
とが大切である。
その際に，伝え合う相手を意識させることが重要である。コミュニケーショ
ンは相手があって成り立つものである。目の前にいる相手の反応を確かめたり，
反応を感じたりしながら，言葉による伝え合いを体験させていくようにする。
イ 身近で簡単な事柄について，自分の考えや気持ちなどが伝わるよう，工
夫して質問をしたり質問に答えたりすること。
外国語によるコミュニケーションを円滑に行うためには，どうすれば相手に
より伝わるかを思考しながら，表現する内容や表現方法を自己選択し，尋ねた
り答えたりするようにすることが大切である。取り扱う語彙や表現が限られて
いるため，自分の考えや気持ちを相手により理解してもらうために，ゆっくり
話したり，繰り返したり，また動作を交えたりするなどの工夫を行うとともに，
実物を見せたり，他教科等で作成した成果物等を活用したりすることも考えら
れる。
28","['まり', '中学年', '英語', '情報', '考え', '相手', '理解', 'する', 'もらえる', 'うに', '表現', 'する', '伝え合う', 'する', 'こと', '通す', 'コミュニケーション', '図る', '資質', '能力', '支える', 'ため', '素地', 'なる', '力', '育む', 'こと', 'なる', 'ため', '決める', '表現', '使う', '反復', '練習', 'やり取り', 'くる', '伝え合う', '目的', '必然性', 'ある', '場面', 'コミュニケーション', 'する', '相手', '思い', '想像', 'する', '伝える', '内容', '言葉', '伝え方', '考える', '相手', '意味', 'やり取り', '行う', '活動', '場面', '設定', '中', '行う', 'こと', 'ある', 'ア', '自分', 'こと', '事柄', 'つく', '語句', '基本的', '表現', '使う', '相手', '配慮', 'する', '伝え合う', 'こと', '2', '章', '外国語', '活動', '児童', '英語', '触れる', 'こと', 'なる', '母語', '英語', '外国語', '活動', '使う', 'やり取り', '行う', 'こと', '難しさ', '感じる', '児童', '出る', 'くる', 'こと', '想定', 'する', '目標', '内容', 'したがう', '児童', '発達', '段階', '適する', '身の回り', '経験', 'する', 'こと', 'ある', '場面', 'おく', '自分', 'こと', '学校', '友達', '教師', '身の回り', '物', '自分', 'する', 'いる', '物', '学校', '家庭', '出来事', '事柄', 'つく', '慣れ親しむ', '語句', '基本的', '表現', '使う', '伝え合う', 'する', 'こ', 'ある', '際', '伝え合う', '相手', '意識', 'する', 'こと', 'ある', 'コミュニケーショ', '相手', 'ある', '成り立つ', 'もの', 'ある', '目', '前', 'いる', '相手', '反応', '確かめる', '反応', '感ずる', 'する', '言葉', 'よる', '伝え合い', '体験', 'する', 'いく', 'する', 'イ', '事柄', 'つく', '自分', '考え', '気持ち', '伝わる', '工', '夫', 'する', '質問', 'する', '質問', '答える', 'する', 'こと', '外国語', 'よる', 'コミュニケーション', '行う', 'ため', 'する', '相手', '伝わる', '思考', 'する', '表現', 'する', '内容', '表現', '方法', '自己', '選択', 'する', '尋ねる', '答える', 'する', 'する', 'こと', 'ある', '取り扱う', '語彙', '表現', '限る', 'いる', 'ため', '自分', '考え', '気持ち', '相手', 'よる', '理解', 'する', 'もらう', 'ため', '話', 'する', '繰り返す', '動作', '交える', 'する', '工夫', '行う', 'とも', '実物', '見せる', '他', '教科', '作成', 'する', '成果物', '活用', 'する', 'する', 'こと', '考える', '28']"
2017,activity,3-4,2017_activity,28,pedagogical,"（3）言語活動及び言語の働きに関する事項
① 言語活動に関する事項
（2）に示す事項については，（1）に示す事項を活用して，例えば，次のよ
うな言語活動を通して指導する。
本解説第１部第１章２（2）①で述べたとおり，外国語学習においては，語彙
や文法等の個別の知識がどれだけ身に付いたかに主眼が置かれるのではなく，
児童生徒の学びの過程全体を通じて，知識・技能が，実際のコミュニケーショ
ンにおいて活用され，思考・判断・表現することを繰り返すことを通じて獲得
され，学習内容の理解が深まるなど，資質・能力が相互に関係し合いながら育
成されることが必要である。
２
このため，（3）の「言語活動及び言語の働きに関する事項」においては，（2） 英 語
に示す「思考力，判断力，表現力等」を育成するに当たり，（1）の「知識及び
技能」に示す事項を活用して，中学年の外国語活動の英語の目標に掲げられた
「聞くこと」，「話すこと［やり取り］」及び「話すこと［発表］」の三つの領域
ごとの具体的な「①言語活動に関する事項」に示された言語活動を通して指導
することや，「②言語の働きに関する事項」を適切に取り上げて指導が行われ
る必要があることを整理している。
言語活動を設定するに当たっては，児童が興味・関心をもつ題材を扱い，聞
いたり話したりする必然性のある体験的な活動を設定することが大切である。
また，中学年の児童が外国語活動において英語に初めて触れることを踏まえ，
まず聞く活動が十分に設定されることが大切である。中学年において十分に聞
いたり話したりする経験をしておくことが，高学年の外国語科における五つの
領域の言語活動につながる。なお，文字については，英語における目標「聞く
こと」で扱われているため，言語活動についても，「聞くこと」の言語活動で扱っ
ている。
なお，言語活動を行う際には，児童が興味・関心をもち，達成感を味わえる
よう，個別支援に努めるとともに，活動方法や聞かせる音声の速度等について
も十分配慮する必要がある。
ア 聞くこと
（ｱ）身近で簡単な事柄に関する短い話を聞いておおよその内容が分かったり
する活動。
29","['3', '言語', '活動', '言語', '働き', '関する', '事項', '1', '言語', '活動', '関する', '事項', '2', '示す', '事項', 'つく', '1', '示す', '事項', '活用', 'する', '次', '言語', '活動', '通す', '指導', 'する', '解説', '1', '部', '1', '章', '2', '2', '1', '述べる', 'とおり', '外国語', '学習', 'おく', '語彙', '文法', '個別', '知識', '身', '付く', '主眼', '置く', '児童', '生徒', '学び', '過程', '全体', '通ずる', '知識', '技能', '実際', 'コミュニケーショ', 'おく', '活用', 'する', '思考', '判断', '表現', 'する', 'こと', '繰り返す', 'こと', '通ずる', '獲得', 'する', '学習', '内容', '理解', '深まる', '資質', '能力', '相互', '関係', 'する', '合う', '成す', 'こと', '必要', 'ある', '2', 'ため', '3', '言語', '活動', '言語', '働き', '関する', '事項', 'おく', '2', '英', '語', '示す', '思考力', '判断力', '表現力', '育成', 'する', '当たる', '1', '知識', '技能', '示す', '事項', '活用', 'する', '中学年', '外国語', '活動', '英語', '目標', '掲げる', '聞く', 'こと', '話す', 'こと', 'やり取り', '話す', 'こと', '発表', '三', '領域', 'ごと', '具体的', '1', '言語', '活動', '関する', '事項', '示す', '言語', '活動', '通す', '指導', 'する', 'こと', '2', '言語', '働き', '関する', '事項', '取り上げる', '指導', '行う', '必要', 'ある', 'こと', '整理', 'する', 'いる', '言語', '活動', '設定', 'する', '当たる', '児童', '興味', '関心', 'もつ', '題材', '扱う', '聞', 'いる', '話す', 'する', '必然性', 'ある', '体験', '活動', '設定', 'する', 'こと', 'ある', '中学年', '児童', '外国語', '活動', 'おく', '英語', '触れる', 'こと', '踏まえる', '聞く', '活動', '設定', 'する', 'こと', 'ある', '中学年', 'おく', '聞', 'いる', '話す', 'する', '経験', 'する', 'おく', 'こと', '高学年', '外国語', 'おく', '五', '領域', '言語', '活動', 'つながる', '文字', 'つく', '英語', 'おく', '目標', '聞く', 'こと', '扱う', 'いる', 'ため', '言語', '活動', 'つく', '聞く', 'こと', '言語', '活動', '扱う', 'いる', '言語', '活動', '行う', '際', '児童', '興味', '関心', 'もつ', '達成感', '味わえる', '個別', '支援', '努める', 'とも', '活動', '方法', '聞く', '音声', '速度', 'つく', '配慮', 'する', '必要', 'ある', 'ア', '聞く', 'こと', 'ア', '事柄', '関する', '話', '聞く', '内容', '分かる', 'する', '活動', '29']"
2017,activity,3-4,2017_activity,29,pedagogical,"この事項は，身近で簡単な事柄に関する短い話を聞いて，簡単な語句や表現
を聞き取り，それらを手掛かりとして，そのおおよその内容が分かる体験をさ
せることを述べている。ただ，「おおよその内容」と示していることから，全
ての内容を正しく聞き取り理解することを求めているのではないことに留意す
る必要がある。
「身近で簡単な事柄に関する短い話」とは，中学年の児童が興味・関心を示
すような自分のことや身の回りの人や物，学校生活などに関する，短い話を指
している。例えば，指導者が，「数」を扱う単元において，休日に動物園で見
た動物やその数について話をしたり，「色」を扱う単元において，児童や指導
者自身の洋服の色を話題として話をしたりすることなどが考えられる。
第２章 その方法については，学級担任の教師又は外国語活動を担当する教師やＡＬ
外国語活動の
Ｔなどの外部人材が単独で，もしくは複数の指導者同士がやり取りして聞かせ
目標及び内容
るなど，児童の実態や指導体制に応じて工夫することが大切である。
その際は，第２の１の目標（1）「聞くこと」アの項目に示されているとおり，
聞き取りやすい声で，ゆっくりはっきりと話すよう努め，外国語による活動経
験が乏しい中学年の児童であっても，おおよその内容が推測できるよう，具体
的な場面設定をすることが重要である。加えて，児童の様子を観察しつつ，慣
れ親しんだ別の語句や表現に言い換えたり，動作やイラスト，写真を添えたり
するなどして，理解を促す手立てを講じ，「聞いて分かった」という喜びや達
成感を味わわせることが重要である。そうした点において，絵本を活用した読
み聞かせなども有効である。
（ｲ）身近な人や身の回りの物に関する簡単な語句や基本的な表現を聞いて，
それらを表すイラストや写真などと結び付ける活動。
この事項では，児童にとって身近な人や身の回りの物に関する簡単な語句や
基本的な表現を聞いて，それらを表すイラストや写真，実物などと結び付ける
活動を示している。具体的な活動例として，red，blueなどの色を表す語を聞
いてその色を指したり，好みを扱う単元において，登場人物の“I like soccer.”
という音声を聞いて，紙面上の「サッカーをしている」イラストを指したりす
る活動などが考えられる。
乳幼児は，周囲の人が話す言葉を聞いて自然に母語を獲得していくとも言わ
れる。つまり，生活の中で用いられている音声などが具体的な場面や事物と結
び付き，その意味を自ずと理解していくのである。初めて外国語に触れる中学
30","['事項', '事柄', '関する', '話', '聞く', '語句', '表現', '聞き取る', '手掛かり', 'する', '内容', '分かる', '体験', 'こと', '述べる', 'いる', '内容', '示す', 'いる', 'こと', '内容', '聞き取る', '理解', 'する', 'こと', '求める', 'いる', 'こと', '留意', 'す', '必要', 'ある', '事柄', '関する', '話', '中学年', '児童', '興味', '関心', '示る', '自分', 'こと', '身の回り', '人', '物', '学校', '生活', '関する', '話', '指', 'する', 'いる', '指導者', '数', '扱う', '単元', 'おく', '休日', '動物園', '見る', '動物', '数', 'つく', '話', 'する', '色', '扱う', '単元', 'おく', '児童', '指導', '者', '自身', '洋服', '色', '話題', 'する', '話', 'する', 'する', 'こと', '考える', '2', '章', '方法', 'つく', '学級', '担任', '教師', '外国語', '活動', '担当', 'する', '教師', 'Al', '外国語', '活動', 't', '外部', '人材', '複数', '指導者', 'やり取り', 'する', '聞く', '目標', '内容', '児童', '実態', '指導', '体制', '応ずる', '工夫', 'する', 'こと', 'ある', '際', '2', '1', '目標', '1', '聞く', 'こと', 'ア', '項目', '示す', 'いる', 'とおり', '聞き取る', '声', '話す', '努める', '外国語', 'よる', '活動', '経', '験', '中学年', '児童', 'ある', '内容', '推測', 'できる', '具体', '場面', '設定', 'する', 'こと', 'ある', '加える', '児童', '様子', '観察', 'する', '親しむ', '別', '語句', '表現', '言い換える', '動作', 'イラスト', '写真', '添える', 'する', 'する', '理解', '促す', '手立て', '講ずる', '聞く', '分かる', 'いう', '喜び', '達', '成', '感', '味わう', 'こと', 'ある', 'する', '点', 'おく', '絵本', '活用', 'する', '読', '聞く', 'ある', 'イ', '人', '身の回り', '物', '関する', '語句', '基本的', '表現', '聞く', '表す', 'イラスト', '写真', '結び付ける', '活動', '事項', '児童', 'とる', '人', '身の回り', '物', '関する', '語句', '基本的', '表現', '聞く', '表す', 'イラスト', '写真', '実物', '結び付ける', '活動', '示す', 'いる', '具体的', '活動', '例', 'する', 'Red', 'Blue', '色', '表す', '語', '聞', 'いる', '色', '指す', '好み', '扱う', '単元', 'おく', '登場', '人物', 'I', 'LIKE', 'soccer', 'いう', '音声', '聞く', '紙面', 'サッカー', 'する', 'いる', 'イラスト', '指す', 'りす', '活動', '考える', '乳幼児', '周囲', '人', '話す', '言葉', '聞く', '母語', '獲得', 'する', 'いく', '言う', '生活', '中', '用いる', 'いる', '音声', '具体的', '場面', '事物', '結', '付く', '意味', '理解', 'する', 'いく', 'ある', '外国語', '触れる', '中学', '30']"
2017,activity,3-4,2017_activity,30,pedagogical,"年段階においても，こうした体験的な理解が大変重要である。
例えば，好きな物を伝え合う場面設定の中で，指導者が，likeをイメージさ
せる表情やジェスチャーを交えながら「りんご」の実物やイラストを提示して
“I like apples.”と言う。そうすることで，“I like”が「好き」を示す非言語情報
と，さらにはapplesという音声が「りんご」という視覚情報と結び付き，児
童は指導者が話した意味を理解する。つまり，知識として語句や表現を与える
のではなく，音声と事物を結び付ける活動を通して，児童自身がその意味を理
解し語句や表現に慣れ親しんでいくことが求められるのである。
（ｳ）文字の読み方が発音されるのを聞いて，活字体で書かれた文字と結び付
ける活動。
２
この事項は，発音される文字の読み方と書かれた文字とを結び付ける活動を 英 語
示している。ここでの「文字」とは，英語の活字体の大文字と小文字を指し，
「読み方」とは，文字の「名称」を指している。
例えば，文字の名称を表す読み方を聞いて，活字体で書かれた文字を指した
り，発音された順に文字カードを並べ替えたり線でつないだりして，「読み方」
と「文字」を一致させていく活動などが考えられる。
ただし，英語に初めて触れる中学年段階であることを考慮し，一時に全ての
読み方と文字について一致させることを求めたり，知識として指導したりする
のではなく，あくまでも活動を通して，体験的に文字に親しませることが重要
である。
加えて，文字認識に関しては個人差が大きいことが予想される。中でも，児
童にあまり馴染みのない文字については，「読み方」を聞いただけですぐに文
字を見つけ出すことが難しい児童がいることも考えられる。そこで，活動に際
し，指導者は児童の様子を観察しつつ，困難が認められた場合には，十分な間
隔を空けてゆっくり一つ一つの文字を発音したり，発音した後に「文字」を示
したりするなどして，児童の抵抗感を軽減し達成感がもてるような手立てを講
じる必要がある。
また，本活動の前段階として，歌やチャンツの中で文字の読み方に親しませ
たり，文字の形を指で作ってみたり，形に着目して仲間分けをしたりするなど，
児童が文字に親しみ，興味・関心が高まるよう，多様な活動を経験させておく
ことが大切である。
31","['年', '段階', 'おく', 'する', '体験', '理解', 'ある', '物', '伝え合う', '場面', '設定', '中', '指導者', 'like', 'イメージ', '表情', 'ジェスチャー', '交える', 'りんご', '実物', 'イラスト', '提示', 'する', 'I', 'LIKE', 'apples', '言う', 'する', 'こと', 'I', 'LIKE', '示す', '言語', '情報', 'apples', 'いう', '音声', 'りんご', 'いう', '視覚', '情報', '結び付く', '児', '童', '指導者', '話す', '意味', '理解', 'する', '知識', 'する', '語句', '表現', '与える', '音声', '事物', '結び付ける', '活動', '通す', '児童', '自身', '意味', '理', '解する', '語句', '表現', '慣れ親しむ', 'いく', 'こと', '求める', 'ある', 'ウ', '文字', '読み方', '発音', 'する', '聞く', '活字体', '書く', '文字', '結ぶ', 'ける', '活動', '2', '事項', '発音', 'する', '文字', '読み方', '書く', '文字', '結び付ける', '活動', '英', '語', '示す', 'いる', '文字', '英語', '活字体', '大文字', '小文字', '指す', '読み方', '文字', '名称', '指す', 'いる', '文字', '名称', '表す', '読み方', '聞く', '活字体', '書く', '文字', '指す', '発音', 'する', '順', '文字', 'カード', '並べ替える', '線', 'つなぐ', 'する', '読み方', '文字', '一致', 'する', 'いく', '活動', '考える', '英語', '触れる', '中学', '年', '段階', 'ある', 'こと', '考慮', 'する', '一時', '全て', '読み方', '文字', 'つく', '一致', 'する', 'こと', '求める', '知識', 'する', '指導', 'する', 'する', '活動', '通す', '体験', '文字', '親しむ', 'こと', 'ある', '加える', '文字', '認識', '関する', '個人差', 'こと', '予想', 'する', '中', '児', '童', '馴染み', '文字', 'つく', '読み方', '聞く', '文', '字', '見つける', '出す', 'こと', '児童', 'いる', 'こと', '考える', '活動', '際', 'する', '指導者', '児童', '様子', '観察', 'する', '困難', '認める', '場合', '間', '隔', '空ける', '一', '一', '文字', '発音', 'する', '発音', 'する', '後', '文字', '示る', 'する', 'する', 'する', '児童', '抵抗感', '軽減', 'する', '達成感', 'もてる', '手立て', '講', 'じる', '必要', 'ある', '活動', '前', '段階', 'する', '歌', 'チャンツ', '中', '文字', '読み方', '親しむ', '文字', '形', '指', '作る', 'みる', '形', '着目', 'する', '仲間', '分け', 'する', 'する', '児童', '文字', '親しむ', '興味', '関心', '高まる', '活動', '経験', 'する', 'おく', 'こと', 'ある', '31']"
2017,activity,3-4,2017_activity,31,pedagogical,"イ 話すこと［やり取り］
（ｱ）知り合いと簡単な挨拶を交わしたり，感謝や簡単な指示，依頼をして，
それらに応じたりする活動。
この事項では，学級の友達や教師と挨拶を交わしたり，感謝や簡単な指示，
依頼をしたり，それらに応じたりする活動を示している。「知り合いと」とは，
初対面でなく日頃から馴染みのある人を指しており，児童にとって身近で日常
的な場面設定の中で，言語活動が行われるよう留意する必要がある。
例えば，“How are you?”という問いかけに対して，自分の体調や状態を答
えたり，“The Ａcard, please.”という依頼に対して“Here you are.”などと言い
第２章 ながら文字のカードを渡して応じたり，また，それに対して依頼した側が
外国語活動の
“Thank you.”と感謝の言葉を言ったりするなどの活動が考えられる。
目標及び内容
簡単な挨拶を含むこうしたやり取りは，コミュニケーションを円滑にする上
で，大切なものである。そこで，言葉のやり取りだけに終始するのではなく，
場面設定をし，意味のあるやり取りを通して，互いの心を通わすことの大切さ
を児童に意識させるとともに，その楽しさを実感させることが重要である。ま
た，このような問い掛けや依頼に対する反応の仕方は，場面や状況，相手によっ
て異なってくることも想定される。そこで，場面設定に工夫を加え，豊かな言
語活動を行うことができるよう配慮することも大切である。
なお，こうした活動を行う際，「話すこと」を急がせないよう留意する必要
がある。まず，音声を十分に聞かせた上で，繰り返し言うなどの様々な活動を
通してそれらに慣れ親しませ，自信や話すことへの意欲を高めながら，段階的
に「話す」活動へつなげることが求められる。加えて，児童が発する表現等が
例え曖昧であっても「英語を使おうとする」意欲や態度を認め，賞賛し，支援
を行うなどして，英語を用いたコミュニケーションの楽しさを児童が実感でき
るよう配慮することが重要である。こうした経験が，伝え合う力の素地や主体
的にコミュニケーションを図ろうとする態度の育成につながる。これらのこと
は，「話すこと［やり取り］」及び「話すこと［発表］」で示した全ての言語活
動において，大切にすべき事項である。
（ｲ）自分のことや身の回りの物について，動作を交えながら，好みや要求な
どの自分の考えや気持ちなどを伝え合う活動。
この事項は，具体的な場面設定の中で，動作を交えながら，好みや要求など
32","['イ', '話す', 'こと', 'やり取り', 'ア', '知り合い', '挨拶', '交わす', '感謝', '指示', '依頼', 'する', '応ずる', 'する', '活動', '事項', '学級', '友達', '教師', '挨拶', '交わす', '感謝', '指示', '依頼', 'する', '応ずる', 'する', '活動', '示す', 'いる', '知り合い', '初', '対面', '日頃', '馴染み', 'ある', '人', '指す', 'おる', '児童', 'とる', '日常', '場面', '設定', '中', '言語', '活動', '行う', '留意', 'する', '必要', 'ある', 'how', 'ARE', 'YOU', 'いう', '問いかけ', '対する', '自分', '体調', '状態', '答', 'THE', 'acard', 'Please', 'いう', '依頼', '対する', 'Here', 'YOU', 'ARE', '言う', '2', '章', '文字', 'カード', '渡す', '応ずる', '対する', '依頼', 'する', '側', '外国語', '活動', 'thank you', '感謝', '言葉', '言う', 'する', '活動', '考える', '目標', '内容', '挨拶', '含む', 'する', 'やり取り', 'コミュニケーション', 'する', '上', 'もの', 'ある', '言葉', 'やり取り', '終始', 'する', '場面', '設定', 'する', '意味', 'ある', 'やり取り', '通す', '互い', '心', '通わす', 'こと', '児童', '意識', 'する', 'とも', '実感', 'する', 'こと', 'ある', '問い掛け', '依頼', '対する', '反応', '仕方', '場面', '状況', '相手', 'よる', '異なる', 'くる', 'こと', '想定', 'する', '場面', '設定', '工夫', '加える', '言', '語', '活動', '行う', 'こと', 'できる', '配慮', 'する', 'こと', 'ある', 'する', '活動', '行う', '際', '話す', 'こと', '急ぐ', '留意', 'する', '必要', 'ある', '音声', '聞く', '上', '繰り返す', '言う', '活動', '通す', '慣れ親しむ', '自信', '話す', 'こと', '意欲', '高める', '段階的', '話す', '活動', 'つなげる', 'こと', '求める', '加える', '児童', '発する', '表現', 'ある', '英語', '使う', 'する', '意欲', '態度', '認める', '賞賛', 'する', '支援', '行う', 'する', '英語', '用いる', 'コミュニケーション', '児童', '実感', 'できる', '配慮', 'する', 'こと', 'ある', 'する', '経験', '伝え合う', '力', '素地', '主体', 'コミュニケーション', '図る', 'する', '態度', '育成', 'つながる', 'こと', '話す', 'こと', 'やり取り', '話す', 'こと', '発表', '示す', '全て', '言語', '活', '動', 'おく', 'す', '事項', 'ある', 'イ', '自分', 'こと', '身の回り', '物', 'つく', '動作', '交える', '好み', '要求', '自分', '考え', '気持ち', '伝え合う', '活動', '事項', '具体的', '場面', '設定', '中', '動作', '交える', '好み', '要求', '32']"
2017,activity,3-4,2017_activity,32,pedagogical,"に関して，自分の考えや気持ちなどを伝え合う活動である。例えば，ペアやグ
ループなど多様な形態で，自分の好きな色や食べ物，欲しい物などについて伝
え合う言語活動が考えられる。
「伝え合う」とは，一方向ではなく，双方向で感情や情報についてのやり取
りがある活動を示している。つまり，話し手は，聞き取りやすい声で言ったり
動作を交えたりしながら聞き手を意識して分かりやすく伝え，聞き手はうなず
くなどの反応を返して相手の考えや気持ちを受容しながら聞こうとするなどの
態度を育てることが求められる。
この活動においては，児童が興味・関心をもち，「伝え合う」ことへの意欲
が高まるような場面設定や題材の選択を行い，活動を通して，児童が，自己理
解・他者理解を深め，コミュニケーションの楽しさを実感できるように配慮す
ることが重要である。
２
英 語
（ｳ）自分や相手の好み及び欲しい物などについて，簡単な質問をしたり質問
に答えたりする活動。
この事項では，互いの好みや欲しい物などについて，簡単な質問をしたり質
問に答えたりする活動を示している。
例えば，“Do you like blue?”という好みを尋ねたり，“What do you want?”と
いう質問に対して“I want carrots.”と答えたりするなどの活動が考えられる。
ただし，第２の１の目標（2）「話すこと［やり取り］」ウの項目に示されてい
るように，児童の実態に応じて指導者が適切なサポートを行うよう留意する必
要がある。
主体的にコミュニケーションを図ろうとする態度を養うためには，こうした
言語活動を，児童にとって身近で具体的な場面設定の中で行い，「誰に」，「何
のために」という，「相手意識」や「目的意識」をもって，質問したり答えた
りする必然性のある活動とすることが重要である。そのためにも，指導者から
児童，児童から指導者，また児童同士など，多様な形態で活動が行われるよう
配慮することが大切である。
ウ 話すこと［発表］
（ｱ）身の回りの物の数や形状などについて，人前で実物やイラスト，写真な
どを見せながら話す活動。
33","['関する', '自分', '考え', '気持ち', '伝え合う', '活動', 'ある', 'ペア', 'グ', 'ループ', '形態', '自分', '色', '食べ物', '物', 'つく', '伝', '合う', '言語', '活動', '考える', '伝え合う', '一', '方向', '双方向', '感情', '情報', 'つく', 'やる', 'ある', '活動', '示す', 'いる', '話し手', '聞き取る', '声', '言う', '動作', '交える', 'する', '聞き手', '意識', 'する', '分かる', '伝える', '聞き手', 'なる', 'くる', '反応', '返す', '相手', '考え', '気持ち', '受容', 'する', '聞く', 'する', '態度', '育てる', 'こと', '求める', '活動', 'おく', '児童', '興味', '関心', 'もつ', '伝え合う', 'こと', '意欲', '高まる', '場面', '設定', '題材', '選択', '行う', '活動', '通す', '児童', '自己', '理', '解', '他者', '理解', '深める', 'コミュニケーション', '実感', 'できる', '配慮', 'す', 'こと', 'ある', '2', '英', '語', 'ウ', '自分', '相手', '好み', '物', 'つく', '質問', 'する', '質問', '答える', 'する', '活動', '事項', '互い', '好み', '物', 'つく', '質問', 'する', '質', '問', '答える', 'する', '活動', '示す', 'いる', 'do', 'YOU', 'LIKE', 'Blue', 'いう', '好み', '尋ねる', 'what', 'do', 'YOU', 'want', 'いう', '質問', '対する', 'I', 'want', 'carrots', '答える', 'する', '活動', '考える', '2', '1', '目標', '2', '話す', 'こと', 'やり取り', 'ウ', '項目', '示す', 'いる', '児童', '実態', '応ずる', '指導者', 'サポート', '行う', '留意', 'する', '要', 'ある', '主体的', 'コミュニケーション', '図る', 'する', '態度', '養う', 'ため', 'する', '言語', '活動', '児童', 'とる', '具体的', '場面', '設定', '中', '行う', 'ため', 'いう', '相手', '意識', '目的', '意識', 'もつ', '質問', 'する', '答える', 'りする', '必然性', 'ある', '活動', 'する', 'こと', 'ある', 'ため', '指導者', '児童', '児童', '指導者', '児童', '形態', '活動', '行う', '配慮', 'する', 'こと', 'ある', 'ウ', '話す', 'こと', '発表', 'ア', '身の回り', '物の数', '形状', 'つく', '人前', '実物', 'イラスト', '写真', 'ど', '見せる', '話す', '活動', '33']"
2017,activity,3-4,2017_activity,33,pedagogical,"この事項では，身の回りの物の実物やイラスト，写真などを見せながら，人
前で話す活動を示している。
例えば，好きな漢字やお気に入りの場所の写真，友達に贈るカードなどの作
品について，具体物を示しながら，その数や形状などについて簡単な語句や基
本的な表現を用いて話す活動が考えられる。その際，イ「話すこと［やり取り］」
（ｲ）の項目と同様，話し手は，聞き手に配慮して，明瞭な聞き取りやすい声の
大きさで言ったり動作を交えたりしながら分かりやすく話し，聞き手もうなず
くなどの反応を返して相手の話を受容しようとするなどの態度を育てることに
留意する必要がある。
この活動においては，児童の発達の段階や興味・関心に沿った，「話したく
なる」適切なテーマを設定することが重要である。活動形態についても，ペア
第２章 やグループ，学級全体に向けた発表などが考えられるが，児童の実態に合わせ
外国語活動の
て柔軟に扱うよう配慮する。
目標及び内容
また，人前での発表に抵抗感を感じる児童がいることも考えられる。そこで，
単元の早い段階で，児童にとっての最終活動となるモデルを指導者が実際に示
し，活動のイメージをもたせるとともに意欲を喚起することが大切である。さ
らに，児童一人一人が自信をもって発表できるよう，個に応じた支援を行うと
ともに，練習など準備の時間を十分確保する必要がある。これは，後述する（ｲ）
及び（ｳ）の項目についても同様である。
（ｲ）自分の好き嫌いや，欲しい物などについて，人前で実物やイラスト，写
真などを見せながら話す活動。
この事項では，実物やイラスト，写真などを見せながら，自分の好き嫌いや
欲しい物などについて，人前で話す活動を示している。（ｱ）の項目が「数や形状」
という事実，客観的なものであるのに対して，ここでは，「好き嫌い」，「欲しい」
という自分の感情や気持ち，つまり主観的なものについて話すことを意味して
いる。
例えば，自分の好きな物や苦手な物についてイラストなどを描いて発表用
シートを作成し，それを見せながら，自己紹介する活動などが考えられる。そ
の際，（ｱ）と同様，話し手は，聞き手に配慮して，明瞭な聞き取りやすい声の
大きさで言ったり動作を交えたりしながら分かりやすく話し，聞き手もうなず
くなどの反応を返して相手の話を受容しようとするなどの態度を育てることに
留意する必要がある。
また，イ「話すこと［やり取り］」（ｲ）及び（ｳ）の項目と同様，活動を通して，
34","['事項', '身の回り', '物', '実物', 'イラスト', '写真', '見せる', '人', '前', '話す', '活動', '示す', 'いる', '漢字', 'お気に入り', '場所', '写真', '友達', '贈る', 'カード', '作', '品', 'つく', '具体', '示す', '数', '形状', 'つく', '語句', '基', '本', '表現', '用いる', '話す', '活動', '考える', '際', 'イ', '話す', 'こと', 'やり取り', 'イ', '項目', '話し手', '聞き手', '配慮', 'する', '聞き取る', '声', '大きさ', '言う', '動作', '交える', 'する', '分かる', '話す', '聞き手', 'なる', 'くる', '反応', '返す', '相手', '話', '受容', 'する', 'する', '態度', '育てる', 'こと', '留意', 'する', '必要', 'ある', '活動', 'おく', '児童', '発達', '段階', '興味', '関心', '沿う', '話す', 'なる', 'テーマ', '設定', 'する', 'こと', 'ある', '活動', '形態', 'つく', 'ペア', '2', '章', 'グループ', '学級', '全体', '向ける', '発表', '考える', '児童', '実態', '合わせる', '外国語', '活動', '扱う', '配慮', 'する', '目標', '内容', '人前', '発表', '抵抗感', '感じる', '児童', 'いる', 'こと', '考える', '単元', '段階', '児童', 'とる', '最終', '活動', 'なる', 'モデル', '指導者', '実際', '示る', 'する', '活動', 'イメージ', 'もつ', 'とも', '意欲', '喚起', 'する', 'こと', 'ある', '児童', '一人一人', '自信', 'もつ', '発表', 'できる', '個', '応ずる', '支援', '行う', 'とも', '練習', '準備', '時間', '確保', 'する', '必要', 'ある', '後述', 'する', 'イ', 'ウ', '項目', 'つく', 'ある', 'イ', '自分', '好き嫌い', '物', 'つく', '人前', '実物', 'イラスト', '写', '真', '見せる', '話す', '活動', '事項', '実物', 'イラスト', '写真', '見せる', '自分', '好き嫌い', '物', 'つく', '人前', '話す', '活動', '示す', 'いる', 'ア', '項目', '数', '形状', 'いう', '事実', '客観的', 'もの', 'ある', '対する', '好き嫌い', 'いう', '自分', '感情', '気持ち', '主観的', 'もの', 'つく', '話す', 'こと', '意味', 'する', 'いる', '自分', '物', '苦手', '物', 'つく', 'イラスト', '描く', '発表', 'シート', '作成', 'する', '見せる', '自己', '紹介', 'する', '活動', '考える', '際', 'ア', '話し手', '聞き手', '配慮', 'する', '聞き取る', '声', '大きさ', '言う', '動作', '交える', 'する', '分かる', '話す', '聞き手', 'なる', 'くる', '反応', '返す', '相手', '話', '受容', 'する', 'する', '態度', '育てる', 'こと', '留意', 'する', '必要', 'ある', 'イ', '話す', 'こと', 'やり取り', 'イ', 'ウ', '項目', '活動', '通す', '34']"
2017,activity,3-4,2017_activity,34,pedagogical,"児童が，自己理解・他者理解を深め，コミュニケーションの楽しさを実感でき
るようにすることが重要である。活動形態についても，ペアやグループ，学級
全体に向けた発表などが考えられるが，児童の実態に合わせて柔軟に扱うよう
配慮する。
（ｳ）時刻や曜日，場所など，日常生活に関する身近で簡単な事柄について，
人前で実物やイラスト，写真などを見せながら，自分の考えや気持ちなど
を話す活動。
この事項では，時刻や曜日，場所など，日常生活に関する身近で簡単な事柄
について，人前で実物やイラスト，写真などを見せながら，自分の考えや気持
ちなどを話す活動を示している。前述したとおり，（ｱ）の項目の「数や形状」は，
２
事実，客観的なものであるのに対して，「考えや気持ち」とは，（ｲ）の項目と同 英 語
様，主観的なものを意味している。
例えば，校内の自分のお気に入りの場所について，イラストや写真などを見
せながら，“My favorite place is the music room. I like music.”などと自分の考え
や気持ちを話す活動などが考えられる。（ｱ）及び（ｲ）と同様，話し手は，聞き手
に配慮して，明瞭で聞き取りやすい声の大きさで言ったり動作を交えたりしな
がら分かりやすく話し，聞き手もうなずくなどの反応を返して相手の考えや気
持ちを受容しようとするなどの態度を育てることに留意する必要がある。
また，（ｲ）と同様，活動を通して，児童が，自己理解・他者理解を深め，コミュ
ニケーションの楽しさを実感できるようにすることが重要である。活動形態に
ついても，ペアやグループ，学級全体に向けた発表などが考えられるが，児童
の実態に合わせて柔軟に扱うよう配慮する。
② 言語の働きに関する事項
言語活動を行うに当たり，主として次に示すような言語の使用場面や言
語の働きを取り上げるようにする。
ここでは，「言語の使用場面」や「言語の働き」について，特に具体例を示
している。これは，日常の授業において，言語の使用場面の設定や，言語の働
きを意識した指導を行う際の手掛かりとなるようにするためである。
「言語の使用場面」とは，コミュニケーションが行われる場面を表している。
ここでは「児童の身近な暮らしに関わる場面」と「特有の表現がよく使われる
場面」の二つに分けて具体例を示した。
35","['児童', '自己', '理解', '他者', '理解', '深める', 'コミュニケーション', '実感', 'できる', 'する', 'こと', 'ある', '活動', '形態', 'つく', 'ペア', 'グループ', '学級', '全体', '向ける', '発表', '考える', '児童', '実態', '合わせる', '扱う', '配慮', 'する', 'ウ', '時刻', '曜日', '場所', '日常生活', '関する', '事柄', 'つく', '人前', '実物', 'イラスト', '写真', '見せる', '自分', '考え', '気持ち', '話す', '活動', '事項', '時刻', '曜日', '場所', '日常生活', '関する', '事柄', 'つく', '人前', '実物', 'イラスト', '写真', '見せる', '自分', '考え', '気持', 'ち', '話す', '活動', '示す', 'いる', '前述', 'する', 'とおり', 'ア', '項目', '数', '形状', '2', '事実', '客観的', 'もの', 'ある', '対する', '考え', '気持ち', 'イ', '項目', '同', '英', '語', '主観的', 'もの', '意味', 'する', 'いる', '校内', '自分', 'お気に入り', '場所', 'つく', 'イラスト', '写真', '見る', 'My', 'Favorite', 'Place', 'is', 'THE', 'MUSIC', 'ROOM', 'I', 'LIKE', 'MUSIC', '自分', '考え', '気持ち', '話す', '活動', '考える', 'ア', 'イ', '話し手', '聞き手', '配慮', 'する', '聞き取る', '声', '大きさ', '言う', '動作', '交える', 'する', '分かる', '話す', '聞き手', 'うなずく', '反応', '返す', '相手', '考え', '気', '持ち', '受容', 'する', 'する', '態度', '育てる', 'こと', '留意', 'する', '必要', 'ある', 'イ', '活動', '通す', '児童', '自己', '理解', '他者', '理解', '深める', 'コミュ', 'ニケーション', '実感', 'できる', 'する', 'こと', 'ある', '活動', '形態', 'つく', 'ペア', 'グループ', '学級', '全体', '向ける', '発表', '考える', '児童', '実態', '合わせる', '扱う', '配慮', 'する', '2', '言語', '働き', '関する', '事項', '言語', '活動', '行う', '当たる', '主', 'する', '次', '示す', '言語', '使用', '場面', '言', '語', '働き', '取り上げる', 'する', '言語', '使用', '場面', '言語', '働き', 'つく', '具体例', '示る', 'する', 'いる', '日常', '授業', 'おく', '言語', '使用', '場面', '設定', '言語', '働る', 'き', '意識', 'する', '指導', '行う', '際', '手掛かり', 'なる', 'する', 'ため', 'ある', '言語', '使用', '場面', 'コミュニケーション', '行う', '場面', '表す', 'いる', '児童', '暮らし', '関わる', '場面', '表現', '使う', '場面', '二', '分ける', '具体例', '示す', '35']"
2017,activity,3-4,2017_activity,35,pedagogical,"「言語の働き」とは，言語を用いてコミュニケーションを図ることで達成で
きることを表している。具体的には，「コミュニケーションを円滑にする」，「気
持ちを伝える」，「事実・情報を伝える」，「考えや意図を伝える」，「相手の行動
を促す」であり，それぞれに代表的な例を示した。
改訂前の高学年における外国語活動では，中学校の外国語科で「言語の働き」
としていたのに対して，「コミュニケーションの働き」としていたが，今回の
改訂においては，高学年の外国語科とともに，小学校，中学校，高等学校で一
貫した目標を設定していることから，中学校の外国語科と同様「言語の働き」
とした。さらに，改訂前の高学年における外国語活動では，コミュニケーショ
ンの働きとして，「相手との関係を円滑にする」，「気持ちを伝える」，「事実を
伝える」，「考えや意図を伝える」，「相手の行動を促す」としており，中学校の
第２章 外国語科の「言語の働き」として示していた，「コミュニケーションを円滑に
外国語活動の
する」，「気持ちを伝える」，「情報を伝える」，「考えや意図を伝える」，「相手の
目標及び内容
行動を促す」と異なる部分もあったが，今回は中学年の外国語活動，高学年の
外国語科，中学校の外国語科で共通の文言とし，小学校中学年の外国語活動か
ら中学校の外国語科までのつながりがより明確になるようにした。
ア 言語の使用場面の例
（ｱ）児童の身近な暮らしに関わる場面
・ 家庭での生活 ・ 学校での学習や活動
・ 地域の行事 ・ 子供の遊び など
以下にそれぞれの場面における特有の表現例を示す。
・家庭での生活
例１ I wake up（ at 6:00）. I go to school. I go home. I take a bath.
I do my homework.
例２ Ａ： What time is it?
Ｂ： Itʼs 8:30.
例３ I eat lunch.
例４ This is my pet.
例５ Ａ： Iʼm tired.
Ｂ： Are you O.K?
・学校での学習や活動
例１ Ａ： Do you have a ruler?
36","['言語', '働き', '言語', '用いる', 'コミュニケーション', '図る', 'こと', '達成', 'きる', 'こと', '表す', 'いる', '具体的', 'コミュニケーション', 'する', '気', '持ち', '伝える', '事実', '情報', '伝える', '考え', '意図', '伝える', '相手', '行動', '促す', 'ある', 'それぞれ', '代表的', '例', '示す', '改訂', '前', '高学年', 'おく', '外国語', '活動', '中学校', '外国語', '言語', '働き', 'する', 'いる', '対する', 'コミュニケーション', '働き', 'する', 'いる', '今回', '改訂', 'おく', '高学年', '外国語', 'とも', '小学校', '中学校', '高等学校', '一', '貫', 'する', '目標', '設定', 'する', 'いる', 'こと', '中学校', '外国語', '言語', '働き', 'する', '改訂', '前', '高学年', 'おく', '外国語', '活動', 'コミュニケーショ', '働き', 'する', '相手', '関係', 'する', '気持ち', '伝える', '事実', '伝える', '考え', '意図', '伝える', '相手', '行動', '促す', 'する', 'おる', '中学校', '2', '章', '外国語', '言語', '働き', 'する', '示す', 'いる', 'コミュニケーション', '外国語', '活動', 'する', '気持ち', '伝える', '情報', '伝える', '考え', '意図', '伝える', '相手', '目標', '内容', '行動', '促す', '異なる', '部分', 'ある', '今回', '中学年', '外国語', '活動', '高学年', '外国語', '中学校', '外国語', '共通', '文言', 'する', '小学校', '中学', '年', '外国語', '活動', '中学校', '外国語', 'つながり', 'なる', 'する', 'ア', '言語', '使用', '場面', '例', 'ア', '児童', '暮らし', '関わる', '場面', '家庭', '生活', '学校', '学習', '活動', '地域', '行事', '子供', '遊び', '以下', 'それぞれ', '場面', 'おく', '表現', '例', '示す', '家庭', '生活', '例', '1', 'I', 'Wake', 'UP', 'AT', '6', '00', 'I', 'Go', 'to', 'school', 'I', 'Go', 'home', 'I', 'Take', 'a', 'bath', 'I', 'do', 'My', 'homework', '例', '2', 'a', 'what', 'Time', 'is it', 'b', 'IT', 's', '8', '30', '例', '3', 'I', 'EAT', 'lunch', '例', '4', 'This', 'is', 'My', 'PET', '例', '5', 'a', 'I', 'm', 'tired', 'b', 'ARE', 'YOU', 'o', 'k', '学校', '学習', '活動', '例', '1', 'a', 'do', 'YOU', 'HAVE', 'a', 'ruler', '36']"
2017,activity,3-4,2017_activity,36,pedagogical,"Ｂ： Yes, I do. I have a ruler. / No, I donʼt. I donʼt have a ruler.
例２ Ａ： How many?
Ｂ： Two.
例３ This is my favorite place.
I like music.
例４ This is the music room.
・地域の行事
例１ Letʼs dance bon-odori.
例２ I like Yamakasa festival.
・子供の遊び
例１ Rock, scissors, paper. One, two, three.
例２ Ａ： Whatʼs this?
２
Ｂ： Hint, please. 英 語
例３ Ａ： Letʼs play dodgeball outside.
Ｂ： Yes, letʼs.
例４ Ａ： Letʼs play cards.
Ｂ： Sorry.
例５ I like tag.
I like Bingo.
（ｲ）特有の表現がよく使われる場面
・ 挨拶 ・ 自己紹介 ・ 買物
・ 食事 ・ 道案内 など
以下にそれぞれの場面における表現例を示す。
・挨拶
例１ Good morning/afternoon.
例２ Ａ： Hello. How are you?
Ｂ： Iʼm good.
例３ Ａ： Letʼs start.
Ｂ： Yes, letʼs.
例４ Hello. Goodbye. See you.
・自己紹介
例１ Hello（ Hi）, I am Haruto. I like blue. I like baseball. I donʼt like soccer.
例２ Ａ： Do you like soccer?
37","['b', 'YES', 'I', 'do', 'I', 'HAVE', 'a', 'ruler', 'NO', 'I', 't', 'I', 't', 'HAVE', 'a', 'ruler', '例', '2', 'a', 'how', 'many', 'b', 'two', '例', '3', 'This', 'is', 'My', 'Favorite', 'Place', 'I', 'LIKE', 'MUSIC', '例', '4', 'This', 'is', 'THE', 'MUSIC', 'ROOM', '地域', '行事', '例', '1', 'LET', 's', 'dance', 'bon', 'odori', '例', '2', 'I', 'LIKE', 'yamakasa', 'Festival', '子供', '遊び', '例', '1', 'ROCK', 'scissors', 'Paper', 'one', 'two', 'Three', '例', '2', 'a', 'what', 's', 'This', '2', 'b', 'HINT', 'Please', '英', '語', '例', '3', 'a', 'LET', 's', 'Play', 'dodgeball', 'outside', 'b', 'YES', 'LET', 's', '例', '4', 'a', 'LET', 's', 'Play', 'cards', 'b', 'sorry', '例', '5', 'I', 'LIKE', 'Tag', 'I', 'LIKE', 'bingo', 'イ', '表現', '使う', '場面', '挨拶', '自己', '紹介', '買物', '食事', '道案内', '以下', 'それぞれ', '場面', 'おく', '表現', '例', '示す', '挨拶', '例', '1', 'good morning', 'Afternoon', '例', '2', 'a', 'Hello', 'how', 'ARE', 'YOU', 'b', 'I', 'm', 'GOOD', '例', '3', 'a', 'LET', 's', 'Start', 'b', 'YES', 'LET', 's', '例', '4', 'Hello', 'goodbye', 'see', 'YOU', '自己', '紹介', '例', '1', 'Hello', 'Hi', 'I', 'AM', 'haruto', 'I', 'LIKE', 'Blue', 'I', 'LIKE', 'BASEBALL', 'I', 't', 'LIKE', 'soccer', '例', '2', 'a', 'do', 'YOU', 'LIKE', 'soccer', '37']"
2017,activity,3-4,2017_activity,37,pedagogical,"Ｂ： Yes, I do. I like soccer.
・買物
例１ Ａ： Hello. Do you have a pen?
Ｂ： Sorry, no, I donʼt.
例２ Ａ： What do you want?
Ｂ： I want potatoes, please.
例３ Ａ： How many?
Ｂ： Two, please.
Ａ： Here you are.
Ｂ： Thank you.
・食事
第２章 例１ Ａ： What food do you like?
外国語活動の
Ｂ： I like pudding.
目標及び内容
例２ This is my pizza.
例３ Ａ： What do you want?
Ｂ： Ａbanana, please.
・道案内
例１ Go straight. Turn right/left.
例２ This is the swimming pool/music room/gym.
イ 言語の働きの例
（ｱ）コミュニケーションを円滑にする
・ 挨拶をする ・ 相づちを打つ など
「コミュニケーションを円滑にする」働きとは，相手との関係を築きながら
コミュニケーションを開始したり維持したりする働きである。以下にそれぞれ
の働きについての表現例を示す。
・挨拶をする
例１ Hello.
例２ Hi.
・相づちを打つ
例１ Yes.
例２ O.K.
38","['b', 'YES', 'I', 'do', 'I', 'LIKE', 'soccer', '買物', '例', '1', 'a', 'Hello', 'do', 'YOU', 'HAVE', 'a', 'PEN', 'b', 'sorry', 'NO', 'I', 't', '例', '2', 'a', 'what', 'do', 'YOU', 'want', 'b', 'I', 'want', 'potatoes', 'Please', '例', '3', 'a', 'how', 'many', 'b', 'two', 'Please', 'a', 'Here', 'YOU', 'ARE', 'b', 'thank you', '食事', '2', '章', '例', '1', 'a', 'what', 'Food', 'do', 'YOU', 'like', '外国語', '活動', 'b', 'I', 'LIKE', 'pudding', '目標', '内容', '例', '2', 'This', 'is', 'My', 'pizza', '例', '3', 'a', 'what', 'do', 'YOU', 'want', 'b', 'abanana', 'Please', '道案内', '例', '1', 'Go', 'STRAIGHT', 'turn', 'Right', 'Left', '例', '2', 'This', 'is', 'THE', 'swimming pool', 'MUSIC', 'ROOM', 'gym', 'イ', '言語', '働き', '例', 'ア', 'コミュニケーション', 'する', '挨拶', 'する', '相づち', '打つ', 'コミュニケーション', 'する', '働き', '相手', '関係', '築く', 'コミュニケーション', '開始', 'する', '維持', 'する', 'する', '働き', 'ある', '以下', 'それぞれ', '働き', 'つく', '表現', '例', '示す', '挨拶', 'する', '例', '1', 'Hello', '例', '2', 'Hi', '相づち', '打つ', '例', '1', 'Yes', '例', '2', 'o', 'k', '38']"
2017,activity,3-4,2017_activity,38,pedagogical,"この事項の指導の際には，表現を教えるだけではなく，実際に挨拶をしたり，
相づちを打ったりすることなどによって，相手とのコミュニケーションが円滑
になることに気付かせることが重要である。また，他者との更なる円滑なコミュ
ニケーションのためには，身振りや表情，ジェスチャーなどの非言語的要素の
活用も重要であることを指導する。
高学年の外国語科においては，ここに示す例のほかに，「呼び掛ける」，「聞
き直す」，「繰り返す」という働きの例が加えられている。
（ｲ）気持ちを伝える
・ 礼を言う ・ 褒める など
「気持ちを伝える」働きとは，相手との信頼関係を築いたり，良好な関係で
２
コミュニケーションを行ったりするために，自分の気持ちを伝えることを示し 英 語
ている。中学年の外国語活動においては，相手に配慮しながら，自分の気持ち
や感情を伝えられるよう指導する。以下にそれぞれの働きについての表現例を
示す。
・礼を言う
例 Thank you.
・褒める
例１ Good.
例２ Great.
この事項の指導の際には，表現を教えるだけではなく，実際に場面設定をし
て礼を言ったり，褒めたりすることなどによって，自分の気持ちを相手に伝え
ることができることに気付かせることが重要である。また，気持ちを伝える際
には，身振りや表情，ジェスチャーなどの非言語的要素の活用も重要であるこ
とを指導する。
高学年の外国語科においては，ここで示す例のほかに，「謝る」という働き
の例が加えられている。
（ｳ）事実・情報を伝える
・ 説明する ・ 答える など
「事実・情報を伝える」働きとは，聞き手に事実や情報を伝達する働きである。
以下にそれぞれの働きについての表現例を示す。
39","['事項', '指導', '際', '表現', '教える', '実際', '挨拶', 'する', '相づち', '打つ', 'する', 'こと', 'よる', '相手', 'コミュニケーション', 'なる', 'こと', '気付く', 'こと', 'ある', '他者', 'コミュ', 'ニケーション', 'ため', '身振り', '表情', 'ジェスチャー', '言語的', '要素', '活用', 'ある', 'こと', '指導', 'する', '高学年', '外国語', 'おく', '示す', '例', 'ほか', '呼び掛ける', '聞', 'くる', '直す', '繰り返す', 'いう', '働き', '例', '加える', 'いる', 'イ', '気持ち', '伝える', '礼', '言う', '褒める', '気持ち', '伝える', '働き', '相手', '信頼関係', '築く', '関係', '2', 'コミュニケーション', '行う', 'する', 'ため', '自分', '気持ち', '伝える', 'こと', '示す', '英', '語', 'いる', '中学年', '外国語', '活動', 'おく', '相手', '配慮', 'する', '自分', '気持ち', '感情', '伝える', '指導', 'する', '以下', 'それぞれ', '働き', 'つく', '表現', '例', '示す', '礼', '言う', '例', 'thank you', '褒める', '例', '1', 'GOOD', '例', '2', '事項', '指導', '際', '表現', '教える', '実際', '場面', '設定', 'する', '礼', '言う', '褒める', 'する', 'こと', 'よる', '自分', '気持ち', '相手', '伝える', 'こと', 'できる', 'こと', '気付く', 'こと', 'ある', '気持ち', '伝える', '際', '身振り', '表情', 'ジェスチャー', '言語的', '要素', '活用', 'ある', 'こ', '指導', 'する', '高学年', '外国語', 'おく', '示す', '例', 'ほか', '謝る', 'いう', '働き', '例', '加える', 'いる', 'ウ', '事実', '情報', '伝える', '説明', 'する', '答える', '事実', '情報', '伝える', '働き', '聞き手', '事実', '情報', '伝達', 'する', '働き', 'ある', '以下', 'それぞれ', '働き', 'つく', '表現', '例', '示す', '39']"
2017,activity,3-4,2017_activity,39,pedagogical,"・説明する
例１ This is a fruit. Itʼs green. Itʼs sweet.（果物を説明している）
例２ I wake up at 6:00.（自分の生活について説明している）
・答える
例１ Ａ： Do you like pizza?
Ｂ： Yes, I do.（相手の質問に対して，答えている）
例２ Ａ： How are you?
Ｂ： Iʼm happy.（相手の質問に対して，答えている）
この事項の指導の際には，事実や情報を伝えるために，身振りや表情，ジェ
スチャーなどの非言語的要素の活用も重要であることを指導する。
第２章 高学年の外国語科においては，「説明する」，「報告する」，「発表する」とい
外国語活動の
う働きの例が示されている。質問されたことに対して「答える」という働きは，
目標及び内容
中学年の外国語活動における言語活動の中で指導を行うものとする。
（ｴ）考えや意図を伝える
・ 申し出る ・ 意見を言う など
「考えや意図を伝える」働きとは，聞き手に自分の考えや意図を伝達する働
きである。以下にそれぞれの働きについての表現例を示す。
・申し出る
例 Ａ： Letʼs play cards.
Ｂ： Yes, letʼs.
・意見を言う
例 I like Mondays.
この事項の指導の際には，考えや意図を伝えるために，身振りや表情，ジェ
スチャーなどの非言語的要素の活用も重要であることを指導する。
高学年の外国語科においては，ここで示す例のほかに，「賛成する」，「承諾
する」，「断る」という働きの例が加えられている。高学年の外国語科において
は，言語活動の幅も広がり，言語の働きも多様になる。
（ｵ）相手の行動を促す
・ 質問する ・ 依頼する ・ 命令する など
40","['説明', 'する', '例', '1', 'This', 'is', 'a', 'fruit', 'IT', 's', 'GREEN', 'IT', 's', 'sweet', '果物', '説明', 'する', 'いる', '例', '2', 'I', 'Wake', 'UP', 'AT', '6', '00', '自分', '生活', 'つく', '説明', 'する', 'いる', '答える', '例', '1', 'a', 'do', 'YOU', 'LIKE', 'pizza', 'b', 'YES', 'I', 'do', '相手', '質問', '対する', '答える', 'いる', '例', '2', 'a', 'how', 'ARE', 'YOU', 'b', 'I', 'm', '相手', '質問', '対する', '答える', 'いる', '事項', '指導', '際', '事実', '情報', '伝える', 'ため', '身振り', '表情', 'ジェ', 'スチャー', '言語的', '要素', '活用', 'ある', 'こと', '指導', 'する', '2', '章', '高学年', '外国語', 'おく', '説明', 'する', '報告', 'する', '発表', 'する', 'いる', '外国語', '活動', '働き', '例', '示す', 'いる', '質問', 'する', 'こと', '対する', '答える', 'いう', '働き', '目標', '内容', '中学', '年', '外国語', '活動', 'おく', '言語', '活動', '中', '指導', '行う', 'もの', 'する', '考え', '意図', '伝える', '申し出る', '意見', '言う', '考え', '意図', '伝える', '働き', '聞き手', '自分', '考え', '意図', '伝達', 'する', '働る', 'き', 'ある', '以下', 'それぞれ', '働き', 'つく', '表現', '例', '示す', '申し出る', '例', 'a', 'LET', 's', 'Play', 'cards', 'b', 'YES', 'LET', 's', '意見', '言う', '例', 'I', 'LIKE', 'mondays', '事項', '指導', '際', '考え', '意図', '伝える', 'ため', '身振り', '表情', 'ジェ', 'スチャー', '言語的', '要素', '活用', 'ある', 'こと', '指導', 'する', '高学年', '外国語', 'おく', '示す', '例', 'ほか', '賛成', 'する', '承諾', 'する', '断る', 'いう', '働き', '例', '加える', 'いる', '高学年', '外国語', 'おく', '言語', '活動', '幅', '広がる', '言語', '働き', 'なる', '相手', '行動', '促す', '質問', 'する', '依頼', 'する', '命令', 'する', '40']"
2017,activity,3-4,2017_activity,40,pedagogical,"「相手の行動を促す」働きとは，相手に働きかけ，相手の言語的・非言語的
行動を引き出す働きを示している。以下にそれぞれの働きについての表現例を
示す。
・質問する
例１ Do you like blue?
例２ Whatʼs this?
・依頼する
例１ Ａ： The Ａcard, please.
Ｂ： Here you are.
例２ Ａ： Hint, please.
Ｂ： O.K.
・命令する
２
例１ Go straight. 英 語
例２ Turn right.
この事項の指導の際には，表現を教えるだけではなく，実際に質問したり，
依頼したりすることなどによって，相手に働きかけて行動を促すことができる
ことに気付かせることが重要である。また，相手の行動を促す際には，身振り
や表情，ジェスチャーなどの非言語的要素の活用も重要であることを指導する。
ここで示されている働きの例は，高学年の外国語科で示されている働きの例
と同じである。
３ 指導計画の作成と内容の取扱い
（1）指導計画の作成上の配慮事項
（1）指導計画の作成に当たっては，第5学年及び第6学年並びに中学校及び
高等学校における指導との接続に留意しながら，次の事項に配慮するもの
とする。
指導計画の作成に当たっては，小・中・高等学校を通じた領域別の目標の設
定という観点を踏まえ，高学年の外国語科や中・高等学校における指導との接
続に留意した上で，以下の事項に配慮することとしている。
41","['相手', '行動', '促す', '働き', '相手', '働きかける', '相手', '言語的', '言語的', '行動', '引き出す', '働き', '示す', 'いる', '以下', 'それぞれ', '働き', 'つく', '表現', '例', '示す', '質問', 'する', '例', '1', 'do', 'YOU', 'LIKE', 'Blue', '例', '2', 'what', 's', 'This', '依頼', 'する', '例', '1', 'a', 'THE', 'acard', 'Please', 'b', 'Here', 'YOU', 'ARE', '例', '2', 'a', 'HINT', 'Please', 'b', 'o', 'k', '命令', 'する', '2', '例', '1', 'Go', 'STRAIGHT', '英', '語', '例', '2', 'turn', 'Right', '事項', '指導', '際', '表現', '教える', '実際', '質問', 'する', '依頼', 'する', 'する', 'こと', 'よる', '相手', '働きかける', '行動', '促す', 'こと', 'できる', 'こと', '気付く', 'こと', 'ある', '相手', '行動', '促す', '際', '身振り', '表情', 'ジェスチャー', '言語的', '要素', '活用', 'ある', 'こと', '指導', 'する', '示す', 'いる', '働き', '例', '高学年', '外国語', '示す', 'いる', '働き', '例', 'ある', '3', '指導', '計画', '作成', '内容', '取扱い', '1', '指導', '計画', '作成', '配慮', '事項', '1', '指導', '計画', '作成', '当たる', '5', '学年', '6', '学年', '中学校', '高等学校', 'おく', '指導', '接続', '留意', 'する', '次', '事項', '配慮', 'する', 'もの', 'する', '指導', '計画', '作成', '当たる', '高等学校', '通ずる', '領域', '別', '目標', '設', '定', 'いう', '観点', '踏まえる', '高学年', '外国語', '高等学校', 'おく', '指導', '続', '留意', 'する', '上', '以下', '事項', '配慮', 'する', 'こと', 'する', 'いる', '41']"
2017,activity,3-4,2017_activity,41,pedagogical,"ア 単元など内容や時間のまとまりを見通して，その中で育む資質・能力の
育成に向けて，児童の主体的・対話的で深い学びの実現を図るようにする
こと。その際，具体的な課題等を設定し，児童が外国語によるコミュニケー
ションにおける見方・考え方を働かせながら，コミュニケーションの目的
や場面，状況などを意識して活動を行い，英語の音声や語彙，表現などの
知識を，三つの領域における実際のコミュニケーションにおいて活用でき
るようにすること。
この事項は，外国語活動の指導計画の作成に当たり，児童の主体的・対話的
で深い学びの実現を目指した授業改善を進めることとし，外国語活動の特質に
応じて，効果的な学習が展開できるように配慮すべき内容を示したものである。
第２章 外国語活動の指導に当たっては，（1）「知識及び技能」を体験的に身に付ける
外国語活動の
こと，（2）「思考力，判断力，表現力等」を育成すること，（3）「学びに向かう力，
目標及び内容
かん
人間性等」を涵養することが偏りなく実現されるよう，単元など内容や時間の
まとまりを見通しながら，主体的・対話的で深い学びの実現に向けた授業改善
を行うことが重要である。
児童に改訂前の高学年における外国語活動の指導を通して「知識及び技能」
や「思考力，判断力，表現力等」の育成を目指す授業改善を行うことに関して
は，これまでも多くの実践が重ねられてきている。そのような着実に取り組ま
れてきた実践を否定し，全く異なる指導方法を導入しなければならないと捉え
るのではなく，児童や学校の実態，指導の内容に応じ，「主体的な学び」，「対
話的な学び」，「深い学び」の視点から授業改善を図ることが重要である。
主体的・対話的で深い学びは，必ずしも１単位時間の授業の中で全てが実現
されるものではない。単元など内容や時間のまとまりの中で，例えば，主体的
に学習に取り組めるよう学習の見通しを立てたり学習したことを振り返ったり
して自身の学びや変容を自覚できる場面をどこに設定するか，対話によって自
分の考えなどを広げたり深めたりする場面をどこに設定するか，学びの深まり
をつくりだすために，児童が考える場面と教師が教える場面をどのように組み
立てるか，といった視点で授業改善を進めることが求められる。また，児童や
学校の実態に応じ，多様な学習活動を組み合わせて授業を組み立てていくこと
が重要であり，単元のまとまりを見通した学習を行うに当たり基礎となる知識
及び技能の習得に課題が見られる場合には，それを身に付けるために，児童の
主体性を引き出すなどの工夫を重ね，確実な習得を図ることが必要である。
主体的・対話的で深い学びの実現に向けた授業改善を進めるに当たり，特に
「深い学び」の視点に関して，各教科等の学びの深まりの鍵となるのが「見方・
42","['ア', '単元', '内容', '時間', 'まとまり', '見通す', '中', '育む', '資質', '能力', '育成', '向ける', '児童', '主体的', '対話', '学び', '実現', '図る', 'する', 'こと', '際', '具体的', '課題', '設定', 'する', '児童', '外国語', 'よる', 'コミュニケー', 'ション', 'おく', '見方', '考え方', '働く', 'コミュニケーション', '目的', '場面', '状況', '意識', 'する', '活動', '行う', '英語', '音声', '語彙', '表現', '知識', '三', '領域', 'おく', '実際', 'コミュニケーション', 'おく', '活用', 'できる', 'する', 'こと', '事項', '外国語', '活動', '指導', '計画', '作成', '当たる', '児童', '主体的', '対話', '学び', '実現', '目指す', '授業', '改善', '進める', 'こと', 'する', '外国語', '活動', '特質', '応ずる', '効果的', '学習', '展開', 'できる', '配慮', 'す', '内容', '示す', 'もの', 'ある', '2', '章', '外国語', '活動', '指導', '当たる', '1', '知識', '技能', '体験', '身', '付ける', '外国語', '活動', 'こと', '2', '思考力', '判断力', '表現力', '育成', 'する', 'こと', '3', '学び', '向かう', '力', '目標', '内容', '人間性', '涵養', 'する', 'こと', '偏り', '実現', 'する', '単元', '内容', '時間', 'まとまり', '見通す', '主体的', '対話', '学び', '実現', '向ける', '授業', '改善', '行う', 'こと', 'ある', '児童', '改訂', '前', '高学年', 'おく', '外国語', '活動', '指導', '通す', '知識', '技能', '思考力', '判断力', '表現力', '育成', '目指す', '授業', '改善', '行う', 'こと', '関する', '多く', '実践', '重ねる', 'くる', 'いる', '取り組む', 'くる', '実践', '否定', 'する', '異なる', '指導', '方法', '導入', 'する', 'なる', '捉える', '児童', '学校', '実態', '指導', '内容', '応ずる', '主体的', '学び', '対', '話', '学び', '学び', '視点', '授業', '改善', '図る', 'こと', 'ある', '主体的', '対話', '学び', '1', '単位', '時間', '授業', '中', '全て', '実現', 'する', 'もの', '単元', '内容', '時間', 'まとまり', '中', '主体的', '学習', '取り組める', '学習', '見通し', '立てる', '学習', 'する', 'こと', '振り返る', 'する', '自身', '学びや', '変容', '自覚', 'できる', '場面', '設定', 'する', '対話', 'よる', '自', '分', '考え', '広げる', '深める', 'する', '場面', '設定', 'する', '学び', '深まり', 'つくりだす', 'ため', '児童', '考える', '場面', '教師', '教える', '場面', '組む', '立てる', 'いう', '視点', '授業', '改善', '進める', 'こと', '求める', '児童', '学校', '実態', '応ずる', '学習', '活動', '組み合わせる', '授業', '組み立てる', 'いく', 'こと', 'ある', '単元', 'まとまり', '見通す', '学習', '行う', '当たる', '基礎', 'なる', '知識', '技能', '習得', '課題', '見る', '場合', '身', '付ける', 'ため', '児童', '主体性', '引き出す', '工夫', '重ねる', '習得', '図る', 'こと', '必要', 'ある', '主体的', '対話', '学び', '実現', '向ける', '授業', '改善', '進める', '当たる', '学び', '視点', '関する', '教科', '学び', '深まり', '鍵', 'なる', '見方', '42']"
2017,activity,3-4,2017_activity,42,pedagogical,"考え方」である。各教科等の特質に応じた物事を捉える視点や考え方である「見
方・考え方」を，習得・活用・探究という学びの過程の中で働かせることを通
じて，より質の高い深い学びにつなげることが重要である。
次に，「その際」以下において，指導計画の作成に当たっては，高学年の外
国語科や中・高等学校における指導と円滑に接続できるよう語彙や表現，練習
や活動，題材や場面設定等の配列を工夫したり，系統的な指導が行えるよう，
指導方法や学習環境等に配慮したりするなど，児童の発達の段階や学校・地域
の実態に応じて適切に作成していく必要性を述べている。ここで「具体的な課
題等を設定し」とは，主体的・対話的で深い学びの実現に向けた授業改善を行
うため，教師が単元終末段階の児童に望む具体的な姿のイメージをもち，実態
に応じて単元を見通した課題設定をすることを示したものである。これらは，
改訂前の高学年における外国語活動の指導など，外国語教育においてこれまで
２
も行われてきた学習活動の質を向上させることを主眼とするものであり，主体 英 語
的・対話的で深い学びの実現に向けた授業改善が，全く新たな学習活動を取り
入れる趣旨ではないことに留意しなければならない。
イ 学年ごとの目標を適切に定め，２学年間を通じて外国語活動の目標の実
現を図るようにすること。
この配慮事項は，２学年間を通じて中学年の外国語活動の目標の実現を図る
ため，各学校における児童の発達の段階と実情を踏まえ，学年ごとの目標を適
切に定めることの必要性を述べたものである。
改訂前の高学年における外国語活動の取組状況などを踏まえ，児童の実態や
地域の実情に応じて，各学校が主体的に学年ごとの目標を定め，２学年間を通
じて中学年の外国語活動の目標の実現が図れるよう配慮しているものである。
ウ 実際に英語を用いて互いの考えや気持ちを伝え合うなどの言語活動を行
う際は，２の（1）に示す事項について理解したり練習したりするための指
導を必要に応じて行うこと。また，英語を初めて学習することに配慮し，
簡単な語句や基本的な表現を用いながら，友達との関わりを大切にした体
験的な言語活動を行うこと。
この配慮事項は，中学年において，英語を初めて学習することに配慮し，児
童が身近で簡単な語句や基本的な表現を使いながら，英語に慣れ親しむ活動や
児童の日常生活や学校生活に関わる活動を中心に，友達との関わりを大切にし
43","['考え方', 'ある', '教科', '特質', '応ずる', '物事', '捉える', '視点', '考え方', 'ある', '見る', '方', '考え方', '習得', '活用', '探究', 'いう', '学び', '過程', '中', '働く', 'こと', '通', '質', '学び', 'つなげる', 'こと', 'ある', '次', '際', '以下', 'おく', '指導', '計画', '作成', '当たる', '高学年', '外', '国語科', '高等学校', 'おく', '指導', '接続', 'できる', '語彙', '表現', '練習', '活動', '題材', '場面', '設定', '配列', '工夫', 'する', '系統的', '指導', '行える', '指導', '方法', '学習', '環境', '配慮', 'する', 'する', '児童', '発達', '段階', '学校', '地域', '実態', '応ずる', '作成', 'する', 'いく', '必要性', '述べる', 'いる', '具体的', '課', '題', '設定', 'する', '主体的', '対話', '学び', '実現', '向ける', '授業', '改善', '行', 'ため', '教師', '単元', '終末', '段階', '児童', '望む', '具体的', '姿', 'イメージ', 'もつ', '実態', '応ずる', '単元', '見通す', '課題', '設定', 'する', 'こと', '示す', 'もの', 'ある', '改訂', '前', '高学年', 'おく', '外国語', '活動', '指導', '外国語', '教育', 'おく', '2', '行う', 'くる', '学習', '活動', '質', '向上', 'する', 'こと', '主眼', 'する', 'もの', 'ある', '主体', '英', '語', '的', '対話', '学び', '実現', '向ける', '授業', '改善', '学習', '活動', '取る', '入れる', '趣旨', 'こと', '留意', 'する', 'なる', 'イ', '学年', '目標', '定める', '2', '年間', '通ずる', '外国語', '活動', '目標', '実', '現', '図る', 'する', 'こと', '配慮', '事項', '2', '年間', '通ずる', '中学年', '外国語', '活動', '目標', '実現', '図る', 'ため', '学校', 'おく', '児童', '発達', '段階', '実情', '踏まえる', '学年', '目標', '適', '定める', 'こと', '必要性', '述べる', 'もの', 'ある', '改訂', '前', '高学年', 'おく', '外国語', '活動', '取組', '状況', '踏まえる', '児童', '実態', '地域', '実情', '応ずる', '学校', '主体的', '学年', '目標', '定める', '2', '年間', '通', '中学年', '外国語', '活動', '目標', '実現', '図れる', '配慮', 'する', 'いる', 'もの', 'ある', 'ウ', '実際', '英語', '用いる', '互い', '考え', '気持ち', '伝え合う', '言語', '活動', '行', '際', '2', '1', '示す', '事項', 'つく', '理解', 'する', '練習', 'する', 'する', 'ため', '指', '導', '必要', '応ずる', '行う', 'こと', '英語', '学習', 'する', 'こと', '配慮', 'する', '語句', '基本的', '表現', '用いる', '友達', '関わり', 'する', '体', '験', '言語', '活動', '行う', 'こと', '配慮', '事項', '中学年', 'おく', '英語', '学習', 'する', 'こと', '配慮', 'する', '児', '童', '語句', '基本的', '表現', '使う', '英語', '慣れ親しむ', '活動', '児童', '日常生活', '学校', '生活', '関わる', '活動', '中心', '友達', '関わり', 'する', '43']"
2017,activity,3-4,2017_activity,43,pedagogical,"た体験的なコミュニケーションを行うことが重要であることを述べたものであ
る。
中学年では，友達や家族，地域，社会とのつながりに焦点を当てた活動を行
う。単元の終末には，実際に友達などと言語活動を行うが，その活動を楽しむ
ためには，単元の中で日本と外国の言語や文化について理解したり，練習のた
めの指導を行ったりすることが必要となる。例えば，チャンツや歌を通して，
英語のリズムに慣れ親しませたり，資料や実物，ネイティブ・スピーカーなど
の自国の紹介などから日本と外国との生活習慣や行事等の違いを知り多様な考
え方があることを理解させたりするなどの指導を実施する。また，例えば，絵
本を題材に学習を展開する場合には，ストーリーを予想しながら聞いたり，聞
こえた語句を言ったりすることで，楽しみながら主体的に聞かせる活動をする
第２章 こともできる。
外国語活動の
中学年の外国語活動の年間計画においては，「挨拶」，「自己紹介」，「買物」，
目標及び内容
「学校生活」，「遊び」，「日常生活」，「食事」など自分や身近な話題に関しての
やり取りを通して，友達との関わりを深めていくことをねらっている。普段，
友達に対してあまり問わないような内容でも，外国語活動においては，友達と
やり取りをすることを通して，友達や自分のよさを再認識することで，他者理
解や自尊感情などを高めていくことにつながる。このような友達や身近な人と
の体験的なコミュニケ―ションを通して，児童はコミュニケーションを図る楽
しさを体験するとともに，高学年の外国語科に向けてのコミュニケーションを
図る素地を養うことが可能になる。その際，英語に初めて触れることに配慮し
つつ，児童にとって過度の負担にならないように指導していく必要があるが，
中学年という発達の段階を考慮しながら，活動が単調にならないように注意す
る必要がある。
高学年の外国語科では，中学年での経験をもとに，友達との関わりを大切に
しながら，より一層世界へのつながりや広がりに関する活動へ発展させていく
ことをねらいとしている。「行ってみたい国や地域」，「世界の子供たちの生活」
などを扱うことで，児童の視野を世界へ広げるとともに，「日本の伝統文化」，
「世界で活躍する日本人」，「オリンピック・パラリンピック」などを扱うことで，
日本の文化，日本語，自分自身にも興味をもたせることにつながる。国際理解
にも資するこうした内容について，英語を用いた交流活動などの体験的なコ
ミュニケーションを通して深めていくことで，外国人とのコミュニケーション
を図る楽しさを体験することができるとともに，中学校の外国語科に向けての
コミュニケーションを図る基礎となる資質・能力を養うことが可能になる。
44","['体験', 'コミュニケーション', '行う', 'こと', 'ある', 'こと', '述べる', 'もの', '中学', '年', '友達', '家族', '地域', '社会', 'つながり', '焦点', '当てる', '活動', '行', '単元', '終末', '実際', '友達', '言語', '活動', '行う', '活動', '楽しむ', 'ため', '単元', '中', '日本', '外国', '言語', '文化', 'つく', '理解', 'する', '練習', 'め', '指導', '行う', 'する', 'こと', '必要', 'なる', 'チャンツ', '歌', '通す', '英語', 'リズム', '慣れ親しむ', '資料', '実物', 'ネイティブ', 'スピーカー', '自国', '紹介', '日本', '外国', '生活習慣', '行事', '違い', '知る', '考', '方', 'ある', 'こと', '理解', 'する', 'する', '指導', '実施', 'する', '絵', '本', '題材', '学習', '展開', 'する', '場合', 'ストーリー', '予想', 'する', '聞く', '聞', 'こえる', '語句', '言う', 'する', 'こと', '楽しむ', '主体的', '聞く', '活動', 'する', '2', '章', 'こと', 'できる', '外国語', '活動', '中学', '年', '外国語', '活動', '年間', '計画', 'おく', '挨拶', '自己', '紹介', '買物', '目標', '内容', '学校', '生活', '遊び', '日常生活', '食事', '自分', '話題', '関する', 'やり取り', '通す', '友達', '関わり', '深める', 'いく', 'こと', 'ねらう', 'いる', '普段', '友達', '対する', '問う', '内容', '外国語', '活動', 'おく', '友達', 'やり取り', 'する', 'こと', '通す', '友達', '自分', '再認識', 'する', 'こと', '他者', '理', '解', '自尊', '感情', '高める', 'いく', 'こと', 'つながる', '友達', '人', '体験', 'コミュニケ', 'ション', '通す', '児童', 'コミュニケーション', '図る', '楽', 'する', '体験', 'する', 'とも', '高学年', '外国語', '向ける', 'コミュニケーション', '図る', '素地', '養う', 'こと', 'なる', '際', '英語', '触れる', 'こと', '配慮', 'する', '児童', 'とる', '負担', 'なる', '指導', 'する', 'いく', '必要', 'ある', '中学', '年', 'いう', '発達', '段階', '考慮', 'する', '活動', '単調', 'なる', '注意', 'す', '必要', 'ある', '高学年', '外国語', '中学年', '経験', 'もと', '友達', '関わり', 'する', '世界', 'つながり', '広がり', '関する', '活動', '発展', 'する', 'いく', 'こと', 'ねらい', 'する', 'いる', '行く', 'みる', '国', '地域', '世界', '子供たち', '生活', '扱う', 'こと', '児童', '視野', '世界', '広げる', 'とも', '日本', '伝統', '文化', '世界', '活躍', 'する', '日本人', 'オリンピック', 'パラリンピック', '扱う', 'こと', '日本', '文化', '日本語', '自分自身', '興味', 'もつ', 'こと', 'つながる', '国際', '理解', '資する', 'する', '内容', 'つく', '英語', '用いる', '交流', '活動', '体験', 'コ', 'ミュニケーション', '通す', '深める', 'いく', 'こと', '外国人', 'コミュニケーション', '図る', '体験', 'する', 'こと', 'できる', 'とも', '中学校', '外国語', '向ける', 'コミュニケーション', '図る', '基礎', 'なる', '資質', '能力', '養う', 'こと', 'なる', '44']"
2017,activity,3-4,2017_activity,44,pedagogical,"エ 言語活動で扱う題材は，児童の興味・関心に合ったものとし，国語科や
音楽科，図画工作科など，他教科等で児童が学習したことを活用したり，
学校行事で扱う内容と関連付けたりするなどの工夫をすること。
この配慮事項は，言語活動で扱う題材について，留意すべき点として，児童
が進んでコミュニケーションを図りたいと思うような，興味・関心のある題材
や活動を扱うことが大切であるということを述べている。
外国語活動の目標を実現するためには，児童にコミュニケーションを体験さ
せる必要がある。そこで，児童が興味・関心を示す題材を取り扱い，児童がやっ
てみたいと思うような活動を通して，積極的にコミュニケーションを図ろうと
する態度を養うことが大切である。
また，外国語活動の目標を踏まえると，広く言語教育として，国語科をはじ
２
めとした学校における全ての教育活動と積極的に結び付けることが大切である。 英 語
例えば，児童が国語科や音楽科，図画工作科などの他教科等で得た知識や体
験などを生かして活動を展開することで，児童の知的好奇心を更に刺激するこ
とにもなる。
国語科は，外国語活動と同様，言語を直接の学習対象としている。外国語活
動において，日本語とは異なる英語の音声や基本的な表現に慣れ親しむことは，
言葉の大切さや豊かさに気付いたり，言語に対する興味・関心を高めたり，こ
れを尊重する態度を身に付けたりすることにつながるものであることから，国
語科の学習にも相乗的に資するように教育内容を組み立てることが求められ
る。例えば，国語科において，易しい文語調の短歌や俳句を音読することと，
外国語活動においてチャンツ等を言うことの両方の学習を体験することを通し
て，そのリズムの違いに気付かせるなどの工夫が考えられる。
また，第３学年の国語科において日本語のローマ字表記を学習することと
なっているが，指導に当たっては，「ローマ字のつづり方」（昭和29年内閣告示）
を踏まえることとなっている。ここでは，「一般に国語を書き表す際には第１
表に掲げたつづり方によるものと」し，「従来の慣例をにわかに改めがたい事
情がある場合に限り，第２表に掲げたつづり方によっても差し支えない」こと
とされている。国語科においては，第１表（いわゆる訓令式）により，日本語
の音が子音と母音の組み合わせで成り立っていることを理解すること，第２表
（いわゆるヘボン式と日本式）により，例えばパスポートにおける氏名の記載
など，外国の人たちとコミュニケーションをとる際に用いられることが多い表
記の仕方を理解することが重視されている。このことを踏まえ，外国語活動に
おいては，例えば，ヘボン式ローマ字で地名が表記されている観光地の看板等
45","['エ', '言語', '活動', '扱う', '題材', '児童', '興味', '関心', '合う', 'もの', 'する', '国語科', '音楽科', '図画工作', '他', '教科', '児童', '学習', 'する', 'こと', '活用', 'する', '学校', '行事', '扱う', '内容', '関連', '付ける', 'する', '工夫', 'する', 'こと', '配慮', '事項', '言語', '活動', '扱う', '題材', 'つく', '留意', 'す', '点', 'する', '児童', '進む', 'コミュニケーション', '図る', '思う', '興味', '関心', 'ある', '題材', '活動', '扱う', 'こと', 'ある', 'いう', 'こと', '述べる', 'いる', '外国語', '活動', '目標', '実現', 'する', 'ため', '児童', 'コミュニケーション', '体験', '必要', 'ある', '児童', '興味', '関心', '示す', '題材', '取り扱う', '児童', 'やる', 'みる', '思う', '活動', '通す', '積極的', 'コミュニケーション', '図る', 'する', '態度', '養う', 'こと', 'ある', '外国語', '活動', '目標', '踏まえる', '言語', '教育', 'する', '国語科', 'はじ', '2', 'め', 'する', '学校', 'おく', '全て', '教育', '活動', '積極的', '結び付ける', 'こと', 'ある', '英', '語', '児童', '国語科', '音楽科', '図画工作', '他', '教科', '得る', '知識', '体', '験', '生かす', '活動', '展開', 'する', 'こと', '児童', '好奇心', '刺激', 'する', 'こ', 'なる', '国語科', '外国語', '活動', '言語', '直接', '学習', '対象', 'する', 'いる', '外国語', '活', '動', 'おく', '日本語', '異なる', '英語', '音声', '基本的', '表現', '慣れ親しむ', 'こと', '言葉', '気付く', '言語', '対する', '興味', '関心', '高める', 'こ', '尊重', 'する', '態度', '身', '付ける', 'する', 'こと', 'つながる', 'もの', 'ある', 'こと', '国', '語', '学習', '相乗', '資する', '教育', '内容', '組み立てる', 'こと', '求める', '国語科', 'おく', '文', '語調', '短歌', '俳句', '音読', 'する', 'こと', '外国語', '活動', 'おく', 'チャンツ', '言う', 'こと', '両方', '学習', '体験', 'する', 'こと', '通す', 'リズム', '違い', '気付く', '工夫', '考える', '3', '学年', '国語科', 'おく', '日本語', 'ローマ字', '表記', '学習', 'する', 'こと', 'なる', 'いる', '指導', '当たる', 'ローマ字', 'つづり方', '昭和', '29', '年', '内閣', '告示', '踏まえる', 'こと', 'なる', 'いる', '一般', '国語', '書き表す', '際', '1', '表', '掲げる', 'つづり方', 'よる', 'もの', 'する', '従来', '慣例', '改める', '事', '情', 'ある', '場合', '限る', '2', '表', '掲げる', 'つづり方', 'よる', '差し支える', 'こと', 'する', 'いる', '国語科', 'おく', '1', '表', '訓令', '式', 'よる', '日本語', '音', '子音', '母音', '組み合わせ', '成り立つ', 'いる', 'こと', '理解', 'する', 'こと', '2', '表', 'ヘボン', '式', '日本', '式', 'よる', 'パスポート', 'おく', '氏名', '記載', '外国', '人', 'コミュニケーション', 'とる', '際', '用いる', 'こと', '表', '記', '仕方', '理解', 'する', 'こと', '重視', 'する', 'いる', 'こと', '踏まえる', '外国語', '活動', 'おく', 'ヘボン', '式', 'ローマ字', '地名', '表記', 'する', 'いる', '観光地', '看板', '45']"
2017,activity,3-4,2017_activity,45,pedagogical,"を掲示するなど，地名などは，できるだけ日本語の原音に近い音を英語を使用
する人々に再現してもらうために，訓令式のsiやtiではなく，ヘボン式のshi
やchiが使われていることを知らせることが考えられる。
音楽科では，拍子やリズムの面白さを感じながら，歌ったり打楽器を演奏し
たりリズムをつくったりしている。例えば，こうした学習がチャンツや歌など
の英語の音声やリズムに慣れ親しむ活動の中で生かされることによって，一層
英語に慣れ親しむことができるようにするなどの工夫が考えられる。
また，図画工作科では，絵や立体，工作に表す活動を通して，感じたこと，
想像したこと，見たことから，表したいことを見つける学習をしている。そこ
で，こうした学習を通して児童が作成した作品を，ショー・アンド・テル（発
表活動）の中でほかの児童に紹介するなどして，児童の外国語学習への興味・
第２章 関心を一層高めることができると思われる。
外国語活動の
さらに，デジタル教材の中に収められている絵本や図書室にある絵本，国語
目標及び内容
科の教科書等で取り上げられている物語などを活用して，繰り返しの表現や簡
単な語句を使った英語劇を演じるなどの活動を行うことができる。そのような
表現活動を，学習発表会のような場で発表するなど学校行事との関連を図るこ
ともできると考えられる。
このように，他教科等の学習の成果を，外国語活動の学習の中で適切に生か
すためには，相互の関連について検討し，指導計画に位置付けることが必要で
ある。
オ 外国語活動を通して，外国語や外国の文化のみならず，国語や我が国の
文化についても併せて理解を深めるようにすること。言語活動で扱う題材
についても，我が国の文化や，英語の背景にある文化に対する関心を高め，
理解を深めようとする態度を養うのに役立つものとすること。
外国語活動を通して，様々な国の生活や文化と我が国の生活や文化との共通
点や相違点に気付くようにするとともに，言語や文化に関心をもち，尊重でき
る態度を育成することが大切である。特に，外国語や外国の文化を扱う際には，
様々な言語に触れたり，人々の日常生活に密着した生活文化や学校に関するも
のなど幅広い題材を取り扱ったりすることで，児童の興味・関心を踏まえ，特
定のものに偏らないように心がけることが重要である。同時に，国語や我が国
の文化について理解を深め，その特徴や良さについて発信することができるよ
うな指導を大切にしたい。例えば，様々な言語での挨拶，数え方，遊び，文字
などを扱うことで，日本のお辞儀の習慣やひらがな，カタカナ，漢字などの文
46","['掲示', 'する', '地名', '日本語', '原音', '音', '英語', '使用', 'する', '人々', '再現', 'する', 'もらう', 'ため', '訓令', '式', 'Si', 'Ti', 'ヘボン', '式', 'SHI', 'CHI', '使う', 'いる', 'こと', '知る', 'こと', '考える', '音楽科', '拍子', 'リズム', '感ずる', '歌う', '打楽器', '演奏', 'する', 'リズム', 'つくる', 'する', 'いる', 'する', '学習', 'チャンツ', '歌', '英語', '音声', 'リズム', '慣れ親しむ', '活動', '中', '生かす', 'こと', 'よる', '英語', '慣れ親しむ', 'こと', 'できる', 'する', '工夫', '考える', '図画工作', '絵', '立体', '工作', '表す', '活動', '通す', '感ずる', 'こと', '想像', 'する', 'こと', '見る', 'こと', '表す', 'こと', '見つける', '学習', 'する', 'いる', 'する', '学習', '通す', '児童', '作成', 'する', '作品', 'ショー', 'アンド', 'テル', '表', '活動', '中', 'ほか', '児童', '紹介', 'する', 'する', '児童', '外国語', '学習', '興味', '2', '章', '関心', '高める', 'こと', 'できる', '思う', '外国語', '活動', 'デジタル', '教材', '中', '収める', 'いる', '絵本', '図書室', 'ある', '絵本', '国語', '目標', '内容', '科', '教科書', '取り上げる', 'いる', '物語', '活用', 'する', '繰り返し', '表現', '簡', '単', '語句', '使う', '英語', '劇', '演じる', '活動', '行う', 'こと', 'できる', '表現', '活動', '学習', '発表会', '場', '発表', 'する', '学校', '行事', '関連', '図る', 'こ', 'とも', 'できる', '考える', '他', '教科', '学習', '成果', '外国語', '活動', '学習', '中', '生く', 'ため', '相互', '関連', 'つく', '検討', 'する', '指導', '計画', '位置', '付ける', 'こと', '必要', 'ある', '外国語', '活動', '通す', '外国語', '外国', '文化', '国語', '我が国', '文化', 'つく', '併せる', '理解', '深める', 'する', 'こと', '言語', '活動', '扱う', '題材', 'つく', '我が国', '文化', '英語', '背景', 'ある', '文化', '対する', '関心', '高める', '理解', '深める', 'する', '態度', '養う', '役立つ', 'もの', 'する', 'こと', '外国語', '活動', '通す', '国', '生活', '文化', '我が国', '生活', '文化', '共通', '点', '相違点', '気付く', 'する', 'とも', '言語', '文化', '関心', 'もつ', '尊重', 'できる', '態度', '育成', 'する', 'こと', 'ある', '外国語', '外国', '文化', '扱う', '際', '言語', '触れる', '人々', '日常生活', '密着', 'する', '生活', '文化', '学校', '関する', '題材', '取り扱う', 'する', 'こと', '児童', '興味', '関心', '踏まえる', '特', '定', 'もの', '偏る', '心がける', 'こと', 'ある', '同時', '国語', '我が国', '文化', 'つく', '理解', '深める', '特徴', 'つく', '発信', 'する', 'こと', 'できる', '指導', 'する', '言語', '挨拶', '数え方', '遊ぶ', '文字', '扱う', 'こと', '日本', 'お辞儀', '習慣', 'ひらがな', 'カタカナ', '漢字', '文', '46']"
2017,activity,3-4,2017_activity,46,pedagogical,"字，じゃんけんなど，共通点や相違点に気付かせ，それぞれの特徴や良さを発
表し合うような活動が考えられる。その際には，知識の伝達に偏らないように
注意する必要がある。
これらの活動を通して，児童が国語や我が国の文化に対する理解を深め，世
界の人々と相互の立場を尊重，協調しながら交流を行っていけるようにするこ
とをねらいとしている。
カ 障害のある児童などについては，学習活動を行う場合に生じる困難さに
応じた指導内容や指導方法の工夫を計画的，組織的に行うこと。
障害者の権利に関する条約に掲げられたインクルーシブ教育システムの構築
を目指し，児童の自立と社会参加を一層推進していくためには，通常の学級，
２
通級による指導，特別支援学級，特別支援学校において，児童の十分な学びを 英 語
確保し，一人一人の児童の障害の状態や発達の段階に応じた指導や支援を一層
充実させていく必要がある。
通常の学級においても，発達障害を含む障害のある児童が在籍している可能
性があることを前提に，全ての教科等において，一人一人の教育的ニーズに応
じたきめ細かな指導や支援ができるよう，障害種別の指導の工夫のみならず，
各教科等の学びの過程において考えられる困難さに対する指導の工夫の意図，
手立てを明確にすることが重要である。
これを踏まえ，今回の改訂では，障害のある児童などの指導に当たっては，
個々の児童によって，見えにくさ，聞こえにくさ，道具の操作の困難さ，移動
上の制約，健康面や安全面での制約，発音のしにくさ，心理的な不安定，人間
関係形成の困難さ，読み書きや計算等の困難さ，注意の集中を持続することが
苦手であることなど，学習活動を行う場合に生じる困難さが異なることに留意
し，個々の児童の困難さに応じた指導内容や指導方法を工夫することを，各教
科等において示している。
その際，外国語活動の目標や内容の趣旨，学習活動のねらいを踏まえ，学習
内容の変更や学習活動の代替を安易に行うことがないよう留意するとともに，
児童の学習負担や心理面にも配慮する必要がある。
例えば，外国語活動における配慮として，次のようなものが考えられる。
・音声を聞き取ることが難しい場合，外国語と日本語の音声やリズムの違い
に気付くことができるよう，リズムやイントネーションを，教員が手拍子
を打つ，音の強弱を手を上下に動かして表すなどの配慮をする。また，本
時の流れが分かるように，本時の活動の流れを黒板に記載しておくなどの
47","['字', 'じゃんけん', '共通点', '相違点', '気付く', 'それぞれ', '特徴', '表す', '合う', '活動', '考える', '際', '知識', '伝達', '偏る', '注意', 'する', '必要', 'ある', '活動', '通す', '児童', '国語', '我が国', '文化', '対する', '理解', '深める', '世', '界', '人々', '相互', '立場', '尊重', '協調', 'する', '交流', '行う', 'いける', 'する', 'こ', 'ねらい', 'する', 'いる', 'カ', '障害', 'ある', '児童', 'つく', '学習', '活動', '行う', '場合', '生じる', '困難', '応ずる', '指導', '内容', '指導', '方法', '工夫', '計画的', '組織的', '行う', 'こと', '障害者', '権利', '関する', '条約', '掲げる', 'インクルーシブ', '教育', 'システム', '構築', '目指す', '児童', '自立', '社会', '参加', '推進', 'する', 'いく', 'ため', '通常', '学級', '2', '通級', 'よる', '指導', '特別支援学級', '特別支援学校', 'おく', '児童', '学び', '英', '語', '確保', 'する', '一人一人', '児童', '障害', '状態', '発達', '段階', '応ずる', '指導', '支援', '充実', 'する', 'いく', '必要', 'ある', '通常', '学級', 'おく', '発達障害', '含む', '障害', 'ある', '児童', '在籍', 'する', 'いる', '性', 'ある', 'こと', '前提', '全て', '教科', 'おく', '一人一人', '教育', 'ニーズ', '応', '指導', '支援', 'できる', '障害', '種別', '指導', '工夫', '教科', '学び', '過程', 'おく', '考える', '困難', '対する', '指導', '工夫', '意図', '手立て', 'する', 'こと', 'ある', '踏まえる', '今回', '改訂', '障害', 'ある', '児童', '指導', '当たる', '個々', '児童', 'よる', '見える', '聞こえる', '道具', '操作', '困難', '移動', '上', '制約', '健康', '面', '安全', '面', '制約', '発音', 'する', '心理的', '不安定', '人間', '関係', '形成', '困難', '読み書き', '計算', '困難', '注意', '集中', '持続', 'する', 'こと', '苦手', 'ある', 'こと', '学習', '活動', '行う', '場合', '生じる', '困難', '異なる', 'こと', '留意', 'する', '個々', '児童', '困難', '応ずる', '指導', '内容', '指導', '方法', '工夫', 'する', 'こと', '教', '科', 'おく', '示す', 'いる', '際', '外国語', '活動', '目標', '内容', '趣旨', '学習', '活動', 'ねらい', '踏まえる', '学習', '内容', '変更', '学習', '活動', '代替', '行う', 'こと', '留意', 'する', 'とも', '児童', '学習', '負担', '心理', '面', '配慮', 'する', '必要', 'ある', '外国語', '活動', 'おく', '配慮', 'する', '次', 'もの', '考える', '音声', '聞き取る', 'こと', '場合', '外国語', '日本語', '音声', 'リズム', '違い', '気付く', 'こと', 'できる', 'リズム', 'イントネーション', '教員', '手拍子', '打つ', '音', '強弱', '手', '上下', '動かす', '表す', '配慮', 'する', '本', '時', '流れ', '分かる', '本時', '活動', '流れ', '黒板', '記載', 'する', 'おく', '47']"
2017,activity,3-4,2017_activity,47,pedagogical,"配慮をする。
なお，学校においては，こうした点を踏まえ，個別の指導計画を作成し，必
要な配慮を記載し，翌年度の担任等に引き継ぐことなどが必要である。
キ 学級担任の教師又は外国語活動を担当する教師が指導計画を作成し，授
業を実施するに当たっては，ネイティブ・スピーカーや英語が堪能な地域
人材などの協力を得る等，指導体制の充実を図るとともに，指導方法の工
夫を行うこと。
この配慮事項は，英語に初めて出会う中学年の児童が，積極的に英語を聞い
たり，話したりするための動機付けには，指導体制や指導方法の工夫が大切で
第２章 あることを述べている。
外国語活動の
エでは，外国語活動の目標に照らし，児童が進んでコミュニケーションを図
目標及び内容
りたいと思うような，興味・関心のある題材や活動を扱うことが大切であると
いうことを述べた。このような題材や活動を設定するためには，児童のことを
よく理解していることが前提となる。また，児童が初めて出会う英語への不安
を取り除き，新しいものへ挑戦する気持ちや失敗を恐れない雰囲気を作り出す
ためには，豊かな児童理解と高まり合う学習集団づくりとが指導者に求められ
る。このようなことから，外国語活動においても学級担任の教師の存在は欠か
せない。また，外国語活動を専門に行う教師が授業を行う場合にも，学級担任
の教師と同様に初等教育や児童を理解し，授業を実施することが大切である。
以上のことから，学級担任の教師又は外国語活動を担当する教師が指導計画
の作成や授業の実施を行うことが求められるのである。
しかしながら，外国語活動を実施する際に，児童に活発なコミュニケーショ
ンの場を与えたり，様々な国や地域の文化を理解させるなど国際理解教育の推
進を図ったりするためには，指導者に，ある程度，英語をはじめとする外国語
を聞いたり話したりするスキルや，様々な国や地域の文化についての知識や理
解が求められる側面もあることから，ネイティブ・スピーカーや，外国生活の
経験者，海外事情に詳しい人々，外国語が堪能な人々の協力を得ることも必要
と考えられる。外国語活動の目標の実現のためには，児童に外国語を使ってコ
ミュニケーションの体験をさせることが必要であり，その体験を通して，児童
に自分の思いが相手に通じた，あるいは，相手の思いが分かったという，言語
によるコミュニケーションの楽しさを味わわせることが求められる。
前述のような観点から，特に指導計画の作成や授業の全体的なマネジメント
については，学級担任の教師や外国語活動を担当する教師が中心となって外国
48","['配慮', 'する', '学校', 'おく', 'する', '点', '踏まえる', '個別', '指導', '計画', '作成', 'する', '要', '配慮', '記載', 'する', '翌年度', '担任', '引き継ぐ', 'こと', '必要', 'ある', 'キ', '学級', '担任', '教師', '外国語', '活動', '担当', 'する', '教師', '指導', '計画', '作成', 'する', '授', '業', '実施', 'する', '当たる', 'ネイティブ', 'スピーカー', '英語', '地域', '人材', '協力', '得る', '指導', '体制', '充実', '図る', 'とも', '指導', '方法', '工', '夫', '行う', 'こと', '配慮', '事項', '英語', '出会う', '中学年', '児童', '積極的', '英語', '聞く', '話す', 'する', 'ため', '動機付け', '指導', '体制', '指導', '方法', '工夫', '2', '章', 'こと', '述べる', 'いる', '外国語', '活動', 'エ', '外国語', '活動', '目標', '照らす', '児童', '進む', 'コミュニケーション', '図', '目標', '内容', '思う', '興味', '関心', 'ある', '題材', '活動', '扱う', 'こと', 'ある', 'いう', 'こと', '述べる', '題材', '活動', '設定', 'する', 'ため', '児童', 'こと', '理解', 'する', 'いる', 'こと', '前提', 'なる', '児童', '出会う', '英語', '不安', '取り除く', 'もの', '挑戦', 'する', '気持ち', '失敗', '恐れる', '雰囲気', '作り出す', 'ため', '児童', '理解', '高まる', '合う', '学習', '集団', 'づくり', '指導者', '求める', 'こと', '外国語', '活動', 'おく', '学級', '担任', '教師', '存在', '欠', '外国語', '活動', '専門', '行う', '教師', '授業', '行う', '場合', '学級', '担任', '教師', '初等', '教育', '児童', '理解', 'する', '授業', '実施', 'する', 'こと', 'ある', '以上', 'こと', '学級', '担任', '教師', '外国語', '活動', '担当', 'する', '教師', '指導', '計画', '作成', '授業', '実施', '行う', 'こと', '求める', 'ある', '外国語', '活動', '実施', 'する', '際', '児童', 'コミュニケーショ', '場', '与える', '国', '地域', '文化', '理解', 'する', '国際', '理解', '教育', '推', '進', '図る', 'する', 'ため', '指導者', '程度', '英語', 'はじめ', 'する', '外国語', '聞く', '話す', 'する', 'スキル', '国', '地域', '文化', 'つく', '知識', '理', '解', '求める', '側面', 'ある', 'こと', 'ネイティブ', 'スピーカー', '外国', '生活', '経験者', '海外', '事情', '人々', '外国語', '人々', '協力', '得る', 'こと', '必要', '考える', '外国語', '活動', '目標', '実現', 'ため', '児童', '外国語', '使う', 'コ', 'ミュニケーション', '体験', 'する', 'こと', '必要', 'ある', '体験', '通す', '児童', '自分', '思い', '相手', '通ずる', '相手', '思い', '分かる', 'いう', '言語', 'よる', 'コミュニケーション', '味わう', 'こと', '求める', '前述', '観点', '指導', '計画', '作成', '授業', '全体的', 'マネジメント', 'つく', '学級', '担任', '教師', '外国語', '活動', '担当', 'する', '教師', '中心', 'なる', '外国', '48']"
2017,activity,3-4,2017_activity,48,pedagogical,"語活動を進めることが大切である。また，授業における英語を用いた具体的な
活動の場面では，児童が生きた英語に触れる機会を充実させるため，ネイティ
ブ・スピーカーや英語が堪能な人々とのコミュニケーションを取り入れ，学級
担任の教師又は外国語活動を担当する教師とティーム・ティーチングを行いな
がら指導することで，児童の英語を使ってコミュニケーションを図ろうとする
意欲を一層高めることにもなると考える。
また，「社会に開かれた教育課程」の理念の下，児童の学習の質の向上を図
るためには，学校，家庭，地域社会が連携し，それぞれが本来もつ教育機能を
発揮することにより，三者が連携・協働して児童を育んでいくことが必要であ
る。
そのためには，各学校において，今後一層，家庭や地域の人々と教育活動の
方向性を共有化し，具体的な役割や責任を明確にしていくことが大切となる。
２
また，教育委員会においては，校区を越えて地域人材を確保し，各学校におい 英 語
て効果的に活用が図れるよう体制整備を進めるなど，学校を支援するシステム
構築に努めることが求められる。
（2）内容の取扱い
（2）２の内容の取扱いについては，次の事項に配慮するものとする。
ア 英語でのコミュニケーションを体験させる際は，児童の発達の段階を
考慮した表現を用い，児童にとって身近なコミュニケーションの場面を
設定すること。
この配慮事項は，英語でのコミュニケーションを体験させる際には，児童の
発達の段階を考慮して表現を選定するとともに，児童にとって身近なコミュニ
ケーションの場面を設定し，児童が積極的にコミュニケーションを図ることが
できるように指導することの必要性を述べている。
英語に初めて触れる段階であることを踏まえると，外来語など児童が聞いた
ことのある表現や身近な内容を活用し，中学年の児童の発達の段階や興味・関
心に合った身近なコミュニケーションの場面で，英語でのコミュニケーション
を体験させることが大切である。
その際には，児童の発達の段階を考慮せず，過度に複雑なコミュニケーショ
ンを目指そうとするあまり，児童に対して過度の負担を強いることのないよう
に配慮したい。
また，例えば，自分が気に入っている校内の場所を紹介する活動を取り扱っ
49","['語', '活動', '進める', 'こと', 'ある', '授業', 'おく', '英語', '用いる', '具体的', '活動', '場面', '児童', '生きる', '英語', '触れる', '機会', '充実', 'する', 'ため', 'ネイティ', 'スピーカー', '英語', '人々', 'コミュニケーション', '取り入れる', '学級', '担任', '教師', '外国語', '活動', '担当', 'する', '教師', 'ティーム', 'ティーチング', '行う', 'がら', '指導', 'する', 'こと', '児童', '英語', '使う', 'コミュニケーション', '図る', 'する', '意欲', '高める', 'こと', 'なる', '考える', '社会', '開く', '教育課程', '理念', '下', '児童', '学習', '質', '向上', '図', 'ため', '学校', '家庭', '地域社会', '連携', 'する', 'それぞれ', '本来', 'もつ', '教育', '機能', '発揮', 'する', 'こと', 'よる', '三', '連携', '協働', 'する', '児童', '育む', 'いく', 'こと', '必要', 'ため', '学校', 'おく', '今後', '家庭', '地域', '人々', '教育', '活動', '方向性', '共有', 'する', '具体的', '役割', '責任', 'する', 'いく', 'こと', 'なる', '2', '教育委員会', 'おく', '校区', '越える', '地域', '人材', '確保', 'する', '学校', '英', '語', '効果的', '活用', '図れる', '体制', '整備', '進める', '学校', '支援', 'する', 'システム', '構築', '努める', 'こと', '求める', '2', '内容', '取扱い', '2', '2', '内容', '取扱い', 'つく', '次', '事項', '配慮', 'する', 'もの', 'する', 'ア', '英語', 'コミュニケーション', '体験', 'する', '際', '児童', '発達', '段階', '考慮', 'する', '表現', '用いる', '児童', 'とる', 'コミュニケーション', '場面', '設定', 'する', 'こと', '配慮', '事項', '英語', 'コミュニケーション', '体験', 'する', '際', '児童', '発達', '段階', '考慮', 'する', '表現', '選定', 'する', 'とも', '児童', 'とる', 'コミュニ', 'ケーション', '場面', '設定', 'する', '児童', '積極的', 'コミュニケーション', '図る', 'こと', 'できる', '指導', 'する', 'こと', '必要性', '述べる', 'いる', '英語', '触れる', '段階', 'ある', 'こと', '踏まえる', '外来語', '児童', '聞く', 'こと', 'ある', '表現', '内容', '活用', 'する', '中学年', '児童', '発達', '段階', '興味', '関', '心', '合う', 'コミュニケーション', '場面', '英語', 'コミュニケーション', '体験', 'する', 'こと', 'ある', '際', '児童', '発達', '段階', '考慮', 'する', '複雑', 'コミュニケーショ', '目指す', 'する', 'あまり', '児童', '対する', '負担', '強いる', 'こと', '配慮', 'する', '自分', '気', '入る', 'いる', '校内', '場所', '紹介', 'する', '活動', '取り扱う', '49']"
2017,activity,3-4,2017_activity,49,pedagogical,"た場合に，指導前に児童は校内のどのような場所を好んでいるのかを調べるな
ど，児童の主体的な自己表現を促すよう配慮する必要がある。
イ 文字については，児童の学習負担に配慮しつつ，音声によるコミュニケー
ションを補助するものとして取り扱うこと。
この配慮事項は，外国語活動の指導においては，音声によるコミュニケーショ
ンを重視し，「聞くこと」，「話すこと［やり取り］」，「話すこと［発表］」を中
心とする豊かなコミュニケーションを体験させることが大切であるということ
を示している。
音声面の指導については，様々な工夫をしながら聞くことの時間を確保し，
第２章 日本語とは違った英語の音声やリズムなどに十分慣れさせるとともに，自分の
外国語活動の
ことや身の回りの物について，実物を見せるなどしながら，簡単な語句や基本
目標及び内容
的な表現を用いて話すなど，児童にとって過度の負担にならないように指導す
ることが大切である。また，コミュニケーションを図ることの楽しさや大切さ
を知るためにも，単に繰り返し活動を行うのではなく，コミュニケーションの
目的や場面，状況等を意識した活動を通して，児童に気付かせたり考えさせた
りする必要がある。
文字の指導については，文字の名称の読み方が発音されるのを聞いて，活字
体で書かれた大文字・小文字と結び付けるなどの活動を通して，児童が文字に
対して興味・関心を高めるように，まず，身の回りに英語の文字がたくさんあ
ることに気付かせたりするなど，楽しみながら文字に慣れ親しんでいくように，
文字を扱うことが重要である。中学年の外国語活動では，文字の名称の読み方
を扱い，文字に慣れ親しませ，高学年の外国語科における文字の指導と連携さ
せるとともに，文字の名称レベルに指導を留めることに留意する必要がある。
ただし，中学年の外国語活動で活字体の大文字・小文字に出会い，文字を使っ
てコミュニケーションを図った経験が，高学年の外国語科における「読むこと」，
「書くこと」に円滑につながるようにする必要がある。そのためには，児童が
文字を題材にコミュニケーションを図る活動を通して，文字への興味・関心を
高めることが大切である。例えば，カードの下にその単語の綴りを添えたり，
既出の“How many ～?”などの表現と結び付け，単語の文字数を尋ねたりする
活動を設定するなどが考えられる。なお，その際，児童の発達の段階を踏まえ
ると，英語の発音と綴りの法則を教え込むような指導は，児童に対して過度の
負担を強いることになると考えられるため，不適切である。さらに，児童が文
字を読んだり書いたりできない段階であることを踏まえ，英文だけを板書して
50","['場合', '指導', '前', '児童', '校内', '場所', '好む', 'いる', '調べる', '児童', '主体的', '自己', '表現', '促す', '配慮', 'する', '必要', 'ある', 'イ', '文字', 'つく', '児童', '学習', '負担', '配慮', 'する', '音声', 'よる', 'コミュニケー', 'ション', '補助', 'する', 'もの', 'する', '取り扱う', 'こと', '配慮', '事項', '外国語', '活動', '指導', 'おく', '音声', 'よる', 'コミュニケーショ', '重視', 'する', '聞く', 'こと', '話す', 'こと', 'やり取り', '話す', 'こと', '発表', '中', '心', 'する', 'コミュニケーション', '体験', 'する', 'こと', 'ある', 'いう', 'こと', '示す', 'いる', '音声', '面', '指導', 'つく', '工夫', 'する', '聞く', 'こと', '時間', '確保', 'する', '2', '章', '日本語', '違う', '英語', '音声', 'リズム', '慣れる', 'とも', '自分', '外国語', '活動', 'こと', '身の回り', '物', 'つく', '実物', '見せる', 'する', '語句', '基本', '目標', '内容', '表現', '用いる', '話す', '児童', 'とる', '負担', 'なる', '指導', 'す', 'こと', 'ある', 'コミュニケーション', '図る', 'こと', '知る', 'ため', '繰り返す', '活動', '行う', 'コミュニケーション', '目的', '場面', '状況', '意識', 'する', '活動', '通す', '児童', '気付く', '考える', 'りする', '必要', 'ある', '文字', '指導', 'つく', '文字', '名称', '読み方', '発音', 'する', '聞く', '活字', '体', '書く', '大文字', '小文字', '結び付ける', '活動', '通す', '児童', '文字', '対する', '興味', '関心', '高める', '身の回り', '英語', '文字', 'こと', '気付く', 'する', '楽しむ', '文字', '慣れ親しむ', 'いく', '文字', '扱う', 'こと', 'ある', '中学年', '外国語', '活動', '文字', '名称', '読み方', '扱う', '文字', '慣れ親しむ', '高学年', '外国語', 'おく', '文字', '指導', '連携', 'とも', '文字', '名称', 'レベル', '指導', '留める', 'こと', '留意', 'する', '必要', 'ある', '中学年', '外国語', '活動', '活字体', '大文字', '小文字', '出会う', '文字', '使う', 'コミュニケーション', '図る', '経験', '高学年', '外国語', 'おく', '読む', 'こと', '書く', 'こと', 'つながる', 'する', '必要', 'ある', 'ため', '児童', '文字', '題材', 'コミュニケーション', '図る', '活動', '通す', '文字', '興味', '関心', '高める', 'こと', 'ある', 'カード', '下', '単語', '綴り', '添える', '既出', 'how', 'many', '表現', '結び付ける', '単語', '文字数', '尋ねる', 'する', '活動', '設定', 'する', '考える', '際', '児童', '発達', '段階', '踏まえる', '英語', '発音', '綴り', '法則', '教え込む', '指導', '児童', '対する', '負担', '強いる', 'こと', 'なる', '考える', 'ため', '不適切', 'ある', '児童', '文', '字', '読む', '書く', 'できる', '段階', 'ある', 'こと', '踏まえる', '英文', '板書', 'する', '50']"
2017,activity,3-4,2017_activity,50,pedagogical,"指示するような，文字を使って行う指導とならないよう注意する必要がある。
ウ 言葉によらないコミュニケーションの手段もコミュニケーションを支え
るものであることを踏まえ，ジェスチャーなどを取り上げ，その役割を理
解させるようにすること。
この配慮事項は，英語でのコミュニケーションを体験させる際に，音声によ
るコミュニケーションだけでなく，ジェスチャーや表情などを手掛かりとする
ことで，相手の意図をより正確に理解したり，ジェスチャーや表情などを加え
て話したり，自分の思いをより正確に伝え合ったりすることができることなど，
言葉によらないコミュニケ―ションの役割を理解するように指導することの必
要性を述べている。
２
特に，英語に初めて触れる段階における指導においては，児童が自ら理解し 英 語
たり運用したりできる表現が限られているため，ジェスチャーなどを活用して
表現させるなど，コミュニケーションを図る楽しさを体験させるようにする。
例えば，気分を尋ねたり，答えたりする単元においては，fine，happy，sadな
どの感情や状態を表す語や表現を発話するだけでなく，表情やジェスチャーを
付けたり，感情や状態を表すイラストや実物，写真などを見せたりして，自分
の気持ちが相手に伝わるように工夫しながらコミュニケーションを図らせるよ
うに配慮する必要がある。
また，ジェスチャーには，同じ意味を表すものでも，その方法が地域によっ
て違うものがあったり，逆に表情については，地域が違っていてもよく似た意
味であったりするなど，ジェスチャーや表情を比較する中で，日本と外国との
違いを知り，多様な考え方があることに気付かせるように配慮する必要がある。
エ 身近で簡単な事柄について，友達に質問をしたり質問に答えたりする力
を育成するため，ペア・ワーク，グループ・ワークなどの学習形態につい
て適宜工夫すること。その際，相手とコミュニケーションを行うことに課
題がある児童については，個々の児童の特性に応じて指導内容や指導方法
を工夫すること。
指導に当たり，言語活動を行う際は，単に繰り返し活動を行うのではなく，
児童が言語活動の目的や，使用場面を意識して行うことができるよう，具体的
な課題等を設定し，その目的を達成するために，必要な語句や文などを取捨選
択して活用できるようにすることが必要である。
51","['指示', 'する', '文字', '使う', '行う', '指導', 'なる', '注意', 'する', '必要', 'ある', 'ウ', '言葉', 'よる', 'コミュニケーション', '手段', 'コミュニケーション', '支える', 'もの', 'ある', 'こと', '踏まえる', 'ジェスチャー', '取り上げる', '役割', '理', '解す', 'する', 'こと', '配慮', '事項', '英語', 'コミュニケーション', '体験', 'する', '際', '音声', 'コミュニケーション', 'ジェスチャー', '表情', '手掛かり', 'する', 'こと', '相手', '意図', '正確', '理解', 'する', 'ジェスチャー', '表情', '加える', '話す', '自分', '思い', '正確', '伝え合う', 'する', 'こと', 'できる', 'こと', '言葉', 'よる', 'コミュニケ', 'ション', '役割', '理解', 'する', '指導', 'する', 'こと', '要', '述べる', 'いる', '2', '英語', '触れる', '段階', 'おく', '指導', 'おく', '児童', '自ら', '理解', 'する', '英', '語', '運用', 'する', 'できる', '表現', '限る', 'いる', 'ため', 'ジェスチャー', '活用', 'する', '表現', 'する', 'コミュニケーション', '図る', '体験', 'する', 'する', '気分', '尋ねる', '答える', 'する', '単元', 'おく', 'FINE', 'sad', '感情', '状態', '表す', '語', '表現', '発話', 'する', '表情', 'ジェスチャー', '付ける', '感情', '状態', '表す', 'イラスト', '実物', '写真', '見せる', 'する', '自分', '気持ち', '相手', '伝わる', '工夫', 'する', 'コミュニケーション', '図る', 'うに', '配慮', 'する', '必要', 'ある', 'ジェスチャー', '意味', '表す', 'もの', '方法', '地域', 'よる', '違う', 'もの', 'ある', '逆', '表情', 'つく', '地域', '違う', 'いる', '似る', '意', '味', 'ある', 'する', 'ジェスチャー', '表情', '比較', 'する', '中', '日本', '外国', '違い', '知る', '考え方', 'ある', 'こと', '気付く', '配慮', 'する', '必要', 'ある', 'エ', '事柄', 'つく', '友達', '質問', 'する', '質問', '答える', 'する', '力', '育成', 'する', 'ため', 'ペア', 'ワーク', 'グループ', 'ワーク', '学習', '形態', 'つく', '工夫', 'する', 'こと', '際', '相手', 'コミュニケーション', '行う', 'こと', '課', '題', 'ある', '児童', 'つく', '個々', '児童', '特性', '応ずる', '指導', '内容', '指導', '方法', '工夫', 'する', 'こと', '指導', '当たる', '言語', '活動', '行う', '際', '繰り返す', '活動', '行う', '児童', '言語', '活動', '目的', '使用', '場面', '意識', 'する', '行う', 'こと', 'できる', '具体的', '課題', '設定', 'する', '目的', '達成', 'する', 'ため', '必要', '語句', '文', '取捨', 'する', '活用', 'できる', 'する', 'こと', '必要', 'ある', '51']"
2017,activity,3-4,2017_activity,51,pedagogical,"特に英語に初めて触れる段階である中学年においては，外国語を用いてコ
ミュニケーションを図る楽しさを体験させることが大切である。そのためには，
例えば自分の好きな物を友達と伝え合ったり，身の回りの物に関する簡単なク
イズを出し合ったりするなど，やり取りを楽しむことができるような内容や活
動を設定する必要がある。言語活動は相手意識と中身のある活動が基本であり，
そのためには，ペア・ワークやグループ・ワークなどの学習形態を工夫し，児
童が本当に伝えたい内容を話したり，友達の話す内容を聞いたりすることがで
きる場面を設定することが大切である。
その際，相手とのコミュニケーションを行うことに課題がある児童について
は，その児童が日頃から関わることのできる児童をペアの相手やグループのメ
ンバーに意図的に配置したり，教師やＡＬＴ等とペアを組んだりするなど，個々
第２章 の児童の特性に応じて指導方法を工夫する必要がある。
外国語活動の
目標及び内容
オ 児童が身に付けるべき資質・能力や児童の実態，教材の内容などに応じ
て，視聴覚教材やコンピュータ，情報通信ネットワーク，教育機器などを
有効活用し，児童の興味・関心をより高め，指導の効率化や言語活動の更
なる充実を図るようにすること。
指導に当たり，児童の関心を高め，主体的・対話的で深い学びの実現に向け
た授業改善につながるよう，活動に応じたデジタル教材等の活用が考えられる。
例えば，児童がコミュニケーションの目的や場面，状況等を意識した活動を行
うことが重要であるが，その際，視聴覚教材などを用いて，実際にコミュニケー
ションが行われている様子を示すことは，活動を行う際の生きたモデルとなる
ことに加え，コミュニケーションの働きも意識できるため，児童の興味・関心
を高める上でも極めて有効である。また，音声中心である外国語活動において，
ネイティブ・スピーカーや英語が堪能な人の協力が得にくい学校や地域もあり
うることや，ジェスチャーや表情などの非言語的視覚情報もコミュニケーショ
ンを図る際には大切な要素となってくることを踏まえると，ＣＤやＤＶＤなど
の視聴覚教材の積極的な活用も有効である。その際，様々な機器や教材が手に
入ることを考えると，それらを使う目的を明確にし，児童や学校及び地域の実
態に応じたものを選択することが大切である。例えば，外国語の背景にある文
化に対する理解を深めるためには，様々な国や地域の行事等を紹介した教材を
活用することも考えられる。また，学校間で集合学習や交流学習を行う際には，
情報通信ネットワークを用いることで，実際の学習はもとより，事前に打合せ
や顔合わせをしておくことも可能である。さらに，英語の文字に慣れ親しむ際
52","['英語', '触れる', '段階', 'ある', '中学年', 'おく', '外国語', '用いる', 'コ', 'ミュニケーション', '図る', '体験', 'する', 'こと', 'ある', 'ため', '自分', '物', '友達', '伝え合う', '身の回り', '物', '関する', 'ク', 'イズ', '出し合う', 'する', 'やり取り', '楽しむ', 'こと', 'できる', '内容', '動', '設定', 'する', '必要', 'ある', '言語', '活動', '相手', '意識', '中身', 'ある', '活動', '基本', 'ある', 'ため', 'ペア', 'ワーク', 'グループ', 'ワーク', '学習', '形態', '工夫', 'する', '児', '童', '本当', '伝える', '内容', '話す', '友達', '話す', '内容', '聞く', 'する', 'こと', 'きる', '場面', '設定', 'する', 'こと', 'ある', '際', '相手', 'コミュニケーション', '行う', 'こと', '課題', 'ある', '児童', 'つく', '児童', '日頃', '関わる', 'こと', 'できる', '児童', 'ペア', '相手', 'グループ', 'メ', 'ンバー', '意図的', '配置', 'する', '教師', 'Alt', 'ペア', '組む', 'する', '個々', '2', '章', '児童', '特性', '応ずる', '指導', '方法', '工夫', 'する', '必要', 'ある', '外国語', '活動', '目標', '内容', '児童', '身', '付ける', '資質', '能力', '児童', '実態', '教材', '内容', '応ずる', '視聴覚', '教材', 'コンピュータ', '情報', '通信', 'ネットワーク', '教育', '機器', '活用', 'する', '児童', '興味', '関心', 'よる', '高める', '指導', '効率化', '言語', '活動', '充実', '図る', 'する', 'こと', '指導', '当たる', '児童', '関心', '高める', '主体的', '対話', '学び', '実現', '向ける', '授業', '改善', 'つながる', '活動', '応ずる', 'デジタル', '教材', '活用', '考える', '児童', 'コミュニケーション', '目的', '場面', '状況', '意識', 'する', '活動', '行', 'こと', 'ある', '際', '視聴覚', '教材', '用いる', '実際', 'コミュニケー', 'ション', '行う', 'いる', '様子', '示す', 'こと', '活動', '行う', '際', '生きる', 'モデル', 'なる', 'こと', '加える', 'コミュニケーション', '働き', '意識', 'できる', 'ため', '児童', '興味', '関心', '高める', '上', 'ある', '音声', '中心', 'ある', '外国語', '活動', 'おく', 'ネイティブ', 'スピーカー', '英語', '人', '協力', '得る', '学校', '地域', 'ある', 'うる', 'こと', 'ジェスチャー', '表情', '言語的', '視覚', '情報', 'コミュニケーショ', '図る', '際', '要素', 'なる', 'くる', 'こと', '踏まえる', 'CD', 'DVD', '視聴覚', '教材', '積極的', '活用', 'ある', '際', '機器', '教材', '手', '入る', 'こと', '考える', '使う', '目的', 'する', '児童', '学校', '地域', '実', '態', '応ずる', 'もの', '選択', 'する', 'こと', 'ある', '外国語', '背景', 'ある', '文', '対する', '理解', '深める', 'ため', '国', '地域', '行事', '紹介', 'する', '教材', '活用', 'する', 'こと', '考える', '学校', '集合', '学習', '交流', '学習', '行う', '際', '情報', '通信', 'ネットワーク', '用いる', 'こと', '実際', '学習', '事前', '打合せ', '顔合わせ', 'する', 'おく', 'こと', 'ある', '英語', '文字', '慣れ親しむ', '際', '52']"
2017,activity,3-4,2017_activity,52,pedagogical,"にも，活字体で書かれた文字とその読み方を結び付ける活動を，教室用デジタ
ル教材などを活用して行うことも考えられる。
カ 各単元や各時間の指導に当たっては，コミュニケーションを行う目的，
場面，状況などを明確に設定し，言語活動を通して育成すべき資質・能力
を明確に示すことにより，児童が学習の見通しを立てたり，振り返ったり
することができるようにすること。
この配慮事項は，外国語教育における学習過程としては，①児童が設定され
たコミュニケーションの目的や場面，状況等を理解する，②目的に応じて情報
や意見などを発信するまでの方向性を決定し，コミュニケーションの見通しを
立てる，③目的達成のため，具体的なコミュニケーションを行う，④言語面・
２
内容面で自ら学習のまとめと振り返りを行う，といった流れの中で，学んだこ 英 語
との意味付けを行ったり，既得の知識や経験と，新たに得られた知識を言語活
動で活用したりすることで，「思考力，判断力，表現力等」を高めていくこと
が大切であることを示している。
例えば，身の回りの物に関するクイズを出し合う単元では，①として，単元
の始めの時間に，教師やＡＬＴ等による単元終末のコミュニケーション活動を
デモンストレーションで提示することで，児童がそのやり取りの目的や場面，
状況等を理解し，「自分たちもやってみたい」という意欲をもたせるようにする。
次に②として，クイズを出し合うために必要と思われる簡単な語句や基本的な
表現を様々な活動を用いて学習し，尋ねたり答えたりすることができるように，
細かな段階を踏んで習得していくようにする。③については，単元の終末の活
動として，児童それぞれが，ペアやグループなどで，身の回りのものを当てる
クイズを出し合う活動を行う。この時，児童一人一人がクイズにして当てても
らいたい身の回りの物を決定し，活動できるように配慮することで，相手意識
と中身のある活動が実現し，児童がコミュニケーションを図ることを十分に楽
しむことができる。④については，単元最後の自己評価による振り返りを行い，
英語と日本語の言い方の相違点や類似点に気付いたり，友達とのやり取りを通
して自分や友達のクイズの面白さや工夫などについて感じたりしたことを記録
したり，発表し合ったりしていく。その過程において，自ら学習のまとめを行っ
たり，振り返りを行ったりすることで，身に付いた「思考力，判断力，表現力
等」を次の学習へ生かすことができる。
53","['活字体', '書く', '文字', '読み方', '結び付ける', '活動', '教室', 'デジタ', 'ル', '教材', '活用', 'する', '行う', 'こと', '考える', 'カ', '単元', '時間', '指導', '当たる', 'コミュニケーション', '行う', '目的', '場面', '状況', '設定', 'する', '言語', '活動', '通す', '育成', 'す', '資質', '能力', '示す', 'こと', 'よる', '児童', '学習', '見通し', '立てる', '振り返る', 'する', 'こと', 'できる', 'する', 'こと', '配慮', '事項', '外国語', '教育', 'おく', '学習', '過程', 'する', '1', '児童', '設定', 'する', 'コミュニケーション', '目的', '場面', '状況', '理解', 'する', '2', '目的', '応ずる', '情報', '意見', '発信', 'する', '方向性', '決定', 'する', 'コミュニケーション', '見通し', '立てる', '3', '目的', '達成', 'ため', '具体的', 'コミュニケーション', '行う', '4', '言語', '面', '2', '内容', '面', '自ら', '学習', 'まとめ', '振り返り', '行う', 'いう', '流れ', '中', '学ぶ', 'だこ', '英', '語', '意味', '付け', '行う', '既得', '知識', '経験', '得る', '知識', '言語', '活', '動', '活用', 'する', 'する', 'こと', '思考力', '判断力', '表現力', '高める', 'いく', 'こと', 'ある', 'こと', '示す', 'いる', '身の回り', '物', '関する', 'クイズ', '出し合う', '単元', '1', 'する', '単元', '始め', '時間', '教師', 'Alt', 'よる', '単元', '終末', 'コミュニケーション', '活動', 'デモンストレーション', '提示', 'する', 'こと', '児童', 'やり取り', '目的', '場面', '状況', '理解', 'する', '自分', 'やる', 'みる', 'いう', '意欲', 'もつ', 'する', '次', '2', 'する', 'クイズ', '出し合う', 'ため', '必要', '思う', '語句', '基本的', '表現', '活動', '用いる', '学習', 'する', '尋ねる', '答える', 'する', 'こと', 'できる', '段階', '踏む', '習得', 'する', 'いく', 'する', '3', 'つく', '単元', '終末', '動', 'する', '児童', 'それぞれ', 'ペア', 'グループ', '身の回り', 'もの', '当てる', 'クイズ', '出し合う', '活動', '行う', '時', '児童', '一人一人', 'クイズ', 'する', '当てる', '身の回り', '物', '決定', 'する', '活動', 'できる', '配慮', 'する', 'こと', '相手', '意識', '中身', 'ある', '活動', '実現', 'する', '児童', 'コミュニケーション', '図る', 'こと', '楽', 'こと', 'できる', '4', 'つく', '単元', '最後', '自己評価', 'よる', '振り返り', '行う', '英語', '日本語', '言い方', '相違点', '類似', '点', '気付く', '友達', 'やり取り', '通', 'する', '自分', '友達', 'クイズ', '工夫', 'つく', '感ずる', 'する', 'こと', '記録', 'する', '発表', 'する', '合う', 'する', 'いく', '過程', 'おく', '自ら', '学習', 'まとめ', '行う', '振り返り', '行う', 'する', 'こと', '身', '付く', '思考力', '判断力', '表現力', '次', '学習', '生かす', 'こと', 'できる', '53']"
2017,activity,3-4,2017_activity,53,pedagogical,"第 3 章 指導計画の作成と内容の取扱い
１ 外国語活動においては，言語やその背景にある文化に対する理解が深ま
るよう指導するとともに，外国語による聞くこと，話すことの言語活動を
行う際は，英語を取り扱うことを原則とすること。
外国語活動では，英語が世界で広くコミュニケーションの手段として用いら
れている実態や，改訂前の高学年における外国語活動においても英語を取り
扱ってきたこと，中学校の外国語科は英語を履修することが原則とされている
ことなどを踏まえ，英語を取り扱うことを原則とすることを示したものである。
「原則とする」とは，学校の創設の趣旨や地域の実情，児童の実態などによっ
て，英語以外の外国語を取り扱うこともできるということである。
２ 第１章総則の第１の２の（2）に示す道徳教育の目標に基づき，道徳科な
どとの関連を考慮しながら，第３章特別の教科道徳の第２に示す内容につ
第３章 いて，外国語活動の特質に応じて適切な指導をすること。
指導計画の作成
と内容の取扱い
外国語活動の指導においては，その特質に応じて，道徳について適切に指導
する必要があることを示すものである。
第１章総則の第１の２（2）においては，「学校における道徳教育は，特別の教
科である道徳（以下「道徳科」という。）を要として学校の教育活動全体を通
じて行うものであり，道徳の時間はもとより，各教科，外国語活動，総合的な
学習の時間及び特別活動のそれぞれの特質に応じて，児童の発達の段階を考慮
して，適切な指導を行わなければならない」と規定されている。
外国語活動における道徳教育の指導においては，学習活動や学習態度への配
慮，教師の態度や行動による感化とともに，以下に示すような外国語活動と道
徳教育との関連を明確に意識しながら，適切な指導を行う必要がある。
外国語活動においては，第１の目標（3）として「外国語を通して，言語やそ
の背景にある文化に対する理解を深め，相手に配慮しながら，主体的に外国語
を用いてコミュニケーションを図ろうとする態度を養う」と示している。「外
国語を通して，言語やその背景にある文化に対する理解を深める」ことは，世
界の中の日本人としての自覚をもち，国際的視野に立って，世界の平和と人類
の幸福に貢献することにつながるものである。また，「相手に配慮する」ことは，
外国語の学習を通して，相手に配慮し受け入れる寛容の精神や平和・国際貢献
などの精神を獲得し，多面的思考ができるような人材を育てることにつながる。
54","['3', '章', '指導', '計画', '作成', '内容', '取扱い', '1', '外国語', '活動', 'おく', '言語', '背景', 'ある', '文化', '対する', '理解', '指導', 'する', 'とも', '外国語', 'よる', '聞く', 'こと', '話す', 'こと', '言語', '活動', '行う', '際', '英語', '取り扱う', 'こと', '原則', 'する', 'こと', '外国語', '活動', '英語', '世界', 'コミュニケーション', '手段', 'する', '用いる', 'いる', '実態', '改訂', '前', '高学年', 'おく', '外国語', '活動', 'おく', '英語', '取る', '扱う', 'くる', 'こと', '中学校', '外国語', '英語', '履修', 'する', 'こと', '原則', 'する', 'いる', 'こと', '踏まえる', '英語', '取り扱う', 'こと', '原則', 'する', 'こと', '示す', 'もの', 'ある', '原則', 'する', '学校', '創設', '趣旨', '地域', '実情', '児童', '実態', 'よる', '英語', '以外', '外国語', '取り扱う', 'こと', 'できる', 'いう', 'こと', 'ある', '2', '1', '章', '総則', '1', '2', '2', '示す', '道徳', '教育', '目標', '基づく', '道徳', '関連', '考慮', 'する', '3', '章', '教科', '道徳', '2', '示す', '内容', '3', '章', 'いる', '外国語', '活動', '特質', '応ずる', '指導', 'する', 'こと', '指導', '計画', '作成', '内容', '取扱い', '外国語', '活動', '指導', 'おく', '特質', '応ずる', '道徳', 'つく', '指導', 'する', '必要', 'ある', 'こと', '示す', 'もの', 'ある', '1', '章', '総則', '1', '2', '2', 'おく', '学校', 'おく', '道徳', '教育', '教', '科', 'ある', '道徳', '以下', '道徳', 'いう', '要', 'する', '学校', '教育', '活動', '全体', '通', '行う', 'もの', 'ある', '道徳', '時間', '教科', '外国語', '活動', '総合的', '学習', '時間', '活動', 'それぞれ', '特質', '応ずる', '児童', '発達', '段階', '考慮', 'する', '指導', '行う', 'なる', '規定', 'する', 'いる', '外国語', '活動', 'おく', '道徳', '教育', '指導', 'おく', '学習', '活動', '学習', '態度', '配', '慮', '教師', '態度', '行動', 'よる', '感化', 'とも', '以下', '示す', '外国語', '活動', '道', '徳', '教育', '関連', '意識', 'する', '指導', '行う', '必要', 'ある', '外国語', '活動', 'おく', '1', '目標', '3', 'する', '外国語', '通す', '言語', '背景', 'ある', '文化', '対する', '理解', '深める', '相手', '配慮', 'する', '主体的', '外国語', '用いる', 'コミュニケーション', '図る', 'する', '態度', '養う', '示す', 'いる', '外', '国語', '通す', '言語', '背景', 'ある', '文化', '対する', '理解', '深める', 'こと', '世', '界', '中', '日本人', 'する', '自覚', 'もつ', '国際的', '視野', '立つ', '世界', '平和', '人類', '幸福', '貢献', 'する', 'こと', 'つながる', 'もの', 'ある', '相手', '配慮', 'する', 'こと', '外国語', '学習', '通す', '相手', '配慮', 'する', '受け入れる', '寛容', '精神', '平和', '国際', '貢献', '精神', '獲得', 'する', '多面的', '思考', 'できる', '人材', '育てる', 'こと', 'つながる', '54']"
2017,activity,3-4,2017_activity,54,pedagogical,"次に，道徳教育の要としての道徳科の指導との関連を考慮する必要がある。
外国語活動で扱った内容や教材の中で適切なものを，道徳科に活用することが
効果的な場合もある。また，道徳科で取り上げたことに関係のある内容や教材
を外国語活動で扱う場合には，道徳科における指導の成果を生かすように工夫
することも考えられる。そのためにも，外国語活動の年間指導計画の作成など
に際して，道徳教育の全体計画との関連，指導の内容及び時期等に配慮し，両
者が相互に効果を高め合うようにすることが大切である。
55","['次', '道徳', '教育', '要', 'する', '道徳', '指導', '関連', '考慮', 'する', '必要', 'ある', '外国語', '活動', '扱う', '内容', '教材', '中', 'もの', '道徳', '活用', 'する', 'こと', '効果的', '場合', 'ある', '道徳', '取り上げる', 'こと', '関係', 'ある', '内容', '教材', '外国語', '活動', '扱う', '場合', '道徳', 'おく', '指導', '成果', '生かす', '工夫', 'する', 'こと', '考える', 'ため', '外国語', '活動', '年間', '指導', '計画', '作成', '際する', '道徳', '教育', '全体', '計画', '関連', '指導', '内容', '時期', '配慮', 'する', '者', '相互', '効果', '高め合う', 'する', 'こと', 'ある', '55']"
2017,subject,5-6,2017_subject,1,sousetsu,"第 1 章 総 説
１ 改訂の経緯及び基本方針
（1）改訂の経緯
今の子供たちやこれから誕生する子供たちが，成人して社会で活躍する頃に
は，我が国は厳しい挑戦の時代を迎えていると予想される。生産年齢人口の減
少，グローバル化の進展や絶え間ない技術革新等により，社会構造や雇用環境
は大きく，また急速に変化しており，予測が困難な時代となっている。また，
急激な少子高齢化が進む中で成熟社会を迎えた我が国にあっては，一人一人が
持続可能な社会の担い手として，その多様性を原動力とし，質的な豊かさを伴っ
た個人と社会の成長につながる新たな価値を生み出していくことが期待される。
こうした変化の一つとして，人工知能（ＡＩ）の飛躍的な進化を挙げること
ができる。人工知能が自ら知識を概念的に理解し，思考し始めているとも言わ
れ，雇用の在り方や学校において獲得する知識の意味にも大きな変化をもたら
すのではないかとの予測も示されている。このことは同時に，人工知能がどれ
だけ進化し思考できるようになったとしても，その思考の目的を与えたり，目
的のよさ・正しさ・美しさを判断したりできるのは人間の最も大きな強みであ
るということの再認識につながっている。
このような時代にあって，学校教育には，子供たちが様々な変化に積極的に
第１章
向き合い，他者と協働して課題を解決していくことや，様々な情報を見極め知
総 説
識の概念的な理解を実現し情報を再構成するなどして新たな価値につなげてい
くこと，複雑な状況変化の中で目的を再構築することができるようにすること
が求められている。
このことは，本来，我が国の学校教育が大切にしてきたことであるものの，
教師の世代交代が進むと同時に，学校内における教師の世代間のバランスが変
化し，教育に関わる様々な経験や知見をどのように継承していくかが課題とな
り，また，子供たちを取り巻く環境の変化により学校が抱える課題も複雑化・
困難化する中で，これまでどおり学校の工夫だけにその実現を委ねることは困
難になってきている。
こうした状況を踏まえ，平成26年11月には，文部科学大臣から新しい時代
にふさわしい学習指導要領等の在り方について中央教育審議会に諮問を行っ
た。中央教育審議会においては，２年１か月にわたる審議の末，平成28年12
月21日に「幼稚園，小学校，中学校，高等学校及び特別支援学校の学習指導
要領等の改善及び必要な方策等について（答申）」（以下「中央教育審議会答申」
58","['1', '章', '説', '1', '改訂', '経緯', '基本方針', '1', '改訂', '経緯', '今', '子供たち', '誕生', 'する', '子供たち', '成人', 'する', '社会', '活躍', 'する', '頃', '我が国', '挑戦', '時代', '迎える', 'いる', '予想', 'する', '生産年齢人口', '減', 'グローバル化', '進展', '絶え間', '技術革新', 'よる', '社会', '構造', '雇用', '環境', '変化', 'する', 'おる', '予測', '困難', '時代', 'なる', 'いる', '少子高齢化', '進む', '中', '成熟', '社会', '迎える', '我が国', 'ある', '一人一人', '持続', '社会', '担い手', 'する', '多様性', '原動力', 'する', '伴う', '個人', '社会', '成長', 'つながる', '価値', '生み出す', 'いく', 'こと', '期待', 'する', 'する', '変化', '一', 'する', '人工知能', 'AI', '飛躍的', '進化', '挙げる', 'こと', 'できる', '人工知能', '自ら', '知識', '概念的', '理解', 'する', '思考', 'する', '始める', 'いる', '言う', '雇用', '在り方', '学校', 'おく', '獲得', 'する', '知識', '意味', '変化', 'たる', 'する', '予測', '示す', 'いる', 'こと', '同時', '人工知能', '進化', 'する', '思考', 'できる', 'なる', 'する', '思考', '目的', '与える', '目', '的', '判断', 'する', 'できる', '人間', '強み', 'いう', 'こと', '再認識', 'つながる', 'いる', '時代', 'ある', '学校教育', '子供たち', '変化', '積極的', '1', '章', '向き合う', '他者', '協働', 'する', '課題', '解決', 'する', 'いく', 'こと', '情報', '見極める', '知', '説', '識', '概念的', '理解', '実現', 'する', '情報', '再構成', 'する', 'する', '価値', 'つなげる', 'いる', 'くこ', '複雑', '状況', '変化', '中', '目的', '構築', 'する', 'こと', 'できる', 'する', 'こと', '求める', 'いる', 'こと', '本来', '我が国', '学校教育', 'する', 'くる', 'こと', 'ある', 'もの', '教師', '世代', '交代', '進む', '同時', '学校', 'おく', '教師', '世代', 'バランス', '変', 'する', '教育', '関わる', '経験', '知見', '継承', 'する', 'いく', '課題', '子供たち', '取り巻く', '環境', '変化', 'よる', '学校', '抱える', '課題', '複雑化', '困難', 'する', '中', 'どおり', '学校', '工夫', '実現', '委ねる', 'こと', '困', '難', 'なる', 'くる', 'いる', 'する', '状況', '踏まえる', '平成', '26', '年', '11', '月', '文部科学大臣', '時代', '学習指導', '要領', '在り方', 'つく', '中央教育審議会', '諮問', '行う', '中央教育審議会', 'おく', '2', '年', '1', 'か月', 'わたる', '審議', '末', '平成', '28', '年', '12', '月', '21', '日', '幼稚園', '小学校', '中学校', '高等学校', '特別支援学校', '学習指導', '要領', '改善', '必要', '方策', 'つく', '答申', '以下', '中央教育審議会', '答申', '58']"
2017,subject,5-6,2017_subject,2,sousetsu,"という。）を示した。
中央教育審議会答申においては，“よりよい学校教育を通じてよりよい社会
を創る”という目標を学校と社会が共有し，連携・協働しながら，新しい時代
に求められる資質・能力を子供たちに育む「社会に開かれた教育課程」の実現
を目指し，学習指導要領等が，学校，家庭，地域の関係者が幅広く共有し活用
できる「学びの地図」としての役割を果たすことができるよう，次の６点にわ
たってその枠組みを改善するとともに，各学校において教育課程を軸に学校教
育の改善・充実の好循環を生み出す「カリキュラム・マネジメント」の実現を
目指すことなどが求められた。
①「何ができるようになるか」（育成を目指す資質・能力）
②「何を学ぶか」（教科等を学ぶ意義と，教科等間・学校段階間のつながり
を踏まえた教育課程の編成）
③「どのように学ぶか」（各教科等の指導計画の作成と実施，学習・指導の
改善・充実）
④「子供一人一人の発達をどのように支援するか」（子供の発達を踏まえた
指導）
⑤「何が身に付いたか」（学習評価の充実）
⑥「実施するために何が必要か」（学習指導要領等の理念を実現するために
必要な方策）
これを踏まえ，平成29年３月31日に学校教育法施行規則を改正するととも
１
に，幼稚園教育要領，小学校学習指導要領及び中学校学習指導要領を公示した。 改訂の経緯及び
基本方針
小学校学習指導要領は，平成30年４月１日から第３学年及び第４学年におい
て外国語活動を実施する等の円滑に移行するための措置（移行措置）を実施し，
平成32年４月１日から全面実施することとしている。また，中学校学習指導
要領は，平成30年４月１日から移行措置を実施し，平成33年４月１日から全
面実施することとしている。
（2）改訂の基本方針
今回の改訂は中央教育審議会答申を踏まえ，次の基本方針に基づき行った。
①今回の改訂の基本的な考え方
ア 教育基本法，学校教育法などを踏まえ，これまでの我が国の学校教育の
ひら
実践や蓄積を生かし，子供たちが未来社会を切り拓くための資質・能力を
一層確実に育成することを目指す。その際，子供たちに求められる資質・
能力とは何かを社会と共有し，連携する「社会に開かれた教育課程」を重
59","['いう', '示す', '中央教育審議会', '答申', 'おく', '学校教育', '通ずる', '社会', '創る', 'いう', '目標', '学校', '社会', '共有', 'する', '連携', '協働', 'する', '時代', '求める', '資質', '能力', '子供たち', '育む', '社会', '開く', '教育課程', '実現', '目指す', '学習指導', '要領', '学校', '家庭', '地域', '関係者', '共有', 'する', '活用', 'できる', '学び', '地図', 'する', '役割', '果たす', 'こと', 'できる', '次', '6', '点', 'たつ', '枠組み', '改善', 'する', 'とも', '学校', 'おく', '教育課程', '軸', '学校', '改善', '充実', '好循環', '生み出す', 'カリキュラム', 'マネジメント', '実現', '目指す', 'こと', '求める', '1', 'できる', 'なる', '育成', '目指す', '資質', '能力', '2', '学ぶ', '教科', '学ぶ', '意義', '教科', '学校', '段階', 'つながり', '踏まえる', '教育課程', '編成', '3', '学ぶ', '教科', '指導', '計画', '作成', '実施', '学習', '指導', '改善', '充実', '4', '子供', '一人一人', '発達', '支援', 'する', '子供', '発達', '踏まえる', '指導', '5', '身', '付く', '学習', '評価', '充実', '6', '実施', 'する', 'ため', '必要', '学習指導', '要領', '理念', '実現', 'する', 'ため', '必要', '方策', '踏まえる', '平成', '29', '年', '3', '月', '31', '日', '学校教育法', '施行規則', '改正', 'する', 'とも', '1', '幼稚園', '教育', '要領', '小学校', '学習指導', '要領', '中学校', '学習指導', '要領', '公示', 'する', '改訂', '経緯', '基本方針', '小学校', '学習指導', '要領', '平成', '30', '年', '4', '月', '1日', '3', '学年', '4', '学年', '外国語', '活動', '実施', 'する', '移行', 'する', 'ため', '措置', '移行', '措置', '実施', 'する', '平成', '32', '年', '4', '月', '1日', '全面', '実施', 'する', 'こと', 'する', 'いる', '中学校', '学習指導', '要領', '平成', '30', '年', '4', '月', '1日', '移行', '措置', '実施', 'する', '平成', '33', '年', '4', '月', '1日', '面', '実施', 'する', 'こと', 'する', 'いる', '2', '改訂', '基本方針', '今回', '改訂', '中央教育審議会', '答申', '踏まえる', '次', '基本方針', '基づく', '行く', '1', '今回', '改訂', '基本的', '考え方', 'ア', '教育基本法', '学校教育法', '踏まえる', '我が国', '学校教育', '実践', '蓄積', '生かす', '子供たち', '未来', '社会', '切り拓く', 'ため', '資質', '能力', '育成', 'する', 'こと', '目指す', '際', '子供たち', '求める', '資質', '能力', '社会', '共有', 'する', '連携', 'する', '社会', '開く', '教育課程', '重', '59']"
2017,subject,5-6,2017_subject,3,sousetsu,"視すること。
イ 知識及び技能の習得と思考力，判断力，表現力等の育成のバランスを重
視する平成20年改訂の学習指導要領の枠組みや教育内容を維持した上で，
知識の理解の質を更に高め，確かな学力を育成すること。
ウ 先行する特別教科化など道徳教育の充実や体験活動の重視，体育・健康
に関する指導の充実により，豊かな心や健やかな体を育成すること。
②育成を目指す資質・能力の明確化
中央教育審議会答申においては，予測困難な社会の変化に主体的に関わり，
感性を豊かに働かせながら，どのような未来を創っていくのか，どのように
社会や人生をよりよいものにしていくのかという目的を自ら考え，自らの可
能性を発揮し，よりよい社会と幸福な人生の創り手となる力を身に付けられ
るようにすることが重要であること，こうした力は全く新しい力ということ
ではなく学校教育が長年その育成を目指してきた「生きる力」であることを
改めて捉え直し，学校教育がしっかりとその強みを発揮できるようにしてい
くことが必要とされた。また，汎用的な能力の育成を重視する世界的な潮流
を踏まえつつ，知識及び技能と思考力，判断力，表現力等をバランスよく育
成してきた我が国の学校教育の蓄積を生かしていくことが重要とされた。
このため「生きる力」をより具体化し，教育課程全体を通して育成を目指
す資質・能力を，ア「何を理解しているか，何ができるか（生きて働く「知
第１章
識・技能」の習得）」，イ「理解していること・できることをどう使うか（未
総 説
知の状況にも対応できる「思考力・判断力・表現力等」の育成）」，ウ「どの
ように社会・世界と関わり，よりよい人生を送るか（学びを人生や社会に生
かん
かそうとする「学びに向かう力・人間性等」の涵養）」の三つの柱に整理す
るとともに，各教科等の目標や内容についても，この三つの柱に基づく再整
理を図るよう提言がなされた。
今回の改訂では，知・徳・体にわたる「生きる力」を子供たちに育むため
に「何のために学ぶのか」という各教科等を学ぶ意義を共有しながら，授業
の創意工夫や教科書等の教材の改善を引き出していくことができるようにす
るため，全ての教科等の目標及び内容を「知識及び技能」，「思考力，判断力，
表現力等」，「学びに向かう力，人間性等」の三つの柱で再整理した。
③「主体的・対話的で深い学び」の実現に向けた授業改善の推進
子供たちが，学習内容を人生や社会の在り方と結び付けて深く理解し，こ
れからの時代に求められる資質・能力を身に付け，生涯にわたって能動的に
60","['する', 'こと', 'イ', '知識', '技能', '習得', '思考力', '判断力', '表現力', '育成', 'バランス', '重', 'する', '平成', '20', '年', '改訂', '学習指導', '要領', '枠組み', '教育', '内容', '維持', 'する', '上', '知識', '理解', '質', '高める', '学力', '育成', 'する', 'こと', 'ウ', '先行', 'する', '教科', '道徳', '教育', '充実', '体験', '活動', '重視', '体育', '健康', '関する', '指導', '充実', 'よる', '心', '体', '育成', 'する', 'こと', '2', '育成', '目指す', '資質', '能力', '明確化', '中央教育審議会', '答申', 'おく', '予測', '困難', '社会', '変化', '主体的', '関わる', '感性', '働く', '未来', '創る', 'いく', '社会', '人生', 'もの', 'する', 'いく', 'いう', '目的', '自ら', '考える', '自ら', '可', '能', '発揮', 'する', '社会', '幸福', '人生', '創り手', 'なる', '力', '身', '付ける', 'する', 'こと', 'ある', 'こと', 'する', '力', '力', 'いう', 'こと', '学校教育', '長年', '育成', '目指す', 'くる', '生きる', '力', 'ある', 'こと', '捉え直す', '学校教育', '強み', '発揮', 'できる', 'する', 'いる', 'くこ', '必要', 'する', '汎用的', '能力', '育成', '重視', 'する', '世界的', '潮流', '踏まえる', '知識', '技能', '思考力', '判断力', '表現力', 'バランス', '成す', 'くる', '我が国', '学校教育', '蓄積', '生かす', 'いく', 'こと', 'する', 'ため', '生きる', '力', '具体化', 'する', '教育課程', '全体', '通す', '育成', '目', '指', '資質', '能力', 'ア', '理解', 'する', 'いる', 'できる', '生きる', '働く', '知', '1', '章', '識', '技能', '習得', 'イ', '理解', 'する', 'いる', 'こと', 'できる', 'こと', '使う', '説', '知', '状況', '対応', 'できる', '思考力', '判断力', '表現力', '育成', 'ウ', '社会', '世界', '関わる', '人生', '送る', '学び', '人生', '社会', '生', 'する', '学び', '向かう', '力', '人間性', '涵養', '三', '柱', '整理', 'す', 'とも', '教科', '目標', '内容', 'つく', '三', '柱', '基づく', '整', '理', '図る', '提言', 'なす', '今回', '改訂', '知', '徳', '体', 'わたる', '生きる', '力', '子供たち', '育む', 'ため', 'ため', '学ぶ', 'いう', '教科', '学ぶ', '意義', '共有', 'する', '授業', '創意工夫', '教科書', '教材', '改善', '引き出す', 'いく', 'こと', 'できる', 'す', 'ため', '全て', '教科', '目標', '内容', '知識', '技能', '思考力', '判断力', '表現力', '学び', '向かう', '力', '人間性', '三', '柱', '整理', 'する', '3', '主体的', '対話', '学び', '実現', '向ける', '授業', '改善', '推進', '子供たち', '学習', '内容', '人生', '社会', '在り方', '結び付ける', '理解', 'する', 'こ', '時代', '求める', '資質', '能力', '身', '付ける', '生涯', 'わたる', '能動的', '60']"
2017,subject,5-6,2017_subject,4,sousetsu,"学び続けることができるようにするためには，これまでの学校教育の蓄積を
生かし，学習の質を一層高める授業改善の取組を活性化していくことが必要
であり，我が国の優れた教育実践に見られる普遍的な視点である「主体的・
対話的で深い学び」の実現に向けた授業改善（アクティブ・ラーニングの視
点に立った授業改善）を推進することが求められる。
今回の改訂では「主体的・対話的で深い学び」の実現に向けた授業改善を
進める際の指導上の配慮事項を総則に記載するとともに，各教科等の「第３
指導計画の作成と内容の取扱い」において，単元や題材など内容や時間の
まとまりを見通して，その中で育む資質・能力の育成に向けて，「主体的・
対話的で深い学び」の実現に向けた授業改善を進めることを示した。
その際，以下の６点に留意して取り組むことが重要である。
ア 児童生徒に求められる資質・能力を育成することを目指した授業改善
の取組は，既に小・中学校を中心に多くの実践が積み重ねられており，
特に義務教育段階はこれまで地道に取り組まれ蓄積されてきた実践を否
定し，全く異なる指導方法を導入しなければならないと捉える必要はな
いこと。
イ 授業の方法や技術の改善のみを意図するものではなく，児童生徒に目
指す資質・能力を育むために「主体的な学び」，「対話的な学び」，「深い
学び」の視点で，授業改善を進めるものであること。
ウ 各教科等において通常行われている学習活動（言語活動，観察・実験，
１
問題解決的な学習など）の質を向上させることを主眼とするものである 改訂の経緯及び
基本方針
こと。
エ １回１回の授業で全ての学びが実現されるものではなく，単元や題材
など内容や時間のまとまりの中で，学習を見通し振り返る場面をどこに
設定するか，グループなどで対話する場面をどこに設定するか，児童生
徒が考える場面と教師が教える場面をどのように組み立てるかを考え，
実現を図っていくものであること。
オ 深い学びの鍵として「見方・考え方」を働かせることが重要になるこ
と。各教科等の「見方・考え方」は，「どのような視点で物事を捉え，
どのような考え方で思考していくのか」というその教科等ならではの物
事を捉える視点や考え方である。各教科等を学ぶ本質的な意義の中核を
なすものであり，教科等の学習と社会をつなぐものであることから，児
童生徒が学習や人生において「見方・考え方」を自在に働かせることが
できるようにすることにこそ，教師の専門性が発揮されることが求めら
れること。
61","['学ぶ', '続ける', 'こと', 'できる', 'する', 'ため', '学校教育', '蓄積', '生かす', '学習', '質', '高める', '授業', '改善', '取組', '活性化', 'する', 'いく', 'こと', '必要', 'ある', '我が国', '優れる', '教育', '実践', '見る', '普遍的', '視点', 'ある', '主体的', '対話', '学び', '実現', '向ける', '授業', '改善', 'アクティブ・ラーニング', '点', '立つ', '授業', '改善', '推進', 'する', 'こと', '求める', '今回', '改訂', '主体的', '対話', '学び', '実現', '向ける', '授業', '改善', '進める', '際', '指導', '配慮', '事項', '総則', '記載', 'する', 'とも', '教科', '3', '指導', '計画', '作成', '内容', '取扱い', 'おく', '単元', '題材', '内容', '時間', 'まとまり', '見通す', '中', '育む', '資質', '能力', '育成', '向ける', '主体的', '対話', '学び', '実現', '向ける', '授業', '改善', '進める', 'こと', '示す', '際', '以下', '6', '点', '留意', 'する', '取り組む', 'こと', 'ある', 'ア', '児童', '生徒', '求める', '資質', '能力', '育成', 'する', 'こと', '目指す', '授業', '改善', '取組', '小・中学', '中心', '多く', '実践', '積み重ねる', 'おる', '義務教育', '段階', '取り組む', '蓄積', 'する', 'くる', '実践', '否', '定', 'する', '異なる', '指導', '方法', '導入', 'する', 'なる', '捉える', '必要', 'いく', 'イ', '授業', '方法', '技術', '改善', '意図', 'する', 'もの', '児童', '生徒', '目', '指す', '資質', '能力', '育む', 'ため', '主体的', '学び', '対話', '学び', '学び', '視点', '授業', '改善', '進める', 'もの', 'ある', 'こと', 'ウ', '教科', 'おく', '通常', '行う', 'いる', '学習', '活動', '言語', '活動', '観察', '実験', '1', '問題解決', '学習', '質', '向上', 'する', 'こと', '主眼', 'する', 'もの', 'ある', '改訂', '経緯', '基本方針', 'こと', 'エ', '1', '回', '1', '回', '授業', '全て', '学び', '実現', 'する', 'もの', '単元', '題材', '内容', '時間', 'まとまり', '中', '学習', '見通し', '振り返る', '場面', '設定', 'する', 'グループ', '対話', 'する', '場面', '設定', 'する', '児童', '徒', '考える', '場面', '教師', '教える', '場面', '組み立てる', '考える', '実現', '図る', 'いく', 'もの', 'ある', 'こと', '学び', '鍵', 'する', '見方', '考え方', '働く', 'こと', 'なるこ', '教科', '見方', '考え方', '視点', '物事', '捉える', '考え方', '思考', 'する', 'いく', 'いう', '教科', '物', '事', '捉える', '視点', '考え方', 'ある', '教科', '学ぶ', '本質的', '意義', '中核', 'なす', 'もの', 'ある', '教科', '学習', '社会', 'つなぐ', 'もの', 'ある', 'こと', '児', '童', '生徒', '学習', '人生', 'おく', '見方', '考え方', '働く', 'こと', 'できる', 'する', 'こと', '教師', '専門性', '発揮', 'する', 'こと', '求める', 'こと', '61']"
2017,subject,5-6,2017_subject,5,sousetsu,"カ 基礎的・基本的な知識及び技能の習得に課題がある場合には、その確
実な習得を図ることを重視すること。
④各学校におけるカリキュラム・マネジメントの推進
各学校においては，教科等の目標や内容を見通し，特に学習の基盤となる
資質・能力（言語能力，情報活用能力（情報モラルを含む。以下同じ。），問
題発見・解決能力等）や現代的な諸課題に対応して求められる資質・能力の
育成のためには，教科等横断的な学習を充実することや，「主体的・対話的
で深い学び」の実現に向けた授業改善を，単元や題材など内容や時間のまと
まりを見通して行うことが求められる。これらの取組の実現のためには，学
校全体として，児童生徒や学校，地域の実態を適切に把握し，教育内容や時
間の配分，必要な人的・物的体制の確保，教育課程の実施状況に基づく改善
などを通して，教育活動の質を向上させ，学習の効果の最大化を図るカリ
キュラム・マネジメントに努めることが求められる。
このため総則において，「児童や学校，地域の実態を適切に把握し，教育
の目的や目標の実現に必要な教育の内容等を教科等横断的な視点で組み立て
ていくこと，教育課程の実施状況を評価してその改善を図っていくこと，教
育課程の実施に必要な人的又は物的な体制を確保するとともにその改善を
図っていくことなどを通して，教育課程に基づき組織的かつ計画的に各学校
の教育活動の質の向上を図っていくこと（以下「カリキュラム・マネジメン
第１章
ト」という。）に努める」ことについて新たに示した。
総 説
⑤教育内容の主な改善事項
このほか，言語能力の確実な育成，理数教育の充実，伝統や文化に関する
教育の充実，体験活動の充実，外国語教育の充実などについて総則や各教科
等において，その特質に応じて内容やその取扱いの充実を図った。
２ 外国語科導入の趣旨と要点
（1）外国語科導入の趣旨
今回の高学年の外国語科の導入に当たっては，中央教育審議会答申を踏ま
え，次のような，これまでの成果と課題等を踏まえた改善を図った。
・グローバル化が急速に進展する中で，外国語によるコミュニケーション能
力は，これまでのように一部の業種や職種だけでなく，生涯にわたる様々
な場面で必要とされることが想定され，その能力の向上が課題となってい
62","['カ', '基礎的', '基本的', '知識', '技能', '習得', '課題', 'ある', '場合', '実', '習得', '図る', 'こと', '重視', 'する', 'こと', '4', '学校', 'おく', 'カリキュラム', 'マネジメント', '推進', '学校', 'おく', '教科', '目標', '内容', '見通す', '学習', '基盤', 'なる', '資質', '能力', '言語', '能力', '情報', '活用', '能力', '情報', 'モラル', '含む', '以下', '問', '題', '発見', '解決', '能力', '現代的', '課題', '対応', 'する', '求める', '資質', '能力', '育成', 'ため', '教科', '横断', '学習', '充実', 'する', 'こと', '主体的', '対話', '学び', '実現', '向ける', '授業', '改善', '単元', '題材', '内容', '時間', 'まと', 'まり', '見通す', '行う', 'こと', '求める', '取組', '実現', 'ため', '学', '全体', 'する', '児童', '生徒', '学校', '地域', '実態', '把握', 'する', '教育', '内容', '時', '間', '配分', '必要', '体制', '確保', '教育課程', '実施', '状況', '基づく', '改善', '通す', '教育', '活動', '質', '向上', 'する', '学習', '効果', '最大化', '図る', 'カリ', 'キュラム', 'マネジメント', '努める', 'こと', '求める', 'ため', '総則', 'おく', '児童', '学校', '地域', '実態', '把握', 'する', '教育', '目的', '目標', '実現', '必要', '教育', '内容', '教科', '横断', '視点', '組み立て', 'いく', 'こと', '教育課程', '実施', '状況', '評価', 'する', '改善', '図る', 'いく', 'こと', '教', '課程', '実施', '必要', '体制', '確保', 'する', 'とも', '改善', '図る', 'いく', 'こと', '通す', '教育課程', '基づく', '組織的', '計画的', '学校', '教育', '活動', '質', '向上', '図る', 'いく', 'こと', '以下', 'カリキュラム', 'マネジメン', '1', '章', 'いう', '努める', 'こと', 'つく', '示す', '説', '5', '教育', '内容', '改善', '事項', 'ほか', '言語', '能力', '育成', '理数', '教育', '充実', '伝統', '文化', '関する', '教育', '充実', '体験', '活動', '充実', '外国語', '教育', '充実', 'つく', '総則', '教科', 'おく', '特質', '応ずる', '内容', '取扱い', '充実', '図る', '2', '外国語', '導入', '趣旨', '要点', '1', '外国語', '導入', '趣旨', '今回', '高学年', '外国語', '導入', '当たる', '中央教育審議会', '答申', '踏む', '次', '成果', '課題', '踏まえる', '改善', '図る', 'グローバル化', '進展', 'する', '中', '外国語', 'よる', 'コミュニケーション', '能', '力', '一部', '業種', '職種', '生涯', 'わたる', '場面', '必要', 'する', 'こと', '想定', 'する', '能力', '向上', '課題', 'なる', 'いる', '62']"
2017,subject,5-6,2017_subject,6,sousetsu,"る。
・平成20年改訂の学習指導要領は，小・中・高等学校で一貫した外国語教
育を実施することにより，外国語を通じて，言語や文化に対する理解を深
め，積極的に外国語を用いてコミュニケーションを図ろうとする態度や，
情報や考えなどを的確に理解したり適切に伝えたりする力を身に付けさせ
ることを目標として掲げ，「聞くこと」，「話すこと」，「読むこと」，「書く
こと」などを総合的に育成することをねらいとして改訂され，様々な取組
を通じて指導の充実が図られてきた。
・小学校では，平成23年度から高学年において外国語活動が導入され，そ
の充実により，児童の高い学習意欲，中学生の外国語教育に対する積極性
の向上といった成果が認められている。一方で，①音声中心で学んだこと
が，中学校の段階で音声から文字への学習に円滑に接続されていない，②
日本語と英語の音声の違いや英語の発音と綴りの関係，文構造の学習にお
いて課題がある，③高学年は，児童の抽象的な思考力が高まる段階であり，
より体系的な学習が求められることなどが課題として指摘されている。
・また，小学校から各学校段階における指導改善による成果が認められるも
のの，学年が上がるにつれて児童生徒の学習意欲に課題が生じるといった
状況や，学校種間の接続が十分とは言えず，進級や進学をした後に，それ
までの学習内容や指導方法等を発展的に生かすことができないといった状
況も見られている。
２
・こうした成果と課題を踏まえて，今回の改訂では，小学校中学年から外国 外国語科導入
の趣旨と要点
語活動を導入し，「聞くこと」，「話すこと」を中心とした活動を通じて外
国語に慣れ親しみ外国語学習への動機付けを高めた上で，高学年から発達
の段階に応じて段階的に文字を「読むこと」，「書くこと」を加えて総合的・
系統的に扱う教科学習を行うとともに，中学校への接続を図ることを重視
することとしている。
（2）改訂の要点
中央教育審議会答申を踏まえ，高学年の外国語科の目標及び内容等に関し
て，次のように設定した。
①目標
高学年の外国語科の目標は，前述のような課題を踏まえ，「知識及び技能」，
「思考力，判断力，表現力等」，「学びに向かう力，人間性等」の三つの資質・
能力を明確にした上で，①各学校段階の学びを接続させるとともに，②「外
63","['平成', '20', '年', '改訂', '学習指導', '要領', '高等学校', '一貫', 'する', '外国語', '実施', 'する', 'こと', 'よる', '外国語', '通ずる', '言語', '文化', '対する', '理解', 'め', '積極的', '外国語', '用いる', 'コミュニケーション', '図る', 'する', '態度', '情報', '考え', '理解', 'する', '伝える', 'する', '力', '身', '付ける', 'こと', '目標', 'する', '掲げる', '聞く', 'こと', '話す', 'こと', '読む', 'こと', '書く', 'こと', '総合的', '育成', 'する', 'こと', 'ねらい', 'する', '改訂', 'する', '取組', '通ずる', '指導', '充実', '図る', 'くる', '小学校', '平成', '23', '年度', '高学年', 'おく', '外国語', '活動', '導入', 'する', '充実', 'よる', '児童', '学習', '意欲', '中学生', '外国語', '教育', '対する', '積極性', '向上', 'いう', '成果', '認める', 'いる', '一方', '1', '音声', '中心', '学ぶ', 'こと', '中学校', '段階', '音声', '文字', '学習', '接続', 'する', 'いる', '2', '日本語', '英語', '音声', '違い', '英語', '発音', '綴り', '関係', '文', '構造', '学習', 'いる', '課題', 'ある', '3', '学年', '児童', '抽象的', '思考力', '高まる', '段階', 'ある', '体系的', '学習', '求める', 'こと', '課題', 'する', '指摘', 'する', 'いる', '小学校', '学校', '段階', 'おく', '指導', '改善', 'よる', '成果', '認める', 'のの', '学年', '上がる', 'つれる', '児童', '生徒', '学習', '意欲', '課題', '生じる', 'いう', '状況', '学校', '種間', '接続', '言える', '進級', '進学', 'する', '後', '学習', '内容', '指導', '方法', '発展', '生かす', 'こと', 'できる', 'いう', '況', '見る', 'いる', '2', 'する', '成果', '課題', '踏まえる', '今回', '改訂', '小学校', '中学', '年', '外国', '外国語', '導入', '趣旨', '要点', '語', '活動', '導入', 'する', '聞く', 'こと', '話す', 'こと', '中心', 'する', '活動', '通ずる', '外', '国語', '慣れ親しむ', '外国語', '学習', '動機付け', '高める', '上', '高学年', '発達', '段階', '応ずる', '段階的', '文字', '読む', 'こと', '書く', 'こと', '加える', '総合的', '系統的', '扱う', '教科', '学習', '行う', 'とも', '中学校', '接続', '図る', 'こと', '重視', 'する', 'こと', 'する', 'いる', '2', '改訂', '要点', '中央教育審議会', '答申', '踏まえる', '高学年', '外国語', '目標', '内容', '関する', '次', '設定', 'する', '1', '目標', '高学年', '外国語', '目標', '前述', '課題', '踏まえる', '知識', '技能', '思考力', '判断力', '表現力', '学び', '向かう', '力', '人間性', '三', '資質', '能力', 'する', '上', '1', '学校', '段階', '学び', '接続', 'する', 'とも', '2', '外', '63']"
2017,subject,5-6,2017_subject,7,sousetsu,"国語を使って何ができるようになるか」を明確にするという観点から改善・
充実を図っている。
外国語学習においては，語彙や文法等の個別の知識がどれだけ身に付いた
かに主眼が置かれるのではなく，児童生徒の学びの過程全体を通じて，知識・
技能が，実際のコミュニケーションにおいて活用され，思考・判断・表現す
ることを繰り返すことを通じて獲得され，学習内容の理解が深まるなど，資
質・能力が相互に関係し合いながら育成されることが必要である。
このため，それらの育成を目指す力について，前述のような課題を踏まえ
つつ，外国語学習の特性を踏まえて「知識及び技能」と「思考力，判断力，
表現力等」を一体的に育成するとともに，その過程を通して，「学びに向か
う力，人間性等」に示す資質・能力を育成し，小・中・高等学校で一貫した
目標を実現するため，そこに至る段階を示すものとして国際的な基準などを
参考に，「聞くこと」，「読むこと」，「話すこと［やり取り］」，「話すこと［発
表］」，「書くこと」の五つの領域で英語の目標を設定している。
今回の改訂では，小学校中学年に新たに外国語活動を導入し，三つの資質・
能力の下で，英語の目標として「聞くこと」，「話すこと［やり取り］」，「話
すこと［発表］」の三つの領域を設定し，音声面を中心とした外国語を用い
たコミュニケーションを図る素地となる資質・能力を育成した上で，高学年
において「読むこと」，「書くこと」を加えた教科として外国語科を導入し，
五つの領域の言語活動を通して，コミュニケーションを図る基礎となる資
第１章
質・能力を育成することとしている。
総 説
また，高学年の外国語科の目標については，学年ごとに示すのではなく，
より弾力的な指導ができるよう，２学年間を通した目標とした。
②内容構成
外国語教育において育成を目指す三つの資質・能力を確実に身に付けられ
るように，小・中・高等学校を通じた領域別の目標の下で，内容等について
以下のとおり体系的に構成を整理した。
前述の高学年の外国語科の目標及び英語の目標を実現するため，
（ⅰ）「知識及び技能」として「英語の特徴やきまりに関する事項」（第２の２
（1））
（ⅱ）「思考力，判断力，表現力等」として「情報を整理しながら考えなどを
形成し，英語で表現したり，伝え合ったりすることに関する事項」（第２
の２（2））
を整理した上で，
64","['国語', '使う', 'できる', 'なる', 'する', 'いう', '観点', '改善', '充実', '図る', 'いる', '外国語', '学習', 'おく', '語彙', '文法', '個別', '知識', '身', '付く', 'かに', '主眼', '置く', '児童', '生徒', '学び', '過程', '全体', '通ずる', '知識', '技能', '実際', 'コミュニケーション', 'おく', '活用', 'する', '思考', '判断', '表現', 'す', 'こと', '繰り返す', 'こと', '通ずる', '獲得', 'する', '学習', '内容', '理解', '深まる', '資', '質', '能力', '相互', '関係', 'する', '合う', '育成', 'する', 'こと', '必要', 'ある', 'ため', '育成', '目指す', '力', 'つく', '前述', '課題', '踏まえる', '外国語', '学習', '特性', '踏まえる', '知識', '技能', '思考力', '判断力', '表現力', '一体的', '育成', 'する', 'とも', '過程', '通す', '学び', '向く', '力', '人間性', '示す', '資質', '能力', '育成', 'する', '高等学校', '一貫', 'する', '目標', '実現', 'する', 'ため', '至る', '段階', '示す', 'もの', 'する', '国際的', '基準', '参考', '聞く', 'こと', '読む', 'こと', '話す', 'こと', 'やり取り', '話す', 'こと', '表', '書く', 'こと', '五', '領域', '英語', '目標', '設定', 'する', 'いる', '今回', '改訂', '小学校', '中学', '年', '外国語', '活動', '導入', 'する', '三', '資質', '能力', '下', '英語', '目標', 'する', '聞く', 'こと', '話す', 'こと', 'やり取り', '話', 'こと', '発表', '三', '領域', '設定', 'する', '音声', '面', '中心', 'する', '外国語', '用いる', 'コミュニケーション', '図る', '素地', 'なる', '資質', '能力', '育成', 'する', '上', '高学年', 'おく', '読む', 'こと', '書く', 'こと', '加える', '教科', 'する', '外国語', '導入', 'する', '五', '領域', '言語', '活動', '通す', 'コミュニケーション', '図る', '基礎', 'なる', '資', '1', '章', '質', '能力', '育成', 'する', 'こと', 'する', 'いる', '説', '高学年', '外国語', '目標', 'つく', '学年', '示す', '弾力', '指導', 'できる', '2', '年間', '通す', '目標', 'する', '2', '内容', '構成', '外国語', '教育', 'おく', '育成', '目指す', '三', '資質', '能力', '身', '付ける', '高等学校', '通ずる', '領域', '別', '目標', '下', '内容', 'つく', '以下', 'とおり', '体系的', '構成', '整理', 'する', '前述', '高学年', '外国語', '目標', '英語', '目標', '実現', 'する', 'ため', 'Ⅰ', '知識', '技能', 'する', '英語', '特徴', 'きまり', '関する', '事項', '2', '2', '1', 'Ⅱ', '思考力', '判断力', '表現力', 'する', '情報', '整理', 'する', '考え', '形成', 'する', '英語', '表現', 'する', '伝え合う', 'する', 'こと', '関する', '事項', '2', '2', '2', '整理', 'する', '上', '64']"
2017,subject,5-6,2017_subject,8,sousetsu,"（ⅲ）言語活動及び言語の働きに関する事項（第２の２（3））として，「知識
及び技能」を活用して「思考力，判断力，表現力等」を身に付けるための
具体的な言語活動，言語の働き等
を整理した。
また，
（ⅳ）指導計画の作成と内容の取扱い（第２の3）においては，中学年の外国
語活動や中・高等学校における指導との接続に留意しながら指導すべき留
意点等
を整理し，具体的な指導や評価において活用されるよう内容の構成全体を改
善した。
各学校においては，このような内容構成を理解し，言語材料と言語活動，
言語の働き等を効果的に関連付け，総合的に組み合わせて指導するとともに，
この構成の中で，主体的・対話的で深い学びの実現に向けた授業改善を推進
するため，学習過程を繰り返し経るような指導の改善・充実が図られる必要
がある。
③内容
内容については，中学年の外国語活動や中・高等学校における学習内容と
の接続の観点も踏まえ，次のように設定した。
・「知識及び技能」については，実際に外国語を用いた言語活動を通して，
２
外国語の音声や文字，語彙，表現，文構造，言語の働きなどについて， 外国語科導入
の趣旨と要点
日本語と外国語との違いに気付き，これらの知識を理解するとともに，
「読むこと」，「書くこと」に慣れ親しみ，「聞くこと」，「読むこと」，「話
すこと」，「書くこと」による実際のコミュニケーションにおいて活用で
きる基礎的な技能を身に付けるようにすることとした。
・「思考力，判断力，表現力等」については，具体的な課題等を設定し，
コミュニケーションを行う目的や場面，状況などに応じて，情報や考え
などを表現することを通して，身近で簡単な事柄について，外国語で聞
いたり話したりするとともに，音声で十分に慣れ親しんだ外国語の簡単
な語句や基本的な表現を推測しながら読んだり，語順を意識しながら書
いたりして，自分の考えや気持ちなどを伝え合うことができるよう指導
することとした。
65","['Ⅲ', '言語', '活動', '言語', '働き', '関する', '事項', '2', '2', '3', 'する', '知識', '技能', '活用', 'する', '思考力', '判断力', '表現力', '身', '付ける', 'ため', '具体的', '言語', '活動', '言語', '働き', '整理', 'する', 'Ⅳ', '指導', '計画', '作成', '内容', '取扱い', '2', '3', 'おく', '中学年', '外国', '語', '活動', '高等学校', 'おく', '指導', '接続', '留意', 'する', '指導', 'す', '留', '意', '点', '整理', 'する', '具体的', '指導', '評価', 'おく', '活用', 'する', '内容', '構成', '全体', '改', '善', 'する', '学校', 'おく', '内容', '構成', '理解', 'する', '言語', '材料', '言語', '活動', '言語', '働き', '効果的', '関連', '付ける', '総合的', '組み合わせる', '指導', 'する', 'とも', '構成', '中', '主体的', '対話', '学び', '実現', '向ける', '授業', '改善', '推進', 'する', 'ため', '学習', '過程', '繰り返す', '経る', '指導', '改善', '充実', '図る', '必要', 'ある', '3', '内容', '内容', 'つく', '中学年', '外国語', '活動', '高等学校', 'おく', '学習', '内容', '接続', '観点', '踏まえる', '次', '設定', 'する', '知識', '技能', 'つく', '実際', '外国語', '用いる', '言語', '活動', '通す', '2', '外国語', '音声', '文字', '語彙', '表現', '文', '構造', '言語', '働き', 'つく', '外国語', '導入', '趣旨', '要点', '日本語', '外国語', '違い', '気付く', '知識', '理解', 'する', 'とも', '読む', 'こと', '書く', 'こと', '慣れ親しむ', '聞く', 'こと', '読む', 'こと', '話', 'こと', '書く', 'こと', 'よる', '実際', 'コミュニケーション', 'おく', '活用', 'きる', '基礎的', '技能', '身', '付ける', 'する', 'こと', 'する', '思考力', '判断力', '表現力', 'つく', '具体的', '課題', '設定', 'する', 'コミュニケーション', '行う', '目的', '場面', '状況', '応ずる', '情報', '考え', '表現', 'する', 'こと', '通す', '事柄', 'つく', '外国語', '聞', 'いる', '話す', 'する', 'とも', '音声', '慣れ親しむ', '外国語', '語句', '基本的', '表現', '推測', 'する', '読む', '語順', '意識', 'する', '書', 'いる', 'する', '自分', '考え', '気持ち', '伝え合う', 'こと', 'できる', '指導', 'する', 'こと', 'する', '65']"
2017,subject,5-6,2017_subject,9,pedagogical,"④学習指導
高学年の外国語科の英語における指導計画の作成と内容の取扱いについて
は，次のように設定した。
・言語材料については，発達の段階に応じて，児童が受容するものと発信
するものとがあることに留意して指導することを明記した。
・「推測しながら読む」ことにつながるよう，音声で十分に慣れ親しんだ
簡単な語句や基本的な表現について，音声と文字とを関連付けて指導す
ることとした。
・文及び文構造の指導に当たっては，文法の用語や用法の指導を行うので
はなく，言語活動の中で基本的な表現として繰り返し触れることを通し
て指導することとした。
第１章
総 説
66","['4', '学習指導', '高学年', '外国語', '英語', 'おく', '指導', '計画', '作成', '内容', '取扱い', 'つく', '次', '設定', 'する', '言語', '材料', 'つく', '発達', '段階', '応ずる', '児童', '受容', 'する', 'もの', '発信', 'する', 'もの', 'ある', 'こと', '留意', 'する', '指導', 'する', 'こと', '明記', 'する', '推測', 'する', '読む', 'こと', 'つながる', '音声', '慣れ親しむ', '語句', '基本的', '表現', 'つく', '音声', '文字', '関連', '付ける', '指導', 'す', 'こと', 'する', '文', '文', '構造', '指導', '当たる', '文法', '用語', '用法', '指導', '行う', '言語', '活動', '中', '基本的', '表現', 'する', '繰り返す', '触れる', 'こと', '通す', '指導', 'する', 'こと', 'する', '1', '章', '説', '66']"
2017,subject,5-6,2017_subject,10,pedagogical,"第 2 章 外国語科の目標及び内容
第 1 節 外国語科の目標
外国語科では，次のように目標を設定した。
第１ 目 標
外国語によるコミュニケーションにおける見方・考え方を働かせ，外国語
による聞くこと，読むこと，話すこと，書くことの言語活動を通して，コミュ
ニケーションを図る基礎となる資質・能力を次のとおり育成することを目指
す。
外国語科の目標は，コミュニケーションを図る基礎となる資質・能力を育成
することである。このためには，次の（1）（2）（3）に示す「知識及び技能」，「思
考力，判断力，表現力等」，「学びに向かう力，人間性等」それぞれに関わる外
国語特有の資質・能力を育成する必要があり，その際，外国語教育の特質に応
じて，児童が物事を捉え，思考する「外国語によるコミュニケーションにおけ
る見方・考え方」を働かせることが重要である。
「外国語によるコミュニケーションにおける見方・考え方」とは，外国語に
よるコミュニケーションの中で，どのような視点で物事を捉え，どのような考
え方で思考していくのかという，物事を捉える視点や考え方であり，「外国語
で表現し伝え合うため，外国語やその背景にある文化を，社会や世界，他者と
の関わりに着目して捉え，コミュニケーションを行う目的や場面，状況等に応
じて，情報を整理しながら考えなどを形成し，再構築すること」であると考え
１
られる。 外国語科
の目標
外国語やその背景にある文化を，社会や世界，他者との関わりに着目して捉
えるとは，外国語で他者とコミュニケーションを行うには，社会や世界との関
わりの中で事象を捉えたり，外国語やその背景にある文化を理解するなどして
相手に十分配慮したりすることが重要であることを示している。また，コミュ
ニケーションを行う目的や場面，状況等に応じて，情報を整理しながら考えな
どを形成し，再構築することとは，多様な人々との対話の中で，目的や場面，
状況等に応じて，既習のものも含めて習得した概念（知識）を相互に関連付け
てより深く理解したり，情報を精査して考えを形成したり，課題を見いだして
解決策を考えたり，身に付けた思考力を発揮させたりすることであり，外国語
で表現し伝え合うためには，適切な言語材料を活用し，思考・判断して情報を
67","['2', '章', '外国語', '目標', '内容', '1', '節', '外国語', '目標', '外国語', '次', '目標', '設定', 'する', '1', '目', '標', '外国語', 'よる', 'コミュニケーション', 'おく', '見方', '考え方', '働く', '外国語', 'よる', '聞く', 'こと', '読む', 'こと', '話す', 'こと', '書く', 'こと', '言語', '活動', '通す', 'コミュ', 'ニケーション', '図る', '基礎', 'なる', '資質', '能力', '次', 'とおり', '育成', 'する', 'こと', '目', '指', '外国語', '目標', 'コミュニケーション', '図る', '基礎', 'なる', '資質', '能力', '育成', 'する', 'こと', 'ある', 'ため', '次', '1', '2', '3', '示す', '知識', '技能', '思', '考', '判断力', '表現力', '学び', '向かう', '力', '人間性', 'それぞれ', '関わる', '外', '国語', '資質', '能力', '育成', 'する', '必要', 'ある', '際', '外国語', '教育', '特質', '応', '児童', '物事', '捉える', '思考', 'する', '外国語', 'よる', 'コミュニケーション', 'おく', '見方', '考え方', '働く', 'こと', 'ある', '外国語', 'よる', 'コミュニケーション', 'おく', '見方', '考え方', '外国語', 'よる', 'コミュニケーション', '中', '視点', '物事', '捉える', '考', '方', '思考', 'する', 'いく', 'いう', '物事', '捉える', '視点', '考え方', 'ある', '外国語', '表現', 'する', '伝え合う', 'ため', '外国語', '背景', 'ある', '文化', '社会', '世界', '他者', '関わり', '着目', 'する', '捉える', 'コミュニケーション', '行う', '目的', '場面', '状況', '応', '情報', '整理', 'する', '考え', '形成', 'する', '構築', 'する', 'こと', 'ある', '考える', '1', '外国語', '目標', '外国語', '背景', 'ある', '文化', '社会', '世界', '他者', '関わり', '着目', 'する', '捉', 'える', '外国語', '他者', 'コミュニケーション', '行う', '社会', '世界', '関', 'わり', '中', '事象', '捉える', '外国語', '背景', 'ある', '文化', '理解', 'する', 'する', '相手', '配慮', 'する', 'する', 'こと', 'ある', 'こと', '示す', 'いる', 'コミュ', 'ニケーション', '行う', '目的', '場面', '状況', '応ずる', '情報', '整理', 'する', '考え', 'ど', '形成', 'する', '構築', 'する', 'こと', '人々', '対話', '中', '目的', '場面', '状況', '応ずる', '既習', 'もの', '含める', '習得', 'する', '概念', '知識', '相互', '関連', '付け', '理解', 'する', '情報', '精査', 'する', '考え', '形成', 'する', '課題', '見いだす', '解決策', '考える', '身', '付ける', '思考力', '発揮', 'する', 'する', 'こと', 'ある', '外国語', '表現', 'する', '伝え合う', 'ため', '言語', '材料', '活用', 'する', '思考', '判断', 'する', '情報', '67']"
2017,subject,5-6,2017_subject,11,pedagogical,"整理するとともに，自分の考えなどを形成，再構築することが重要であること
を示している。
外国語によるコミュニケーションの一連の過程を通して，このような「見方・
考え方」を働かせながら，自分の思いや考えを表現することなどを通じて，児
童の発達の段階に応じて「見方・考え方」を豊かにすることが重要である。こ
の「見方・考え方」を確かで豊かなものとすることで，学ぶことの意味と自分
の生活，人生や社会，世界の在り方を主体的に結び付ける学びが実現され，学
校で学ぶ内容が，生きて働く力として育まれることになる。さらに，こうした
学びの過程が外国語教育の主体的・対話的で深い学びの実現に向けた授業改善
につながる。その鍵となるものが，教科等の特質に応じた「見方・考え方」で
ある。
ところで，言語能力について，中央教育審議会答申では，「言葉は，学校と
いう場において子供が行う学習活動を支える重要な役割を果たすものであり，
全ての教科等における資質・能力の育成や学習の基盤となるものである。した
がって，言語能力の向上は，学校における学びの質や，教育課程全体における
資質・能力の育成の在り方に関わる課題」であるとし，その育成が求められて
いる。
このことを踏まえれば，例えば，初めて外国語に触れる段階である小学校に
おいては，母語を用いたコミュニケーションを図る際には意識されていなかっ
た，相手の発する外国語を注意深く聞いて何とか相手の思いを理解しようとし
たり，もっている知識などを総動員して他者に外国語で自分の思いを何とか伝
えようとしたりする体験を通して，日本語を含む言語でコミュニケーションを
図る難しさや大切さを改めて感じることが，言語によるコミュニケーション能
力を身に付ける上で重要であり，言語への興味・関心を高めることにつながる
第２章
外国語科の目標 と考えられる。
及び内容
したがって，小学校における外国語教育においては，先に述べた「外国語に
よるコミュニケーションにおける見方・考え方」のうち，外国語やその背景に
ある文化を，社会や世界，他者との関わりに着目して捉える点を重視すべきで
あると考えられる。
「外国語による聞くこと，読むこと，話すこと，書くことの言語活動を通して」
とは，外国語科の目標を実現するために必要な指導事項について述べたもので
あり，本解説第２部第２章第２節２（3）で詳細を解説する。
「コミュニケーションを図る基礎となる資質・能力」が高学年の外国語科の
目標の中心となる部分である。これは，中学年の外国語活動の目標である，「コ
ミュニケーションを図る素地となる資質・能力」及び中学校の外国語科の目標
68","['整理', 'する', 'とも', '自分', '考え', '形成', '構築', 'する', 'こと', 'ある', 'こと', '示す', 'いる', '外国語', 'よる', 'コミュニケーション', '一連', '過程', '通す', '見方', '考え方', '働く', '自分', '思い', '考え', '表現', 'する', 'こと', '通ずる', '児', '童', '発達', '段階', '応ずる', '見方', '考え方', 'する', 'こと', 'ある', '見方', '考え方', 'もの', 'する', 'こと', '学ぶ', 'こと', '意味', '自分', '生活', '人生', '社会', '世界', '在り方', '主体的', '結び付ける', '学び', '実現', 'する', '学', '学ぶ', '内容', '生きる', '働く', '力', 'する', '育む', 'こと', 'なる', 'する', '学び', '過程', '外国語', '教育', '主体的', '対話', '学び', '実現', '向ける', '授業', '改善', 'つながる', '鍵', 'なる', 'もの', '教科', '特質', '応ずる', '見方', '考え方', 'ある', 'ところ', '言語', '能力', 'つく', '中央教育審議会', '答申', '言葉', '学校', 'いう', '場', 'おく', '子供', '行う', '学習', '活動', '支える', '役割', '果たす', 'もの', 'ある', '全て', '教科', 'おく', '資質', '能力', '育成', '学習', '基盤', 'なる', 'もの', 'ある', 'する', '言語', '能力', '向上', '学校', 'おく', '学び', '質', '教育課程', '全体', 'おく', '資質', '能力', '育成', '在り方', '関わる', '課題', 'ある', 'する', '育成', '求める', 'いる', 'こと', '踏まえる', '外国語', '触れる', '段階', 'ある', '小学校', 'おく', '母語', '用いる', 'コミュニケーション', '図る', '際', '意識', 'する', 'いる', '相手', '発する', '外国語', '注意', '聞く', '相手', '思い', '理解', 'する', 'する', 'もつ', 'いる', '知識', '総動員', 'する', '他者', '外国語', '自分', '思い', '伝', 'える', 'する', 'する', '体験', '通す', '日本語', '含む', '言語', 'コミュニケーション', '図る', '難しさ', '感じる', 'こと', '言語', 'よる', 'コミュニケーション', '能', '力', '身', '付ける', '上', 'ある', '言語', '興味', '関心', '高める', 'こと', 'つながる', '2', '章', '外国語', '目標', '考える', '内容', 'したがう', '小学校', 'おく', '外国語', '教育', 'おく', '先', '述べる', '外国語', 'よる', 'コミュニケーション', 'おく', '見方', '考え方', 'うち', '外国語', '背景', '文化', '社会', '世界', '他者', '関わり', '着目', 'する', '捉える', '点', '重視', 'す', 'ある', '考える', '外国語', 'よる', '聞く', 'こと', '読む', 'こと', '話す', 'こと', '書く', 'こと', '言語', '活動', '通す', '外国語', '目標', '実現', 'する', 'ため', '必要', '指導事項', 'つく', '述べる', 'もの', 'ある', '解説', '2', '部', '2', '章', '2', '節', '2', '3', '詳細', '解説', 'する', 'コミュニケーション', '図る', '基礎', 'なる', '資質', '能力', '高学年', '外国語', '目標', '中心', 'なる', '部分', 'ある', '中学年', '外国語', '活動', '目標', 'ある', 'コ', 'ミュニケーション', '図る', '素地', 'なる', '資質', '能力', '中学校', '外国語', '目標', '68']"
2017,subject,5-6,2017_subject,12,pedagogical,"である，「簡単な情報や考えなどを理解したり表現したり伝え合ったりするコ
ミュニケーションを図る資質・能力」を踏まえて設定されたものである。総則
にもあるとおり，小学校までの学習の成果が中学校教育に円滑に接続され，育
成を目指す資質・能力を児童が確実に身に付けることができるよう工夫する必
要がある。
改訂前の高学年における外国語活動の目標においては，
① 言語や文化に関する体験的な理解
② 積極的にコミュニケーションを図ろうとする態度
③ 外国語への慣れ親しみ
の三つの事項を念頭に置いていたが，今回の改訂では，育成を目指す資質・能
力の三つの柱である「知識及び技能」，「思考力，判断力，表現力等」及び「学
びに向かう力，人間性等」のそれぞれに関わる目標を，以下（1）（2）（3）のよう
に明確に設定している。
（1）外国語の音声や文字，語彙，表現，文構造，言語の働きなどについて，
日本語と外国語との違いに気付き，これらの知識を理解するとともに，読
むこと，書くことに慣れ親しみ，聞くこと，読むこと，話すこと，書くこ
とによる実際のコミュニケーションにおいて活用できる基礎的な技能を身
に付けるようにする。
（1）は，外国語科における「何を理解しているか，何ができるか」という「知
識及び技能」の習得に関わる目標として掲げたものである。本目標は，「外国
語の音声や文字，語彙，表現，文構造，言語の働きなどについて，日本語と外
国語との違いに気付き，これらの知識を理解する」という「知識」の面と，そ
１
の知識を「聞くこと，読むこと，話すこと，書くことによる実際のコミュニケー 外国語科
の目標
ションにおいて活用できる基礎的な技能」という「技能」の面とで構成されて
いる。
中央教育審議会答申にもあるとおり，基礎的・基本的な知識を着実に習得し
ながら，既存の知識と関連付けたり組み合わせたりしていくことにより，学習
内容の深い理解と，個別の知識の定着を図るとともに，社会における様々な場
面で活用できる概念としていくことが重要となる。また，技能についても，一
定の手順や段階を追って身に付く個別の技能のみならず，獲得した個別の技能
が自分の経験やほかの技能と関連付けられ，変化する状況や課題に応じて主体
的に活用できる技能として習熟・熟達していくということが重要であり，「生
きて働く『知識・技能』の習得」を重視している。
69","['ある', '情報', '考え', '理解', 'する', '表現', 'する', '伝え合う', 'する', 'コ', 'ミュニケーション', '図る', '資質', '能力', '踏まえる', '設定', 'する', 'もの', 'ある', '総則', 'ある', 'とおり', '小学校', '学習', '成果', '学校教育', '接続', 'する', '成', '目指す', '資質', '能力', '児童', '身', '付ける', 'こと', 'できる', '工夫', 'する', '要', 'ある', '改訂', '前', '高学年', 'おく', '外国語', '活動', '目標', 'おく', '1', '言語', '文化', '関する', '体験', '理解', '2', '積極的', 'コミュニケーション', '図る', 'する', '態度', '3', '外国語', '慣れ親しむ', '三', '事項', '念頭', '置く', 'いる', '今回', '改訂', '育成', '目指す', '資質', '能', '力', '三', '柱', 'ある', '知識', '技能', '思考力', '判断力', '表現力', '学', 'び', '向かう', '力', '人間性', 'それぞれ', '関わる', '目標', '以下', '1', '2', '3', '設定', 'する', 'いる', '1', '外国語', '音声', '文字', '語彙', '表現', '文', '構造', '言語', '働き', 'つく', '日本語', '外国語', '違い', '気付く', '知識', '理解', 'する', 'とも', '読', 'むこ', '書く', 'こと', '慣れ親しむ', '聞く', 'こと', '読む', 'こと', '話す', 'こと', '書く', 'こ', 'よる', '実際', 'コミュニケーション', 'おく', '活用', 'できる', '基礎的', '技能', '身', '付ける', 'する', '1', '外国語', 'おく', '理解', 'する', 'いる', 'できる', 'いう', '知', '識', '技能', '習得', '関わる', '目標', 'する', '掲げる', 'もの', 'ある', '目標', '外国', '語', '音声', '文字', '語彙', '表現', '文', '構造', '言語', '働き', 'つく', '日本語', '外', '国語', '違い', '気付く', '知識', '理解', 'する', 'いう', '知識', '面', '1', '知識', '聞く', 'こと', '読む', 'こと', '話す', 'こと', '書く', 'こと', 'よる', '実際', 'コミュニケー', '外国語', '目標', 'ション', 'おく', '活用', 'できる', '基礎的', '技能', 'いう', '技能', '面', '構成', 'する', 'いる', '中央教育審議会', '答申', 'ある', 'とおり', '基礎的', '基本的', '知識', '習得', 'する', '既存', '知識', '関連', '付ける', '組み合わせる', 'する', 'いく', 'こと', 'よる', '学習', '内容', '理解', '個別', '知識', '定着', '図る', 'とも', '社会', 'おく', '場', '面', '活用', 'できる', '概念', 'する', 'いく', 'こと', 'なる', '技能', 'つく', '一', '定', '手順', '段階', '追う', '身', '付く', '個別', '技能', '獲得', 'する', '個別', '技能', '自分', '経験', 'ほか', '技能', '関連', '付ける', '変化', 'する', '状況', '課題', '応ずる', '主体', '活用', 'できる', '技能', 'する', '習熟', '熟達', 'する', 'いく', 'いう', 'こと', 'ある', '生', 'くる', '働く', '知識', '技能', '習得', '重視', 'する', 'いる', '69']"
2017,subject,5-6,2017_subject,13,pedagogical,"本目標での「外国語の音声や文字，語彙，表現，文構造，言語の働きなどに
ついて，日本語と外国語との違いに気付き，これらの知識を理解する」とは，
中学年の外国語活動の「外国語を通して，言語や文化について体験的に理解を
深め，日本語と外国語との音声の違い等に気付く」に対応したものである。高
学年の外国語科では，日本語との音声の違いにとどまらず，文字，語彙，表現，
文構造，言語の働きなどについても日本語との違いに気付くこと，さらに，気
付きで終わるのではなく，それらが外国語でコミュニケーションを図る際に活
用される，生きて働く知識として理解されることを求めている。
また，「聞くこと，読むこと，話すこと，書くことによる実際のコミュニケー
ションにおいて活用できる基礎的な技能を身に付けるようにする」とは，中学
年の外国語活動で外国語の音声や基本的な表現に慣れ親しませたことを踏ま
え，「読むこと」，「書くこと」を加え，教科として段階を進めたものである。
初めて外国語に触れる中学年の外国語活動において音声面を中心としたコミュ
ニケーションの体験を通して，外国語の音声や基本的な表現に慣れ親しんだこ
とを生かし，高学年の外国語科では，中学校で身に付けるべき実際のコミュニ
ケーションにおいて活用できる技能の基礎的なものを身に付けることとなる。
ただし，「読むこと」，「書くこと」については，中学年の外国語活動では指導
しておらず，慣れ親しませることから指導する必要があり，「聞くこと」，「話
すこと」と同等の指導を求めるものではないことに留意する必要がある。
本解説第２部第１章２（1）で述べたとおり，これまでの高学年における外国
語活動の充実により，児童の高い学習意欲，中学生の外国語教育に対する積極
性の向上といった成果が認められる一方で，①音声中心で学んだことが，中学
校段階で音声から文字への学習に円滑に接続されていない，②日本語と英語の
音声の違いや英語の発音と綴りの関係，文構造の学習において課題がある，③
第２章
外国語科の目標 高学年は，児童の抽象的な思考力が高まる段階であり，より体系的な学習が求
及び内容
められることなどが課題として指摘されている。これらの成果と課題を踏まえ
て，中学年における外国語活動で音声や基本的な表現に慣れ親しみ，外国語学
習への動機付けを高めた上で，高学年から発達の段階に応じて段階的に「読む
こと」，「書くこと」を加え，これまでの課題に対応するため，英語の文字や単
語などの認識，日本語と英語の音声の違いやそれぞれの特徴への気付き，語順
の違い等の文構造への気付きなど，言語能力向上の観点から言葉の仕組みの理
解などを促す指導が求められる。
そこで，「読むこと」，「書くこと」に関しては，英語の文字の名称の読み方
を活字体の文字と結び付け，名称を発音すること，四線上に書くことができる
ようにするととともに，中学年の外国語活動を通して「十分に音声で慣れ親し
70","['目標', '外国語', '音声', '文字', '語彙', '表現', '文', '構造', '言語', '働き', 'つく', '日本語', '外国語', '違い', '気付く', '知識', '理解', 'する', '中学', '年', '外国語', '活動', '外国語', '通す', '言語', '文化', 'つく', '体験', '理解', '深める', '日本語', '外国語', '音声', '違い', '気付く', '対応', 'する', 'もの', 'ある', '学年', '外国語', '日本語', '音声', '違い', 'とどまる', '文字', '語彙', '表現', '文', '構造', '言語', '働き', 'つく', '日本語', '違い', '気付く', 'こと', '気', '終わる', '外国語', 'コミュニケーション', '図る', '際', '用', 'する', '生きる', '働く', '知識', 'する', '理解', 'する', 'こと', '求める', 'いる', '聞く', 'こと', '読む', 'こと', '話す', 'こと', '書く', 'こと', 'よる', '実際', 'コミュニケー', 'ション', 'おく', '活用', 'できる', '基礎的', '技能', '身', '付ける', 'する', '中学', '年', '外国語', '活動', '外国語', '音声', '基本的', '表現', '慣れ親しむ', 'こと', '踏む', '読む', 'こと', '書く', 'こと', '加える', '教科', 'する', '段階', '進める', 'もの', 'ある', '外国語', '触れる', '中学', '年', '外国語', '活動', 'おく', '音声', '面', '中心', 'する', 'コミュ', 'ニケーション', '体験', '通す', '外国語', '音声', '基本的', '表現', '慣れ親しむ', 'だこ', '生かす', '高学年', '外国語', '中学校', '身', '付ける', '実際', 'コミュニ', 'ケーション', 'おく', '活用', 'できる', '技能', '基礎的', 'もの', '身', '付ける', 'こと', 'なる', '読む', 'こと', '書く', 'こと', 'つく', '中学年', '外国語', '活動', '指導', 'する', 'おる', '慣れ親しむ', 'こと', '指導', 'する', '必要', 'ある', '聞く', 'こと', '話', 'こと', '指導', '求める', 'もの', 'こと', '留意', 'する', '必要', 'ある', '解説', '2', '部', '1', '章', '2', '1', '述べる', 'とおり', '高学年', 'おく', '外国', '語', '活動', '充実', 'よる', '児童', '学習', '意欲', '中学生', '外国語', '教育', '対する', '積極', '性', '向上', 'いう', '成果', '認める', '一方', '1', '音声', '中心', '学ぶ', 'こと', '中学', '段階', '音声', '文字', '学習', '接続', 'する', 'いる', '2', '日本語', '英語', '音声', '違い', '英語', '発音', '綴り', '関係', '文', '構造', '学習', 'おく', '課題', 'ある', '3', '2', '章', '外国語', '目標', '高学年', '児童', '抽象的', '思考力', '高まる', '段階', 'ある', '体系的', '学習', '求', '内容', 'こと', '課題', 'する', '指摘', 'する', 'いる', '成果', '課題', '踏まえる', '中学年', 'おく', '外国語', '活動', '音声', '基本的', '表現', '慣れ親しむ', '外国語学', '習ふ', '動機付け', '高める', '上', '高学年', '発達', '段階', '応ずる', '段階的', '読む', 'こと', '書く', 'こと', '加える', '課題', '対応', 'する', 'ため', '英語', '文字', '語', '認識', '日本語', '英語', '音声', '違い', 'それぞれ', '特徴', '気付く', '語順', '違い', '文', '構造', '気付き', '言語', '能力', '向上', '観点', '言葉', '仕組み', '理', '解', '促す', '指導', '求める', '読む', 'こと', '書く', 'こと', '関する', '英語', '文字', '名称', '読み方', '活字体', '文字', '結び付ける', '名称', '発音', 'する', 'こと', '四', '書く', 'こと', 'できる', 'する', 'とも', '中学年', '外国語', '活動', '通す', '音声', '慣れる', '親', 'する', '70']"
2017,subject,5-6,2017_subject,14,pedagogical,"んだ簡単な語句や基本的な表現」について，読んだり書いたりすることに細か
な段階を踏んで慣れ親しませた上で，「語順を意識しながら書き写すことがで
きるようにする」，「自分のことや身近で簡単な事柄について，例文を参考に書
くことができるようにする」といった実際のコミュニケーションにおいて活用
できる基礎的な技能となることを目指す必要がある。
（2）コミュニケーションを行う目的や場面，状況などに応じて，身近で簡単
な事柄について，聞いたり話したりするとともに，音声で十分に慣れ親し
んだ外国語の語彙や基本的な表現を推測しながら読んだり，語順を意識し
ながら書いたりして，自分の考えや気持ちなどを伝え合うことができる基
礎的な力を養う。
（2）は，外国語科における「理解していること・できることをどう使うか」
という「思考力，判断力，表現力等」の育成に関わる目標として掲げたもので
ある。コミュニケーションを行う際は，その「目的や場面，状況など」を意識
する必要があり，その上で，「身近で簡単な事柄について，聞いたり話したり
する」とともに，「音声で十分に慣れ親しんだ外国語の語彙や基本的な表現を
推測しながら読んだり，語順を意識しながら書いたり」して，「自分の考えや
気持ちなどを伝え合う」ことが重要になってくる。「思考力，判断力，表現力等」
の育成のためには，外国語を実際に使用することが不可欠である。
中央教育審議会答申では，「未知の状況にも対応できる『思考力・判断力・
表現力等』の育成」のため，思考・判断・表現の過程として「精査した情報を
基に自分の考えを形成し，文章や発話によって表現したり，目的や場面，状況
等に応じて互いの考えを適切に伝え合い，多様な考えを理解したり，集団とし
１
ての考えを形成したりしていく過程」などに言及している。 外国語科
の目標
外国語教育における学習過程としては，①設定されたコミュニケーションの
目的や場面，状況等を理解する，②目的に応じて情報や意見などを発信するま
での方向性を決定し，コミュニケーションの見通しを立てる，③目的達成のた
め，具体的なコミュニケーションを行う，④言語面・内容面で自ら学習のまと
めと振り返りを行う，といった流れの中で，学んだことの意味付けを行ったり，
既得の知識や経験と，新たに得られた知識を言語活動で活用したりすることで，
「思考力，判断力，表現力等」を高めていくことが大切になる。
また，「身近で簡単な事柄」とは，中学年の外国語活動と同様，児童がよく知っ
ている人や物，事柄のうち簡単な語彙や基本的な表現で表すことができるもの
を指している。例えば，学校の友達や教師，家族，身の回りの物や自分が大切
71","['語句', '基本的', '表現', 'つく', '読む', '書く', 'する', 'こと', '段階', '踏む', '慣れ親しむ', '上', '語順', '意識', 'する', '書き写す', 'こと', 'きる', 'する', '自分', 'こと', '事柄', 'つく', '例文', '参考', '書', 'くこ', 'できる', 'する', 'いう', '実際', 'コミュニケーション', 'おく', '活用', 'できる', '基礎的', '技能', 'なる', 'こと', '目指す', '必要', 'ある', '2', 'コミュニケーション', '行う', '目的', '場面', '状況', '応ずる', '事柄', 'つく', '聞く', '話す', 'する', 'とも', '音声', '慣れる', '親', 'する', '外国語', '語彙', '基本的', '表現', '推測', 'する', '読む', '語順', '意識', 'する', '書く', 'する', '自分', '考え', '気持ち', '伝え合う', 'こと', 'できる', '基', '礎', '力', '養う', '2', '外国語', 'おく', '理解', 'する', 'いる', 'こと', 'できる', 'こと', '使う', 'いう', '思考力', '判断力', '表現力', '育成', '関わる', '目標', 'する', '掲げる', 'もの', 'ある', 'コミュニケーション', '行う', '際', '目的', '場面', '状況', '意識', 'する', '必要', 'ある', '上', '事柄', 'つく', '聞く', '話す', 'する', 'とも', '音声', '慣れ親しむ', '外国語', '語彙', '基本的', '表現', '推測', 'する', '読む', '語順', '意識', 'する', '書く', 'する', '自分', '考え', '気持ち', '伝え合う', 'こと', 'なる', 'くる', '思考力', '判断力', '表現力', '育成', 'ため', '外国語', '実際', '使用', 'する', 'こと', 'ある', '中央教育審議会', '答申', '未知', '状況', '対応', 'できる', '思考力', '判断力', '表現力', '育成', 'ため', '思考', '判断', '表現', '過程', 'する', '精査', 'する', '情報', '基', '自分', '考え', '形成', 'する', '文章', '発話', 'よる', '表現', 'する', '目的', '場面', '状況', '応ずる', '互い', '考え', '伝え合う', '考え', '理解', 'する', '集団', 'する', '1', '考え', '形成', 'する', 'する', 'いく', '過程', '言及', 'する', 'いる', '外国語', '目標', '外国語', '教育', 'おく', '学習', '過程', 'する', '1', '設定', 'する', 'コミュニケーション', '目的', '場面', '状況', '理解', 'する', '2', '目的', '応ずる', '情報', '意見', '発信', 'する', '方向性', '決定', 'する', 'コミュニケーション', '見通し', '立てる', '3', '目的', '達成', 'め', '具体的', 'コミュニケーション', '行う', '4', '言語', '面', '内容', '面', '自ら', '学習', 'まと', 'め', '振り返り', '行う', 'いう', '流れ', '中', '学ぶ', 'こと', '意味', '付け', '行う', '既得', '知識', '経験', '得る', '知識', '言語', '活動', '活用', 'する', 'する', 'こと', '思考力', '判断力', '表現力', '高める', 'いく', 'こと', 'なる', '事柄', '中学年', '外国語', '活動', '児童', '知る', 'いる', '人', '物', '事柄', 'うち', '語彙', '基本的', '表現', '表す', 'こと', 'できる', 'もの', '指す', 'いる', '学校', '友達', '教師', '家族', '身の回り', '物', '自分', '71']"
2017,subject,5-6,2017_subject,15,pedagogical,"にしている物，学校や家庭での出来事や日常生活で起こることなどが考えられ
る。一方，中学校の外国語科では，「日常的な話題や社会的な話題」としており，
これらは生徒の日々の生活に関わる話題や社会で起こっている出来事や問題に
関わる話題のことを指している。小学校の外国語科で身近で簡単な事柄につい
て十分にコミュニケーションを図っておくことが，中学校の外国語科で話題を
広げることにつながっていく。
「推測しながら読んだり，語順を意識しながら書いたり」としているのは，
外国語科として言語能力向上の観点から言葉の仕組みの理解などを促すため，
英語の文字や単語などの認識，日本語と英語の音声の違いやそれぞれの特徴へ
の気付き，語順の違いなど文構造への気付きなどが求められたことに対応した
ものである。「推測しながら読む」とは，中学年から単語の綴りが添えられた
絵カードを見ながら何度も聞いたり話したりしてその音声に十分に慣れ親しん
だ単語が文字のみで提示された場合，その単語の読み方を推測して読むことを
表している。また，場面などを活用して読むことも考えられる。例えば，動物
園の絵のそばに添えられたzooという単語があれば，音声で十分慣れ親しんだ
語を思い出して，zooが読めることも考えられる。あるいは，bookのbの発音
を思い出して，bedを推測しながら発音することも考えられる。
また，「語順を意識しながら書いたり」とは，中学年から何度も聞いたり話
したりしてその音声に十分に慣れ親しんでいる基本的な表現を書き写す際に，
英語で何かを表す際には，決まった語順があることへの気付きを踏まえ，語と
語の区切りに注意してスペースを置き，それを意識しながら書くことを表して
いる。さらに，「自分の考えや気持ちなどを伝え合う」ことについては，聞い
たり話したり，推測しながら読んだり語順を意識しながら書いたりして，コミュ
ニケーションを行う目的や場面，状況などに応じて，自分の考えや気持ちなど
第２章
外国語科の目標 を伝え合うことの大切さを述べたものである。
及び内容
このことを踏まえ，未知の状況にも対応できる「思考力，判断力，表現力等」
を育成するためには，本解説第２部第２章第２節２（1）「知識及び技能」で解説
する言語材料を活用し，本解説第２部第２章第２節２（3）で解説するとおり，
言語の使用場面に応じて具体的な言語の働きを取り上げ，言語活動を行うこと
が必要である。
（3）外国語の背景にある文化に対する理解を深め，他者に配慮しながら，主
体的に外国語を用いてコミュニケーションを図ろうとする態度を養う。
（3）は，外国語科における「どのように社会・世界と関わり，よりよい人生
72","['する', 'いる', '物', '学校', '家庭', '出来事', '日常生活', '起こる', 'こと', '考える', '中学校', '外国語', '日常的', '話題', '社会的', '話題', 'する', 'おる', '生徒', '日々', '生活', '関わる', '話題', '社会', '起こる', 'いる', '出来事', '問題', '関わる', '話題', 'こと', '指す', 'いる', '小学校', '外国語', '事柄', 'つく', 'コミュニケーション', '図る', 'おく', 'こと', '中学校', '外国語', '話題', '広げる', 'こと', 'つながる', 'いく', '推測', 'する', '読む', '語順', '意識', 'する', '書く', 'する', 'いる', '外国語', 'する', '言語', '能力', '向上', '観点', '言葉', '仕組み', '理解', '促す', 'ため', '英語', '文字', '単語', '認識', '日本語', '英語', '音声', '違い', 'それぞれ', '特徴', '気付く', '語順', '違い', '文', '構造', '気付き', '求める', 'こと', '対応', 'する', 'もの', 'ある', '推測', 'する', '読む', '中学年', '単語', '綴り', '添える', '絵', 'カード', '見る', '何度', '聞く', '話す', 'する', '音声', '慣れ親しむ', '単語', '文字', '提示', 'する', '場合', '単語', '読み方', '推測', 'する', '読む', 'こと', '表す', 'いる', '場面', '活用', 'する', '読む', 'こと', '考える', '動物', '園', '絵', 'そば', '添える', 'zoo', 'いう', '単語', 'ある', '音声', '慣れ親しむ', '語', '思い出す', 'zoo', '読める', 'こと', '考える', 'Book', 'b', '発音', '思い出す', 'bed', '推測', 'する', '発音', 'する', 'こと', '考える', '語順', '意識', 'する', '書く', '中学年', '何度', '聞く', '話', 'する', 'する', '音声', '慣れ親しむ', 'いる', '基本的', '表現', '書き写す', '際', '英語', '表す', '際', '決まる', '語順', 'ある', 'こと', '気付き', '踏まえる', '語', '語', '区切り', '注意', 'する', 'スペース', '置く', '意識', 'する', '書く', 'こと', '表す', 'いる', '自分', '考え', '気持ち', '伝え合う', 'こと', 'つく', '聞く', '話す', '推測', 'する', '読む', '語順', '意識', 'する', '書く', 'する', 'コミュ', 'ニケーション', '行う', '目的', '場面', '状況', '応ずる', '自分', '考え', '気持ち', '2', '章', '外国語', '目標', '伝え合う', 'こと', '述べる', 'もの', 'ある', '内容', 'こと', '踏まえる', '未知', '状況', '対応', 'できる', '思考力', '判断力', '表現力', '育成', 'する', 'ため', '解説', '2', '部', '2', '章', '2', '節', '2', '1', '知識', '技能', '解説', 'する', '言語', '材料', '活用', 'する', '解説', '2', '部', '2', '章', '2', '節', '2', '3', '解説', 'する', 'おる', '言語', '使用', '場面', '応ずる', '具体的', '言語', '働き', '取り上げる', '言語', '活動', '行う', 'こと', '必要', 'ある', '3', '外国語', '背景', 'ある', '文化', '対する', '理解', '深める', '他者', '配慮', 'する', '主', '体', '外国語', '用いる', 'コミュニケーション', '図る', 'する', '態度', '養う', '3', '外国語', 'おく', '社会', '世界', '関わる', '人生', '72']"
2017,subject,5-6,2017_subject,16,pedagogical,"かん
を送るか」という「学びに向かう力，人間性等」の涵養に関わる目標として掲
げたものである。「文化に対する理解」やコミュニケーションの相手となる「他
者」に対する「配慮」を伴って，「主体的にコミュニケーションを図ろうとす
る態度」を身に付けることを目標としている。
中央教育審議会答申では，この「学びを人生や社会に生かそうとする『学び
かん
に向かう力・人間性等』の涵養」を重視し，（1）「知識及び技能」や（2）「思
考力，判断力，表現力等」の資質・能力をどのような方向性で働かせていくか
を決定付ける重要な要素とされている。
外国語教育における「学びに向かう力，人間性等」は，児童が言語活動に主
体的に取り組むことが外国語によるコミュニケーションを図る基礎となる資
質・能力を身に付ける上で不可欠であるため，極めて重要な観点である。「知
識及び技能」を実際のコミュニケーションの場面において活用し，考えを形成・
深化させ，話したり書いたりして表現することを繰り返すことで，児童に自信
が生まれ，主体的に学習に取り組む態度が一層向上するため，「知識及び技能」
及び「思考力，判断力，表現力等」と「学びに向かう力，人間性等」は不可分
に結び付いている。児童が興味をもって取り組むことができる言語活動を易し
いものから段階的に取り入れたり，自己表現活動の工夫をしたりするなど，様々
な手立てを通じて児童の主体的に学習に取り組む態度の育成を目指した指導を
することが大切である。
本目標での「外国語の背景にある文化に対する理解を深め」は，中学年の外
国語活動において「言語やその背景にある文化に対する理解を深め」としてい
ることを踏まえたものである。中学年の外国語活動では，学習の対象となる外
国語のみならず，日本語も含めた様々な言語そのものへの理解や言語の背景に
ある文化に対する理解を深めることを求めている。そのような理解が，高学年
１
の外国語科で，対象となる外国語の背景にある文化に対する理解の深まりへと 外国語科
の目標
つながる。
ところで，外国語の背景にある文化に対する理解が深まることは，その言語
を適切に使うことにつながる。また，言語を学ぶことは，その言語を創造し継
承してきた文化や，その言語を母語とする人々の考え方を学ぶことでもある。
更に，言葉を通じて他者とコミュニケーションを図り伝え合う力を高めること
で，積極的に人や社会と関わり，自己を表現し，他者と共感するなど互いの存
在について理解を深め，尊重しようとする態度につながると考えられる。そし
て，このことは，言語能力の側面から「学びに向かう力，人間性等」を支える
ことになる。
なお，中学校の外国語科において，改訂前は，「言語や文化に対する理解を
73","['送る', 'いう', '学び', '向かう', '力', '人間性', '涵養', '関わる', '目標', 'する', '掲', 'げた', 'もの', 'ある', '文化', '対する', '理解', 'コミュニケーション', '相手', 'なる', '他', '者', '対する', '配慮', '伴う', '主体的', 'コミュニケーション', '図る', 'す', '態度', '身', '付ける', 'こと', '目標', 'する', 'いる', '中央教育審議会', '答申', '学び', '人生', '社会', '生かす', 'する', '学び', '向かう', '力', '人間性', '涵養', '重視', 'する', '1', '知識', '技能', '2', '思', '考', '判断力', '表現力', '資質', '能力', '方向性', '働く', 'いく', '決定', '付ける', '要素', 'する', 'いる', '外国語', '教育', 'おく', '学び', '向かう', '力', '人間性', '児童', '言語', '活動', '主', '体', '取り組む', 'こと', '外国語', 'よる', 'コミュニケーション', '図る', '基礎', 'なる', '資', '質', '能力', '身', '付ける', '上', 'ある', 'ため', '観点', 'ある', '知', '識', '技能', '実際', 'コミュニケーション', '場面', 'おく', '活用', 'する', '考え', '形成', '深化', 'する', '話す', '書く', 'する', '表現', 'する', 'こと', '繰り返す', 'こと', '児童', '自信', '生まれる', '主体的', '学習', '取り組む', '態度', '向上', 'する', 'ため', '知識', '技能', '思考力', '判断力', '表現力', '学び', '向かう', '力', '人間性', '不可分', '結び付く', 'いる', '児童', '興味', 'もつ', '取り組む', 'こと', 'できる', '言語', '活動', 'いも', '段階的', '取り入れる', '自己', '表現', '活動', '工夫', 'する', 'する', '手立て', '通ずる', '児童', '主体的', '学習', '取り組む', '態度', '育成', '目指す', '指導', 'する', 'こと', 'ある', '目標', '外国語', '背景', 'ある', '文化', '対する', '理解', '深める', '中学年', '外', '国語', '活動', 'おく', '言語', '背景', 'ある', '文化', '対する', '理解', '深める', 'する', 'いる', 'こと', '踏まえる', 'もの', 'ある', '中学年', '外国語', '活動', '学習', '対象', 'なる', '外', '国語', '日本語', '含める', '言語', 'もの', '理解', '言語', '背景', '文化', '対する', '理解', '深める', 'こと', '求める', 'いる', '理解', '高学年', '1', '外国語', '対象', 'なる', '外国語', '背景', 'ある', '文化', '対する', '理解', '深まり', '外国語', '目標', 'つながる', 'ところ', '外国語', '背景', 'ある', '文化', '対する', '理解', '深まる', 'こと', '言語', '使う', 'こと', 'つながる', '言語', '学ぶ', 'こと', '言語', '創造', 'する', '継', '承', 'する', 'くる', '文化', '言語', '母語', 'する', '人々', '考え方', '学ぶ', 'こと', 'ある', '言葉', '通ずる', '他者', 'コミュニケーション', '図る', '伝え合う', '力', '高める', 'こと', '積極的', '人', '社会', '関わる', '自己', '表現', 'する', '他者', '共感', 'する', '互い', '存', '在り', 'つく', '理解', '深める', '尊重', 'する', 'する', '態度', 'つながる', '考える', 'する', 'こと', '言語', '能力', '側面', '学び', '向かう', '力', '人間性', '支える', 'こと', 'なる', '中学校', '外国語', 'おく', '改訂', '前', '言語', '文化', '対する', '理解', '73']"
2017,subject,5-6,2017_subject,17,pedagogical,"深め」とし，その「文化」を「その言語の背景にある文化」と解説していたが，
今回の改訂により，「外国語の背景にある文化」とし，その意味合いを明確に
している。さらに，英語が国際共通語であることを踏まえると，外国語の背景
にある文化だけでなく英語を使ってコミュニケーションを図る人々の文化につ
いても理解を深めることが大切である。
「他者に配慮しながら」とは，中学年の外国語活動では，「相手に配慮しなが
ら」としていることを踏まえてのものである。中学年の外国語活動では，「聞
くこと」，「話すこと」を中心にコミュニケーションを図る体験をすることから，
目の前にいる「相手」が対象となるのに対して，高学年の外国語科では，「読
むこと」，「書くこと」も扱い，コミュニケーションを図る対象が必ずしも目の
前にいる「相手」とは限らないため，「他者」としている。また，高学年の外
国語科における，他者に「配慮しながら」とは，例えば「話すこと」や「聞く
こと」の活動であれば，相手の理解を確かめながら話したり，相手が言ったこ
とを共感的に受け止める言葉を返しながら聞いたりすることなどが考えられ
る。なお，中学校の外国語科では，「聞き手，読み手，話し手，書き手」とし
ているのは，五つの領域にわたってコミュニケーションを図る資質・能力をバ
ランスよく育成することや，領域統合型の言語活動を重視していることなどか
らである。
また，改訂前の高学年における外国語活動や中学校の外国語科では，「積極
的にコミュニケーションを図ろうとする態度」としていたが，今回の改訂で「主
体的に外国語を用いてコミュニケーションを図ろうとする態度」としたことに
留意する必要がある。「主体的に外国語を用いてコミュニケ―ションを図ろう
とする態度」とは，単に授業等において積極的に外国語を使ってコミュニケー
ションを図ろうとする態度のみならず，学校教育外においても，生涯にわたっ
第２章
外国語科の目標 て継続して外国語習得に取り組もうとするといった態度を養うことを目標とし
及び内容
ている。これは，学校教育法において，学力の重要な要素として「生涯にわた
り学習する基盤が培われるよう」，「主体的に学習に取り組む態度」を養うこと
を掲げていることを踏まえたものである。
このことを踏まえ，学びを人生や社会に生かそうとする「学びに向かう力，
人間性等」は，（1）「知識及び技能」及び（2）「思考力，判断力，表現力等」の
資質・能力を一体的に育成する過程を通して育成する必要がある。
74","['する', '文化', '言語', '背景', 'ある', '文化', '解説', 'する', 'いる', '今回', '改訂', 'よる', '外国語', '背景', 'ある', '文化', 'する', '意味合い', 'する', 'いる', '英語', '国際', '共通語', 'ある', 'こと', '踏まえる', '外国語', '背景', 'ある', '文化', '英語', '使う', 'コミュニケーション', '図る', '人々', '文化', 'いる', '理解', '深める', 'こと', 'ある', '他者', '配慮', 'する', '中学年', '外国語', '活動', '相手', '配慮', 'する', 'する', 'いる', 'こと', '踏まえる', 'もの', 'ある', '中学年', '外国語', '活動', '聞', 'くこ', '話す', 'こと', '中心', 'コミュニケーション', '図る', '体験', 'する', 'こと', '目', '前', 'いる', '相手', '対象', 'なる', '対する', '高学年', '外国語', '読', 'むこ', '書く', 'こと', '扱う', 'コミュニケーション', '図る', '対象', '目', '前', 'いる', '相手', '限る', 'ため', '他者', 'する', 'いる', '高学年', '外', '国語科', 'おく', '他者', '配慮', 'する', '話す', 'こと', '聞く', 'こと', '活動', 'ある', '相手', '理解', '確かめる', '話す', '相手', '言う', 'たこ', '共感的', '受け止める', '言葉', '返す', '聞く', 'する', 'こと', '考える', '中学校', '外国語', '聞き手', '読み手', '話し手', '書き手', 'する', 'いる', '五', '領域', 'わたる', 'コミュニケーション', '図る', '資質', '能力', 'バ', 'ランス', '育成', 'する', 'こと', '領域', '統合型', '言語', '活動', '重視', 'する', 'いる', 'こと', 'ある', '改訂', '前', '高学年', 'おく', '外国語', '活動', '中学校', '外国語', '積極', 'コミュニケーション', '図る', 'する', '態度', 'する', 'いる', '今回', '改訂', '主', '体', '外国語', '用いる', 'コミュニケーション', '図る', 'する', '態度', 'する', 'こと', '留意', 'する', '必要', 'ある', '主体的', '外国語', '用いる', 'コミュニケ', 'ション', '図る', 'する', '態度', '授業', 'おく', '積極的', '外国語', '使う', 'コミュニケー', 'ション', '図る', 'する', '態度', '学校教育', 'おく', '生涯', 'わたる', '2', '章', '外国語', '目標', '継続', 'する', '外国語', '習得', '取り組む', 'する', 'いう', '態度', '養う', 'こと', '目標', 'する', '内容', 'いる', '学校教育法', 'おく', '学力', '要素', 'する', '生涯', 'わた', '学習', 'する', '基盤', '培う', '主体的', '学習', '取り組む', '態度', '養う', 'こと', '掲げる', 'いる', 'こと', '踏まえる', 'もの', 'ある', 'こと', '踏まえる', '学び', '人生', '社会', '生かす', 'する', '学び', '向かう', '力', '人間性', '1', '知識', '技能', '2', '思考力', '判断力', '表現力', '資質', '能力', '一体的', '育成', 'する', '過程', '通す', '育成', 'する', '必要', 'ある', '74']"
2017,subject,5-6,2017_subject,18,pedagogical,"第 2 節 英 語
１ 目 標
英語では，前述の外国語科の目標を踏まえ，次のように具体的な目標を設定し
ている。
第２ 各言語の目標及び内容等
英 語
１ 目 標
英語学習の特質を踏まえ，以下に示す，聞くこと，読むこと，話すこ
と［やり取り］，話すこと［発表］，書くことの五つの領域別に設定する
目標の実現を目指した指導を通して，第１の（1）及び（2）に示す資質・
能力を一体的に育成するとともに，その過程を通して，第１の（3）に
示す資質・能力を育成する。
国が定める領域別の目標は，外国語教育の目標に沿って，外国語で聞いたり読
んだりして得た知識や情報，考えなどを的確に理解したり，それらを活用して適
切に表現し伝え合ったりすることで育成される「知識及び技能」と「思考力，判
断力，表現力等」について，高等学校卒業時において求められる資質・能力を明
確にした上で，それぞれの学校段階において設定することが大切である。このた
め，小学校段階から児童の発達の段階に応じて，「聞くこと」，「読むこと」，「話
すこと［やり取り］」，「話すこと［発表］」，「書くこと」の五つの領域ごとに，「知
識及び技能」と「思考力，判断力，表現力等」を一体的に育成する目標を設定し
２
ている。
英 語
改訂前の高学年における外国語活動は，「外国語の音声や基本的な表現に慣れ
親しむ」ことを目標としており，外国語でのコミュニケーションを体験させる際
には音声を中心としていた。本解説第２部第１章２（1）で述べたような成果と課
題を踏まえ，中学年から「聞くこと」，「話すこと」を中心とした外国語活動を通
して外国語に慣れ親しみ外国語学習への動機付けを高めた上で，高学年から発達
の段階に応じて段階的に文字を「読むこと」及び「書くこと」を加えて総合的・
系統的に扱う教科学習を行うこととした。また，教科に位置付けるに当たり，新
たに活字体で書かれた文字や単語などの認識，日本語と英語の音声の違いやそれ
ぞれの特徴への気付き，語順の違い等の文構造への気付きなど，言語能力向上の
観点から言葉の仕組みの理解などを促す指導を行うこととした。
75","['2', '節', '英', '語', '1', '目', '標', '英語', '前述', '外国語', '目標', '踏まえる', '次', '具体的', '目標', '設定', 'する', 'いる', '2', '言語', '目標', '内容', '英', '語', '1', '目', '標', '英語', '学習', '特質', '踏まえる', '以下', '示す', '聞く', 'こと', '読む', 'こと', '話す', 'こ', 'やり取り', '話す', 'こと', '発表', '書く', 'こと', '五', '領域', '別', '設定', 'する', '目標', '実現', '目指す', '指導', '通す', '1', '1', '2', '示す', '資質', '能力', '一体的', '育成', 'する', 'とも', '過程', '通す', '1', '3', '示す', '資質', '能力', '育成', 'する', '国', '定める', '領域', '別', '目標', '外国語', '教育', '目標', '沿う', '外国語', '聞く', '読', 'する', '得る', '知識', '情報', '考え', '理解', 'する', '活用', 'する', '適', '表現', 'する', '伝え合う', 'する', 'こと', '育成', 'する', '知識', '技能', '思考力', '判', '断', '表現力', 'つく', '高等学校卒業', '時', 'おく', '求める', '資質', '能力', '明', 'する', '上', 'それぞれ', '学校', '段階', 'おく', '設定', 'する', 'こと', 'ある', 'め', '小学校', '段階', '児童', '発達', '段階', '応ずる', '聞く', 'こと', '読む', 'こと', '話', 'こと', 'やり取り', '話す', 'こと', '発表', '書く', 'こと', '五', '領域', '知', '識', '技能', '思考力', '判断力', '表現力', '一体的', '育成', 'する', '目標', '設定', 'する', '2', 'いる', '英', '語', '改訂', '前', '高学年', 'おく', '外国語', '活動', '外国語', '音声', '基本的', '表現', '慣れる', '親しむ', 'こと', '目標', 'する', 'おる', '外国語', 'コミュニケーション', '体験', 'する', '際', '音声', '中心', 'する', 'いる', '解説', '2', '部', '1', '章', '2', '1', '述べる', '成果', '課', '題', '踏まえる', '中学年', '聞く', 'こと', '話す', 'こと', '中心', 'する', '外国語', '活動', '通', 'する', '外国語', '慣れ親しむ', '外国語', '学習', '動機付け', '高める', '上', '高学年', '発達', '段階', '応ずる', '段階的', '文字', '読む', 'こと', '書く', 'こと', '加える', '総合的', '系統的', '扱う', '教科', '学習', '行う', 'こと', 'する', '教科', '位置', '付ける', '当たる', 'たに', '活字体', '書く', '文字', '単語', '認識', '日本語', '英語', '音声', '違い', '特徴', '気付く', '語順', '違い', '文', '構造', '気付き', '言語', '能力', '向上', '観点', '言葉', '仕組み', '理解', '促す', '指導', '行う', 'こと', 'する', '75']"
2017,subject,5-6,2017_subject,19,pedagogical,"また，本解説第２部第２章第１節で述べたとおり，「知識及び技能」及び「思
考力，判断力，表現力等」の資質・能力を一体的に育成する過程を通して「学び
に向かう力，人間性等」の資質・能力を育成することを目指す必要があり，この
ことを明確に示した。
なお，以下の五つの領域別の目標に記されている「簡単な語句や基本的な表現」
とは，第２の２（1）に示されている語や連語，慣用表現，文を指している。
（1）聞くこと
ア ゆっくりはっきりと話されれば，自分のことや身近で簡単な事柄につい
て簡単な語句や基本的な表現を聞き取ることができるようにする。
この目標では，中学年の外国語活動で音声に十分慣れ親しんだことを踏まえ
て，簡単な語句や基本的な表現を聞き取ることができるようにすることを示し
ている。
中学校の外国語科の「聞くこと」の目標では「はっきり話されれば」とされ
ているのに対し，小学校の外国語科の「聞くこと」の目標では，「ゆっくりはっ
きりと話されれば」としているのは，明瞭な音声で聞き取りやすく話されるこ
とを前提条件として聞き取るということである。
また，高学年の外国語科では，自分のことや身近で簡単な事柄については，
簡単な語句にとどまらず，基本的な表現で話されたことについても聞き取るこ
とができるようにすることを求めている。これは，前述のように中学年の外国
語活動で音声に十分慣れ親しんできていることを踏まえてのものである。
また，中学年の外国語活動の「聞き取るようにする」段階から進み，高学年
第２章
外国語科の目標 の外国語科では「聞き取ることができるようにする」段階まで求めている。こ
及び内容
れは，第１の目標の（1）にも示されているとおり，「活用できる基礎的な技能
を身に付けるようにする」ことが求められているためである。ただし，初めて
教科として英語学習に取り組むことから，イラストや写真と結び付けるなどし
て，自分のことや身近で簡単な事柄について聞き取ることができたという達成
感を十分味わわせるようにすることが大切である。
イ ゆっくりはっきりと話されれば，日常生活に関する身近で簡単な事柄に
ついて，具体的な情報を聞き取ることができるようにする。
この目標では，アの項目を踏まえた上で，日常生活に関する身近で簡単な事
76","['解説', '2', '部', '2', '章', '1', '節', '述べる', 'とおり', '知識', '技能', '思', '考', '判断力', '表現力', '資質', '能力', '一体的', '育成', 'する', '過程', '通す', '学び', '向かう', '力', '人間性', '資質', '能力', '育成', 'する', 'こと', '目指す', '必要', 'ある', 'こと', '示す', '以下', '五', '領域', '別', '目標', '記す', 'いる', '語句', '基本的', '表現', '2', '2', '1', '示す', 'いる', '語', '連語', '慣用', '表現', '文', '指す', 'いる', '1', '聞く', 'こと', 'ア', '話す', '自分', 'こと', '事柄', 'つく', '語句', '基本的', '表現', '聞き取る', 'こと', 'できる', 'する', '目標', '中学年', '外国語', '活動', '音声', '慣れ親しむ', 'こと', '踏まえる', '語句', '基本的', '表現', '聞き取る', 'こと', 'できる', 'する', 'こと', '示す', 'いる', '中学校', '外国語', '聞く', 'こと', '目標', '話す', 'する', 'いる', '対する', '小学校', '外国語', '聞く', 'こと', '目標', 'はっ', '話す', 'する', 'いる', '音声', '聞き取る', '話す', '前提条件', 'する', '聞き取る', 'いう', 'こと', 'ある', '高学年', '外国語', '自分', 'こと', '事柄', 'つく', '語句', 'とどまる', '基本的', '表現', '話す', 'こと', 'つく', '聞き取る', 'こ', 'できる', 'する', 'こと', '求める', 'いる', '前述', '中学年', '外国', '語', '活動', '音声', '慣れ親しむ', 'くる', 'いる', 'こと', '踏まえる', 'もの', 'ある', '中学年', '外国語', '活動', '聞き取る', 'する', '段階', '進む', '高学年', '2', '章', '外国語', '目標', '外国語', '聞き取る', 'こと', 'できる', 'する', '段階', '求める', 'いる', '内容', '1', '目標', '1', '示す', 'いる', 'とおり', '活用', 'できる', '基礎的', '技能', '身', '付ける', 'する', 'こと', '求める', 'いる', 'ため', 'ある', '教科', 'する', '英語', '学習', '取り組む', 'こと', 'イラスト', '写真', '結び付ける', 'する', '自分', 'こと', '事柄', 'つく', '聞き取る', 'こと', 'できる', 'いう', '達成', '感', '味わう', 'する', 'こと', 'ある', 'イ', '話す', '日常生活', '関する', '事柄', 'つく', '具体的', '情報', '聞き取る', 'こと', 'できる', 'する', '目標', 'ア', '項目', '踏まえる', '上', '日常生活', '関する', '事', '76']"
2017,subject,5-6,2017_subject,20,pedagogical,"柄について，具体的な情報を聞き取ることができるようにすることとしている。
その際，初めて教科として外国語学習に取り組むことから，アと同様，「ゆっ
くりはっきりと話されれば」という前提条件のもと，あくまで高学年の児童に
とっての日常生活に関する事柄を扱うことが重要であり，その具体的な情報に
ついて聞き取ることとしている。なお，「日常生活に関する身近で簡単な事柄」
とは，例えば，食べることや食べ物，衣類を着ることや衣類，遊ぶことや遊び
の道具など，児童が日々の生活の中で繰り返す出来事や習慣的なこと，あるい
はその中で用いたり，接したりするものなどを指している。
また，ここでいう「具体的な情報」とは，誕生日や時刻，値段など児童の日
常生活と密接に関連した内容であることに留意する必要がある。そうした児童
の日常生活における身近な事柄であるからこそ，さらに情報を聞いてみたいと
いう意欲につながっていくのである。中学年の外国語活動で，簡単な語句を聞
き取ったり，基本的な表現の意味が分かったりすることが，高学年の外国語科
で，具体的な情報まで聞き取ることにつながっていくのである。また，このこ
とは，中学校の外国語科での（1）「聞くこと」アの必要な情報を聞き取る項目に
つながっていくものである。
ウ ゆっくりはっきりと話されれば，日常生活に関する身近で簡単な事柄に
ついて，短い話の概要を捉えることができるようにする。
この目標では，ア及びイの項目を踏まえた上で，日常生活に関する身近で簡
単な事柄について，短い話や説明であれば，その概要を捉えることができるよ
うにすることとしている。
ここでは，簡単な語句や基本的な表現で話される短い会話や説明を聞いて，
２
一語一語や一文一文の意味などにとらわれることなく，話されること全体の大
英 語
まかな内容が分かることを求めている。児童の発達の段階を踏まえ「日常生活
に関する身近で簡単な事柄」について「短い話の概要を捉えることができるよ
うにする」ことが，中学校の外国語科（1）「聞くこと」イの「日常的な話題につ
いて，話の概要を捉えることができる」ことにつながる。ただし，中学校の外
国語科（1）「聞くこと」イと異なり，音声だけで情報を捉えるのではなく，イラ
ストや写真などの視覚的な情報も参考にしながら話の概要を捉えることができ
るようにするとしている。
77","['柄', 'つく', '具体的', '情報', '聞き取る', 'こと', 'できる', 'する', 'こと', 'する', 'いる', '際', '教科', 'する', '外国語', '学習', '取り組む', 'こと', 'ア', 'ゆう', 'くり', '話す', 'いう', '前提条件', 'もと', '高学年', '児童', 'とる', '日常生活', '関する', '事柄', '扱う', 'こと', 'ある', '具体的', '情報', 'つく', '聞き取る', 'こと', 'する', 'いる', '日常生活', '関する', '事柄', '食べる', 'こと', '食べ物', '衣類', '着る', 'こと', '衣類', '遊ぶ', 'こと', '遊び', '道具', '児童', '日々', '生活', '中', '繰り返す', '出来事', '習慣', 'こと', 'ある', '中', '用いる', '接する', 'する', 'もの', '指す', 'いる', 'いう', '具体的', '情報', '誕生日', '時刻', '値段', '児童', '日', '常', '生活', '関連', 'する', '内容', 'ある', 'こと', '留意', 'する', '必要', 'ある', 'する', '児童', '日常生活', 'おく', '事柄', 'ある', '情報', '聞く', 'みる', 'いう', '意欲', 'つながる', 'いく', 'ある', '中学年', '外国語', '活動', '語句', '聞', '取る', '基本的', '表現', '意味', '分かる', 'する', 'こと', '高学年', '外国語', '具体的', '情報', '聞き取る', 'こと', 'つながる', 'いく', 'ある', 'このこ', '中学校', '外国語', '1', '聞く', 'こと', 'ア', '必要', '情報', '聞き取る', '項目', 'つながる', 'いく', 'もの', 'ある', 'ウ', '話す', '日常生活', '関する', '事柄', 'つく', '話', '概要', '捉える', 'こと', 'できる', 'する', '目標', 'ア', 'イ', '項目', '踏まえる', '上', '日常生活', '関する', '簡', '単', '事柄', 'つく', '話', '説明', 'ある', '概要', '捉える', 'こと', 'できる', 'うに', 'する', 'こと', 'する', 'いる', '語句', '基本的', '表現', '話す', '会話', '説明', '聞く', '2', '一語', '一', '語', '一', '文', '一', '文', '意味', 'とらわれる', 'こと', '話す', 'こと', '全体', '大', '英', '語', 'まかな', '内容', '分かる', 'こと', '求める', 'いる', '児童', '発達', '段階', '踏まえる', '日常生活', '関する', '事柄', 'つく', '話', '概要', '捉える', 'こと', 'できる', 'うに', 'する', 'こと', '中学校', '外国語', '1', '聞く', 'こと', 'イ', '日常的', '話題', 'いる', '話', '概要', '捉える', 'こと', 'できる', 'こと', 'つながる', '中学校', '外', '国語科', '1', '聞く', 'こと', 'イ', '異なる', '音声', '情報', '捉える', 'イラ', 'スト', '写真', '視覚的', '情報', '参考', 'する', '話', '概要', '捉える', 'こと', 'できる', 'する', 'する', 'いる', '77']"
2017,subject,5-6,2017_subject,21,pedagogical,"（2）読むこと
ア 活字体で書かれた文字を識別し，その読み方を発音することができるよ
うにする。
この目標は，活字体で書かれた文字の形の違いを識別し，文字を見てその名
称を発音できることを示している。英語の文字には，名称以外に，語の中で用
いられる場合の文字が示す音がある。例えば，aやcという文字は，/ei/や/siː/
という名称があると同時に，語の中では/æ/（例：bag，apple）や/ei/（例：
station，brave），/s/（例：circle，city）や/k/（例：cap，music）という音をもっ
ている。この目標における「読み方」とは，音ではなく，文字の名称の読み方
を指していることに留意する必要がある。これは，中学年の外国語活動におい
て，文字の読み方が発音されるのを聞いて，どの文字であるかが分かるように
することが目標とされていることを踏まえてのものである。
イ 音声で十分に慣れ親しんだ簡単な語句や基本的な表現の意味が分かるよ
うにする。
この目標は，中学年の外国語活動の「聞くこと」，「話すこと」の学習活動を
通して，音声で十分に慣れ親しんだ簡単な語句や基本的な表現の意味が分かる
ようにすることを示している。日常生活に関する身近で簡単な事柄について，
掲示，パンフレットなどから自分が必要とする情報を得たり，絵本などに書か
れている簡単な語句や基本的な表現を識別したりするなど，言語外情報を伴っ
て示された語句や表現を推測して読むようにすることを示している。
第２章
外国語科の目標 アの項目で示したように，英語の文字には，名称と音がある。児童が語句や
及び内容
表現の意味が分かるようになるためには，当然のことながらその語句や表現を
発音する必要があり，文字の音の読み方は，そのための手掛かりとなる。した
がって，ここで示された目標に関して指導する際には，児童の学習の段階に応
じて，語の中で用いられる場合の文字が示す音の読み方を指導することとする。
その際，中学校で発音と綴りとを関連付けて指導することに留意し，小学校で
は音声と文字とを関連付ける指導に留めることに留意する必要がある。
（3）話すこと［やり取り］
ア 基本的な表現を用いて指示，依頼をしたり，それらに応じたりすること
78","['2', '読む', 'こと', 'ア', '活字体', '書く', '文字', '識別', 'する', '読み方', '発音', 'する', 'こと', 'できる', 'うに', 'する', '目標', '活字体', '書く', '文字', '形', '違い', '識別', 'する', '文字', '見る', '名', '称', '発音', 'できる', 'こと', '示す', 'いる', '英語', '文字', '名称', '以外', '語', '中', '用', 'いる', '場合', '文字', '示す', '音', 'ある', 'a', 'c', 'いう', '文字', 'ei', 'Si', 'いう', '名称', 'ある', '同時', '語', '中', 'æ', '例', 'BAG', 'Apple', 'ei', '例', 'STATION', 'Brave', 's', '例', 'circle', 'CITY', 'k', '例', 'CAP', 'MUSIC', 'いう', '音', 'もつ', 'いる', '目標', 'おく', '読み方', '音', '文字', '名称', '読み方', '指す', 'いる', 'こと', '留意', 'する', '必要', 'ある', '中学年', '外国語', '活動', '文字', '読み方', '発音', 'する', '聞く', '文字', 'ある', '分かる', 'する', 'こと', '目標', 'する', 'いる', 'こと', '踏まえる', 'もの', 'ある', 'イ', '音声', '慣れ親しむ', '語句', '基本的', '表現', '意味', '分かる', 'うに', 'する', '目標', '中学年', '外国語', '活動', '聞く', 'こと', '話す', 'こと', '学習', '活動', '通す', '音声', '慣れ親しむ', '語句', '基本的', '表現', '意味', '分かる', 'する', 'こと', '示す', 'いる', '日常生活', '関する', '事柄', 'つく', '掲示', 'パンフレット', '自分', '必要', 'する', '情報', '得る', '絵本', '書く', 'いる', '語句', '基本的', '表現', '識別', 'する', 'する', '言語', '情報', '伴う', '示す', '語句', '表現', '推測', 'する', '読む', 'する', 'こと', '示す', 'いる', '2', '章', '外国語', '目標', 'ア', '項目', '示す', '英語', '文字', '名称', '音', 'ある', '児童', '語句', '内容', '表現', '意味', '分かる', 'なる', 'ため', 'こと', '語句', '表現', '発音', 'する', '必要', 'ある', '文字', '音', '読み方', 'ため', '手掛かり', 'なる', 'する', '示す', '目標', '関する', '指導', 'する', '際', '児童', '学習', '段階', '応', '語', '中', '用いる', '場合', '文字', '示す', '音', '読み方', '指導', 'する', 'こと', 'する', '際', '中学校', '発音', '綴り', '関連', '付ける', '指導', 'する', 'こと', '留意', 'する', '小学校', '音声', '文字', '関連', '付ける', '指導', '留める', 'こと', '留意', 'する', '必要', 'ある', '3', '話す', 'こと', 'やり取り', 'ア', '基本的', '表現', '用いる', '指示', '依頼', 'する', '応ずる', 'する', 'こと', '78']"
2017,subject,5-6,2017_subject,22,pedagogical,"ができるようにする。
この目標では，中学年の外国語活動での（2）「話すこと［やり取り］」アの項
目の指導を踏まえて，基本的な表現を用いて指示，依頼をしたり，それらに応
じたりすることができるようにすることを示している。
中学年の外国語活動では知り合いとの挨拶であったのに対して，ここでは，
クラス替えによる新しい友達や新しく赴任したＡＬＴ等の初対面の人に対して
も，物怖じしないで，挨拶ができるようにすることを想定している。
また，中学年の外国語活動では指示や依頼に応じる活動であったが，ここで
は，応じたり断ったりすることもできるようになることを求めている。相手の
依頼に対して，自分で考え判断して，伝えるといったことを大切にしたやり取
りが求められる。
イ 日常生活に関する身近で簡単な事柄について，自分の考えや気持ちなど
を，簡単な語句や基本的な表現を用いて伝え合うことができるようにする。
この目標では，（1）「聞くこと」イの項目と同様に，児童にとっての日常生活
に関する事柄を扱うこととしており，それらについて自分の考えや気持ちを伝
え合うことができるようにすることを示している。
高学年の外国語科での「話すこと［やり取り］」では，中学年の身の回りの
ことから発展して，日常生活に関する身近で簡単な事柄について，自分の考え
や気持ちなどを伝え合うことを求めている。ここでの「日常生活に関する身近
で簡単な事柄」とは，（1）「聞くこと」イと同様に，日々の生活の中で児童が繰
り返す出来事や習慣的なこと，あるいはその中で用いたり，接したりするもの
２
などを指している。そのような事柄について，自分の考えや気持ちなどを伝え
英 語
合う必然性のある活動となるよう工夫する必要がある。
ウ 自分や相手のこと及び身の回りの物に関する事柄について，簡単な語句
や基本的な表現を用いてその場で質問をしたり質問に答えたりして，伝え
合うことができるようにする。
この目標では，ア及びイの項目を踏まえた上で，自分のことや身の回りの物
に関する事柄について，その場で質問したり，質問に答えたりして，伝え合う
ことができるようにすることを示している。
中学年では，外国語学習を開始したばかりであるため，まずは英語を使って
79","['できる', 'する', '目標', '中学年', '外国語', '活動', '2', '話す', 'こと', 'やり取り', 'ア', '項', '目', '指導', '踏まえる', '基本的', '表現', '用いる', '指示', '依頼', 'する', '応', 'する', 'こと', 'できる', 'する', 'こと', '示す', 'いる', '中学', '年', '外国語', '活動', '知り合い', '挨拶', 'ある', '対する', 'クラス', '替え', 'よる', '友達', '赴任', 'する', 'Alt', '初', '対面', '人', '対する', '物怖じ', 'する', '挨拶', 'できる', 'する', 'こと', '想定', 'する', 'いる', '中学年', '外国語', '活動', '指示', '依頼', '応じる', '活動', 'ある', '応ずる', '断る', 'する', 'こと', 'できる', 'なる', 'こと', '求める', 'いる', '相手', '依頼', '対する', '自分', '考える', '判断', 'する', '伝える', 'いう', 'こと', 'する', 'やる', '求める', 'イ', '日常生活', '関する', '事柄', 'つく', '自分', '考え', '気持ち', '語句', '基本的', '表現', '用いる', '伝え合う', 'こと', 'できる', 'する', '目標', '1', '聞く', 'こと', 'イ', '項目', '児童', 'とる', '日常生活', '関する', '事柄', '扱う', 'こと', 'する', 'おる', 'つく', '自分', '考え', '気持ち', '伝', '合う', 'こと', 'できる', 'する', 'こと', '示す', 'いる', '高学年', '外国語', '話す', 'こと', 'やり取り', '中学年', '身の回り', 'こと', '発展', 'する', '日常生活', '関する', '事柄', 'つく', '自分', '考え', '気持ち', '伝え合う', 'こと', '求める', 'いる', '日常生活', '関する', '事柄', '1', '聞く', 'こと', 'イ', '日々', '生活', '中', '児童', '繰', '返す', '出来事', '習慣', 'こと', '中', '用いる', '接する', 'する', 'もの', '2', '指す', 'いる', '事柄', 'つく', '自分', '考え', '気持ち', '伝える', '英', '語', '合う', '必然性', 'ある', '活動', 'なる', '工夫', 'する', '必要', 'ある', 'ウ', '自分', '相手', 'こと', '身の回り', '物', '関する', '事柄', 'つく', '語句', '基本的', '表現', '用いる', '場', '質問', 'する', '質問', '答える', 'する', '伝える', '合う', 'こと', 'できる', 'する', '目標', 'ア', 'イ', '項目', '踏まえる', '上', '自分', 'こと', '身の回り', '物', '関する', '事柄', 'つく', '場', '質問', 'する', '質問', '答える', 'する', '伝え合う', 'こと', 'できる', 'する', 'こと', '示す', 'いる', '中学', '年', '外国語', '学習', '開始', 'する', 'ある', 'ため', '英語', '使う', '79']"
2017,subject,5-6,2017_subject,23,pedagogical,"やり取りができたという達成感をもたせるために，教師や友達のサポートを受
けながら，やり取りを進めていく。それに対して，高学年の外国語科では，中
学年での２年間のやり取りの経験やア及びイを踏まえ，質問したいことを自分
で考えて質問したり，質問に対して自分で考えて答えたりし，自分の力で伝え
合うことを目指している。その際，簡単な語句や基本的な表現を用いてのやり
取りではあるが，その場で質問したり，答えたりすることができるようになる
ことを求めている。「その場で」というのは，相手とのやり取りの際，それま
での学習や経験で蓄積した英語での話す力・聞く力を駆使して，自分の力で質
問したり，答えたりすることができるようになることを指している。また，こ
こでのやり取りが，中学校の外国語科での簡単な語句や文を用いて即興で話す
ことへとつながっていく。
（4）話すこと［発表］
ア 日常生活に関する身近で簡単な事柄について，簡単な語句や基本的な表
現を用いて話すことができるようにする。
この目標では，中学年の外国語活動での（3）「話すこと［発表］」アの項目を
踏まえて，日常生活に関する身近で簡単な事柄について，簡単な語句や基本的
な表現を用いて話すことができるようにすることを示している。その際，あく
まで高学年の児童にとっての日常生活に関する事柄を内容としており，中学年
の外国語活動での「外国語を使って人前で実物などを見ながら話す活動に十分
慣れ親しむ」経験を踏まえていることが重要である。
また，簡単な語句や基本的な表現を用いて英語で発表したことが，高学年の
第２章
外国語科の目標 児童にとっての大きな喜びとなり，ひいては外国語学習の意欲につながること
及び内容
が期待される。
イ 自分のことについて，伝えようとする内容を整理した上で，簡単な語句
や基本的な表現を用いて話すことができるようにする。
この目標では，アの項目を踏まえた上で，自分のことについて，伝えようと
することを整理して，簡単な語句や基本的な表現を用いて話すことができるよ
うにすることを示している。
中学年の外国語活動の（3）「話すこと［発表］」イの項目を踏まえ，高学年の
外国語科では，例えば自己紹介等で，趣味や得意なことなど，伝える事項が複
80","['やり取り', 'できる', 'いう', '達成感', 'もつ', 'ため', '教師', '友達', 'サポート', '受る', 'け', 'やり取り', '進める', 'いく', '対する', '高学年', '外国語', '中', '学年', '2', '年間', 'やり取り', '経験', 'ア', 'イ', '踏まえる', '質問', 'する', 'こと', '自分', '考える', '質問', 'する', '質問', '対する', '自分', '考える', '答える', 'する', '自分', '力', '伝える', '合う', 'こと', '目指す', 'いる', '際', '語句', '基本的', '表現', '用いる', 'やる', '取り', 'ある', '場', '質問', 'する', '答える', 'する', 'こと', 'できる', 'なる', 'こと', '求める', 'いる', '場', 'いう', '相手', 'やり取り', '際', '学習', '経験', '蓄積', 'する', '英語', '話す', '力', '聞く', '力', '駆使', 'する', '自分', '力', '質', '問', 'する', '答える', 'する', 'こと', 'できる', 'なる', 'こと', '指す', 'いる', 'こ', 'こ', 'やり取り', '中学校', '外国語', '語句', '文', '用いる', '即興', '話す', 'こと', 'つながる', 'いく', '4', '話す', 'こと', '発表', 'ア', '日常生活', '関する', '事柄', 'つく', '語句', '基本的', '表', '現', '用いる', '話す', 'こと', 'できる', 'する', '目標', '中学年', '外国語', '活動', '3', '話す', 'こと', '発表', 'ア', '項目', '踏まえる', '日常生活', '関する', '事柄', 'つく', '語句', '基本的', '表現', '用いる', '話す', 'こと', 'できる', 'する', 'こと', '示す', 'いる', '際', 'あく', '高学年', '児童', 'とる', '日常生活', '関する', '事柄', '内容', 'する', 'おる', '中学年', '外国語', '活動', '外国語', '使う', '人前', '実物', '見る', '話す', '活動', '慣れ親しむ', '経験', '踏まえる', 'いる', 'こと', 'ある', '語句', '基本的', '表現', '用いる', '英語', '発表', 'する', 'こと', '高学年', '2', '章', '外国語', '目標', '児童', 'とる', '喜び', 'なる', '外国語', '学習', '意欲', 'つながる', 'こと', '内容', '期待', 'する', 'イ', '自分', 'こと', 'つく', '伝える', 'する', '内容', '整理', 'する', '上', '語句', '基本的', '表現', '用いる', '話す', 'こと', 'できる', 'する', '目標', 'ア', '項目', '踏まえる', '上', '自分', 'こと', 'つく', '伝える', 'する', 'こと', '整理', 'する', '語句', '基本的', '表現', '用いる', '話す', 'こと', 'できる', 'うに', 'する', 'こと', '示す', 'いる', '中学', '年', '外国語', '活動', '3', '話す', 'こと', '発表', 'イ', '項目', '踏まえる', '高学年', '外国語', '自己', '紹介', '趣味', '得意', 'こと', '伝える', '事項', '複', '80']"
2017,subject,5-6,2017_subject,24,pedagogical,"数あるとき，伝えたいことを整理して話すことができるようにすることを求め
ている。ここでいう「整理」とは，聞き手に分かりやすく伝わるように複数あ
るものの順番を決めたり，選んだりすることを表している。
ウ 身近で簡単な事柄について，伝えようとする内容を整理した上で，自分
の考えや気持ちなどを，簡単な語句や基本的な表現を用いて話すことがで
きるようにする。
この目標では，ア及びイの項目を踏まえた上で，身近で簡単な事柄について，
伝えようとすることを整理した上で，自分の考えや気持ちなどを，簡単な語句
や基本的な表現を用いて話すことができるようにすることを示している。
中学年の外国語活動の（3）「話すこと［発表］」ウの項目では，人前で実物を
見せながら，自分の考えや気持ちなどを簡単な語句や基本的な表現を用いて話
すことを目指しているが，これを受けて高学年の外国語科では，学校生活や地
域に関することで伝えたいことを整理して話すことができることに発展してい
る。
ここでは，単に学校生活や地域に関する事実などを発表するだけではなく，
簡単な語句や基本的な表現であっても自分の考えや気持ちなどを聞き手に分か
りやすく整理して，人前で話す場合も含めて，話すことができることを目指し
ている。
また，この項目は，中学校の外国語科での（4）「話すこと［発表］」イ「日常
的な話題について，事実や自分の考え，気持ちなどを整理し，簡単な語句や文
を用いてまとまりのある内容を話すことができるようにする」につながるもの
である。
２
英 語
（5）書くこと
ア 大文字，小文字を活字体で書くことができるようにする。また，語順を
意識しながら音声で十分に慣れ親しんだ簡単な語句や基本的な表現を書き
写すことができるようにする。
この目標は，大文字及び小文字を正しく書き分けること，語順を意識しなが
ら，語と語の区切りに注意して，音声で十分に慣れ親しんだ簡単な語句や基本
的な表現を書き写すことができるようにすることを示している。
文字を書く指導に当たり，大文字，小文字を活字体で書かせる際には，「a，
81","['数', 'ある', 'とき', '伝える', 'こと', '整理', 'する', '話す', 'こと', 'できる', 'する', 'こと', '求める', 'いる', 'いう', '整理', '聞き手', '分かる', '伝わる', '複数', 'もの', '順番', '決める', '選ぶ', 'する', 'こと', '表す', 'いる', 'ウ', '事柄', 'つく', '伝える', 'する', '内容', '整理', 'する', '上', '自分', '考え', '気持ち', '語句', '基本的', '表現', '用いる', '話す', 'こと', 'きる', 'する', '目標', 'ア', 'イ', '項目', '踏まえる', '上', '事柄', 'つく', '伝える', 'する', 'こと', '整理', 'する', '上', '自分', '考え', '気持ち', '語句', '基本的', '表現', '用いる', '話す', 'こと', 'できる', 'する', 'こと', '示す', 'いる', '中学', '年', '外国語', '活動', '3', '話す', 'こと', '発表', 'ウ', '項目', '人前', '実物', '見せる', '自分', '考え', '気持ち', '語句', '基本的', '表現', '用いる', '話', 'こと', '目指す', 'いる', '受ける', '高学年', '外国語', '学校', '生活', '地', '域', '関する', 'こと', '伝える', 'こと', '整理', 'する', '話す', 'こと', 'できる', 'こと', '発展', 'する', 'いる', '学校', '生活', '地域', '関する', '事実', '発表', 'する', '語句', '基本的', '表現', 'ある', '自分', '考え', '気持ち', '聞き手', '分', '整理', 'する', '人前', '話す', '場合', '含める', '話す', 'こと', 'できる', 'こと', '目指す', 'いる', '項目', '中学校', '外国語', '4', '話す', 'こと', '発表', 'イ', '日常', '話題', 'つく', '事実', '自分', '考える', '気持ち', '整理', 'する', '語句', '文', '用いる', 'まとまり', 'ある', '内容', '話す', 'こと', 'できる', 'する', 'つながる', 'もの', 'ある', '2', '英', '語', '5', '書く', 'こと', 'ア', '大文字', '小文字', '活字体', '書く', 'こと', 'できる', 'する', '語順', '意識', 'する', '音声', '慣れ親しむ', '語句', '基本的', '表現', '書く', '写す', 'こと', 'できる', 'する', '目標', '大文字', '小文字', '書き分ける', 'こと', '語順', '意識', 'する', '語', '語', '区切り', '注意', 'する', '音声', '慣れ親しむ', '語句', '基本', '表現', '書き写す', 'こと', 'できる', 'する', 'こと', '示す', 'いる', '文字', '書く', '指導', '当たる', '大文字', '小文字', '活字体', '書く', '際', 'a', '81']"
2017,subject,5-6,2017_subject,25,pedagogical,"c，e」，「f，l」，「g，y」など文字の高さの違いを意識させたり，「p，q」，「b，d」
など紛らわしい形などを意識させたりするなど，指導の工夫をする必要がある。
また，Aaからアルファベット順に指導すべきものと考えるのではなく，どの
文字から書く指導をした方が児童にとって効果的であるかを考えることも大切
である。例えば，A，H，Iなどの左右対称の文字，Cc，Jj，Kkなどの大文字
と小文字の形がほぼ同じ文字等，文字の形の特徴を捉えて指導するなど工夫す
ることが大切である。
また，「語順を意識しながら」としたのは，“Sakura pushed Taku.”を，“Taku
pushed Sakura.”と語の順序を替えれば，意味が大きく異なってしまうように，
英語では意味の伝達において語順が重要な役割を担っているからである。なお，
児童に英語の文構造を理解させるために，語の配列等の特徴を日本語との比較
の中で捉えて指導を行うことも有効である。
イ 自分のことや身近で簡単な事柄について，例文を参考に，音声で十分に
慣れ親しんだ簡単な語句や基本的な表現を用いて書くことができるように
する。
この目標は，英語で書かれた文，又はまとまりのある文章を参考にして，そ
の中の一部の語，あるいは一文を自分が表現したい内容のものに置き換えて文
や文章を書くことができるようにすることを示している。
例えば，名前や年齢，趣味，好き嫌いなど自分に関する事柄について，英語
で書かれた文，又はまとまりのある文章の一部を，例示された語句，あるいは
文の中から選んだものに置き換えて，自分に関する文や文章を書く活動が考え
られる。その際，例示された中に児童の表現したい語句，又は文がない場合は，
第２章
外国語科の目標 指導者が個別に書きたい語句を英語で提示するなど，児童の積極的に書こうと
及び内容
する気持ちに柔軟に対応する必要がある。
82","['c', 'e', 'f', 'l', 'g', 'y', '文字', '高さ', '違い', '意識', 'する', 'p', 'q', 'b', 'd', '形', '意識', 'する', 'する', '指導', '工夫', 'する', '必要', 'ある', 'AA', 'アルファベット順', '指導', 'す', 'もの', '考える', '文字', '書く', '指導', 'する', '方', '児童', 'とる', '効果的', 'ある', '考える', 'こと', 'ある', 'a', 'H', 'I', '左右対称', '文字', 'CC', 'JJ', 'KK', '大文字', '小文字', '形', '文字', '文字', '形', '特徴', '捉える', '指導', 'する', '工夫', 'す', 'こと', 'ある', '語順', '意識', 'する', 'する', 'SAKURA', 'pushed', 'taku', 'taku', 'pushed', 'SAKURA', '語', '順序', '替える', '意味', '異なる', 'しまう', '英語', '意味', '伝達', 'おく', '語順', '役割', '担う', 'いる', 'ある', '児童', '英語', '文', '構造', '理解', 'する', 'ため', '語', '配列', '特徴', '日本語', '比較', '中', '捉える', '指導', '行う', 'こと', 'ある', 'イ', '自分', 'こと', '事柄', 'つく', '例文', '参考', '音声', '慣れ親しむ', '語句', '基本的', '表現', '用いる', '書く', 'こと', 'できる', 'する', '目標', '英語', '書く', '文', 'まとまり', 'ある', '文章', '参考', 'する', '中', '一部', '語', '一', '文', '自分', '表現', 'する', '内容', 'もの', '置き換える', '文', '文章', '書く', 'こと', 'できる', 'する', 'こと', '示す', 'いる', '名前', '年齢', '趣味', '好き嫌い', '自分', '関する', '事柄', 'つく', '英語', '書く', '文', 'まとまり', 'ある', '文章', '一部', '例示', 'する', '語句', '文', '中', '選ぶ', 'もの', '置き換える', '自分', '関する', '文', '文章', '書く', '活動', '考える', '際', '例示', 'する', '中', '児童', '表現', 'する', '語句', '文', '場合', '2', '章', '外国語', '目標', '指導者', '個別', '書く', '語句', '英語', '提示', 'する', '児童', '積極的', '書く', '内容', 'する', '気持ち', '対応', 'する', '必要', 'ある', '82']"
2017,subject,5-6,2017_subject,26,pedagogical,"２ 内 容
〔第５学年及び第６学年〕
〔知識及び技能〕
（1）英語の特徴やきまりに関する事項
（1）英語の特徴やきまりに関する事項
実際に英語を用いた言語活動を通して，次に示す言語材料のうち，１に
示す五つの領域別の目標を達成するのにふさわしいものについて理解する
とともに，言語材料と言語活動とを効果的に関連付け，実際のコミュニケー
ションにおいて活用できる技能を身に付けることができるよう指導する。
前述のように，高学年では，外国語科において身に付けるべき資質・能力と
して，コミュニケーションを図る基礎を育成することを目標としており，「知
識及び技能」としては，「外国語の音声や文字，語彙，表現，文構造，言語の
働きなどについて，日本語と外国語との違いに気付き，これらの知識を理解す
るとともに，読むこと，書くことに慣れ親しみ，聞くこと，読むこと，話すこ
と，書くことによる実際のコミュニケーションにおいて活用できる基礎的な技
能を身に付けるようにする」としている。これらの内容としては，英語の特徴
やきまりに関する事項として，言語材料を示している。これらは，中学年の外
国語活動において「言語を用いて主体的にコミュニケ―ションを図ることの楽
しさや大切さを知ること」，「日本と外国の言語や文化について理解すること」
に分けて示されている「知識及び技能」が身に付いていることを踏まえてのも
２
のである。
英 語
これらの言語材料のうち，１に示した五つの領域のそれぞれの目標を達成す
るのに適切なものを選択して理解させるとともに，個別の知識や技能としての
みならず，獲得した知識や技能が実際のコミュニケーションで活用できるよう
に指導することが大切である。なお，その際，言語材料を言語活動と切り離し
て，「知識及び技能」として個別に指導するのではなく，常に言語活動と併せ
て指導することが大切であることから，「言語材料と言語活動とを効果的に関
連付け」て指導することとしている。
また，次に示す言語材料は，引き続き中学校の外国語科においても言語活動
を通して，実際のコミュニケ―ションにおいて活用できる技能を身に付けるこ
とができるよう指導することとしている。
83","['2', '内', '容', '5', '学年', '6', '学年', '知識', '技能', '1', '英語', '特徴', 'きまり', '関する', '事項', '1', '英語', '特徴', 'きまり', '関する', '事項', '実際', '英語', '用いる', '言語', '活動', '通す', '次', '示す', '言語', '材料', 'うち', '1', '示す', '五', '領域', '別', '目標', '達成', 'する', 'もの', 'つく', '理解', 'する', 'とも', '言語', '材料', '言語', '活動', '効果的', '関連', '付ける', '実際', 'コミュニケー', 'ション', 'おく', '活用', 'できる', '技能', '身', '付ける', 'こと', 'できる', '指導', 'する', '前述', '高学年', '外国語', 'おく', '身', '付ける', '資質', '能力', 'する', 'コミュニケーション', '図る', '基礎', '育成', 'する', 'こと', '目標', 'する', 'おる', '知', '識', '技能', 'する', '外国語', '音声', '文字', '語彙', '表現', '文', '構造', '言語', '働き', 'つく', '日本語', '外国語', '違い', '気付く', '知識', '理解', 'す', 'とも', '読む', 'こと', '書く', 'こと', '慣れ親しむ', '聞く', 'こと', '読む', 'こと', '話す', 'こ', '書く', 'こと', 'よる', '実際', 'コミュニケーション', 'おく', '活用', 'できる', '基礎的', '技', '能', '身', '付ける', 'する', 'する', 'いる', '内容', 'する', '英語', '特徴', 'きまり', '関する', '事項', 'する', '言語', '材料', '示す', 'いる', '中学年', '外', '国語', '活動', 'おく', '言語', '用いる', '主体的', 'コミュニケ', 'ション', '図る', 'こと', '楽', 'する', '知る', 'こと', '日本', '外国', '言語', '文化', 'つく', '理解', 'する', 'こと', '分ける', '示す', 'いる', '知識', '技能', '身', '付く', 'いる', 'こと', '踏まえる', '2', 'ある', '英', '語', '言語', '材料', 'うち', '1', '示す', '五', '領域', 'それぞれ', '目標', '達成', 'す', 'もの', '選択', 'する', '理解', 'する', 'とも', '個別', '知識', '技能', 'する', 'み', '獲得', 'する', '知識', '技能', '実際', 'コミュニケーション', '活用', 'できる', '指導', 'する', 'こと', 'ある', '際', '言語', '材料', '言語', '活動', '切り離す', '知識', '技能', 'する', '個別', '指導', 'する', '常', '言語', '活動', '併せる', '指導', 'する', 'こと', 'ある', 'こと', '言語', '材料', '言語', '活動', '効果的', '関', '連', '付け', '指導', 'する', 'こと', 'する', 'いる', '次', '示す', '言語', '材料', '引き続く', '中学校', '外国語', 'おく', '言語', '活動', '通す', '実際', 'コミュニケ', 'ション', 'おく', '活用', 'できる', '技能', '身', '付ける', 'こ', 'できる', '指導', 'する', 'こと', 'する', 'いる', '83']"
2017,subject,5-6,2017_subject,27,pedagogical,"ア 音声
次に示す事項のうち基本的な語や句，文について取り扱うこと。
（ｱ）現代の標準的な発音
英語は世界中で広く日常的なコミュニケーションの手段として使用され，そ
の使われ方も様々であり，発音や用法などの多様性に富んだ言語である。その
多様性に富んだ現代の英語の発音の中でも，特定の地域やグループの人々の発
音に偏ったり，口語的過ぎたりしない，いわゆる標準的な発音を指導するもの
とし，多様な人々とのコミュニケーションが可能となる発音を身に付けさせる
ことを示している。その際，catの母音やmathのthの子音など日本語の発音
にはない母音や子音があること，また，日本語とは異なり，likeやmusicのよ
うに発音が子音で終わったりすることなど，日本語と英語の音声の特徴や違い
に気付かせることに十分留意する必要がある。例えば，singerやsix，easyな
どの語の/si/や/zi/を，日本語の「し」や「じ」と同じように，/ʃi/や/dʒi/と
発音しないように注意する必要がある。
小学校の外国語科では，第２の１（1）「聞くこと」，（3）「話すこと［やり取り］」
及び（4）「話すこと［発表］」で示された領域別の目標を達成するのにふさわし
い語の発音を扱うものとする。また，第２の１（2）「読むこと」アの項目で，「活
字体で書かれた文字を識別し，その読み方を発音することができるようにする」
と示されていることを踏まえて，FやKという文字を見て/ef/や/kei/と発音
するといった文字の名称の読み方を扱うものとする。文字の名称の読み方を指
導する際には，小学校第3学年の国語科において日本語のローマ字表記が扱わ
れていることを踏まえ，特にa，e，i，o，uなどの母音字について，日本語のロー
第２章
外国語科の目標 マ字表記の読み方と英語の文字の名称の読み方が異なることに留意して指導す
及び内容
ることが必要である。
なお，中学校の外国語科においても同じ指導事項が挙げられているが，中学
校段階では，母音や子音の種類や数が英語と日本語では異なっていることや，
例えばschoolやstreet，booksなどのように英語では子音が続いたりすること
など，日本語と英語の音声の特徴や違いに十分留意して指導することが求めら
れている。
（ｲ）語と語の連結による音の変化
英語を話すときには，一語一語を切り離して発音せず，複数の語を連続して
84","['ア', '音声', '次', '示す', '事項', 'うち', '基本的', '語', '句', '文', 'つく', '取り扱う', 'こと', 'ア', '現代', '標準的', '発音', '英語', '世界中', '日常的', 'コミュニケーション', '手段', 'する', '使用', 'する', '使う', 'ある', '発音', '用法', '多様性', '富む', '言語', 'ある', '多様性', '富む', '現代', '英語', '発音', '中', '特定', '地域', 'グループ', '人々', '音', '偏る', '口語', '過ぎる', 'する', '標準的', '発音', '指導', 'する', 'もの', 'する', '人々', 'コミュニケーション', 'なる', '発音', '身', '付ける', 'こと', '示す', 'いる', '際', 'CAT', '母音', 'math', 'TH', '子音', '日本語', '発音', '母音', '子音', 'ある', 'こと', '日本語', '異なる', 'like', 'MUSIC', 'うに', '発音', '子音', '終わる', 'する', 'こと', '日本語', '英語', '音声', '特徴', '違い', '気付く', 'こと', '留意', 'する', '必要', 'ある', 'singer', 'SIX', 'easy', '語', 'Si', 'zi', '日本語', 'する', 'じ', 'I', 'd', 'I', '発音', 'する', '注意', 'する', '必要', 'ある', '小学校', '外国語', '2', '1', '1', '聞く', 'こと', '3', '話す', 'こと', 'やり取り', '4', '話す', 'こと', '発表', '示す', '領域', '別', '目標', '達成', 'する', '語', '発音', '扱う', 'もの', 'する', '2', '1', '2', '読む', 'こと', 'ア', '項目', '字体', '書く', '文字', '識別', 'する', '読み方', '発音', 'する', 'こと', 'できる', 'する', '示す', 'いる', 'こと', '踏まえる', 'f', 'k', 'いう', '文字', '見る', 'EF', 'kei', '発音', 'する', 'いう', '文字', '名称', '読み方', '扱う', 'もの', 'する', '文字', '名称', '読み方', '指', '導', 'する', '際', '小学校', '3', '学年', '国語科', 'おく', '日本語', 'ローマ字', '表記', '扱う', 'いる', 'こと', '踏まえる', 'a', 'e', 'I', 'o', 'u', '母音', '字', 'つく', '日本語', 'ロー', '2', '章', '外国語', '目標', 'マ', '字', '表記', '読み方', '英語', '文字', '名称', '読み方', '異なる', 'こと', '留意', 'する', '指導', 'す', '内容', 'こと', '必要', 'ある', '中学校', '外国語', 'おく', '指導事項', '挙げる', 'いる', '中学', '段階', '母音', '子音', '種類', '数', '英語', '日本語', '異なる', 'いる', 'こと', 'school', 'Street', 'books', '英語', '子音', '続く', 'する', 'こと', '日本語', '英語', '音声', '特徴', '違い', '留意', 'する', '指導', 'する', 'こと', '求める', 'いる', 'イ', '語', '語', '連結', 'よる', '音', '変化', '英語', '話す', 'とき', '一', '語', '一', '語', '切り離す', '発音', 'する', '複数', '語', '連続', 'する', '84']"
2017,subject,5-6,2017_subject,28,pedagogical,"発音することが多い。このように語と語を連結させることによって英語を滑ら
かにかつリズミカルに話すことができる。一方，このような音の連続が英語の
聞き取りを難しくしている面もあり，英語を聞くときもこの音変化に慣れてお
くことが必要である。
以下に語と語の連結による音変化の例を示す。
・２語が連結する場合
I have a pen.（haveとaが連結） It is good.（itとisが連結）
・２語が連結するとき，一部の音が脱落する場合
Good morning.（goodの/d/が脱落） I like cats.（likeの/k/が脱落）
・２語が連結するとき，二つの音が影響し合う場合
Nice to meet you.（/t/と/j/が/tʃ/になる）
What would you like?（/d/と/j/が/dʒ/になる）
音の変化の指導に当たっては，音声で十分に慣れ親しんだ表現として繰り返
し触れさせるとともに，英語のリズムを大切にしながら発音させるようにする
ことが重要である。音声で慣れ親しんでいる表現や文について，文字を示しな
がら音の変化についての指導をすることは中学校段階で行うものとする。
（ｳ）語や句，文における基本的な強勢
英語の語や句，文にはそれぞれ強く発音される部分とそうでない部分がある。
強く発音される部分は大きく長めに，そうでない部分は弱くすばやく発音され
ることから強勢がほぼ等間隔に置かれることになり，英語特有のリズムが生ま
れる。英語は日本語と違って強弱によってアクセントを付ける場合が多い。こ
のような日本語とは異なる英語のリズムを理解させ，習得させることが重要で
２
ある。名詞や動詞，形容詞などの内容語には強勢が置かれ強く発音されること
英 語
が多い。ここでは語や句，文におけるそれぞれの基本的な強勢を取り上げてい
る。
語における強勢には次のようなものがある。
ápple thirteʹen fávorite
句における強勢には次のようなものがある。
on Mónday for my bírthday
文における強勢には次のようなものがあり，重要な情報に強勢が置かれるこ
とも指導する。
I gó to schoʹol. Whát do you líke?
小学校の外国語科においては，音声で十分慣れ親しませることを通して，強
85","['発音', 'する', 'こと', '語', '語', '連結', 'する', 'こと', 'よる', '英語', '滑る', 'かに', '話す', 'こと', 'できる', '音', '連続', '英語', '聞き取り', 'する', 'いる', '面', 'ある', '英語', '聞く', 'とき', '音', '変化', '慣れる', 'くこ', '必要', 'ある', '以下', '語', '語', '連結', 'よる', '音', '変化', '例', '示す', '2', '語', '連結', 'する', '場合', 'I', 'HAVE', 'a', 'PEN', 'HAVE', 'a', '連結', 'It', 'is', 'GOOD', 'IT', 'IS', '連結', '2', '語', '連結', 'する', 'とき', '一部', '音', '脱落', 'する', '場合', 'good morning', 'GOOD', 'd', '脱落', 'I', 'LIKE', 'cats', 'like', 'k', '脱落', '2', '語', '連結', 'する', 'とき', '二', '音', '影響', 'する', '合う', '場合', 'Nice', 'to', 'meet', 'YOU', 't', 'j', 't', 'なる', 'what', 'would you', 'like', 'd', 'j', 'd', 'なる', '音', '変化', '指導', '当たる', '音声', '慣れ親しむ', '表現', 'する', '繰り', '返', '触れる', 'とも', '英語', 'リズム', 'する', '発音', 'する', 'する', 'こと', 'ある', '音声', '慣れ親しむ', 'いる', '表現', '文', 'つく', '文字', '示す', '音', '変化', 'つく', '指導', 'する', 'こと', '中学校', '段階', '行う', 'もの', 'する', 'ウ', '語', '句', '文', 'おく', '基本的', '強勢', '英語', '語', '句', '文', 'それぞれ', '発音', 'する', '部分', '部分', 'ある', '発音', 'する', '部分', '部分', '発音', 'する', 'こと', '強勢', '等間隔', '置く', 'こと', 'なる', '英語', 'リズム', '生む', '英語', '日本語', '違う', '強弱', 'よる', 'アクセント', '付ける', '場合', '日本語', '異なる', '英語', 'リズム', '理解', 'する', '習得', 'する', 'こと', '2', 'ある', '名詞', '動詞', '形容詞', '内容', '語', '強勢', '置く', '発音', 'する', 'こと', '英', '語', '語', '句', '文', 'おく', 'それぞれ', '基本的', '強勢', '取り上げる', 'いる', '語', 'おく', '強勢', '次', 'もの', 'ある', 'ápple', 'thirte', 'en', 'fávorite', '句', 'おく', '強勢', '次', 'もの', 'ある', 'on', 'mónday', 'for', 'My', 'bírthday', '文', 'おく', '強勢', '次', 'もの', 'ある', '情報', '強勢', '置く', 'とも', '指導', 'する', 'I', 'gó', 'to', 'scho', 'OL', 'whát', 'do', 'YOU', 'líke', '小学校', '外国語', 'おく', '音声', '慣れ親しむ', 'こと', '通す', '強', '85']"
2017,subject,5-6,2017_subject,29,pedagogical,"勢があることによって英語特有のリズムが生まれることに気付かせることが重
要である。
なお，中学校の外国語科においては，中学校で扱う語や句，文について強勢
を指導するとともに，recórd（動詞）récord（名詞）のように品詞によって強
勢の位置が異なるものや，néwspàperのように一番強い強勢だけでなく二番目
に強い強勢をもつ語があることなどを指導する。
（ｴ）文における基本的なイントネーション
イントネーションは話者の気持ちや意図，相手との関係など，その場の状況
などによって変化するが，英語の文には文がもつ基本的なイントネーションが
ある。
下降調のイントネーションは平叙文や命令文に見られることが多い。また，
wh-疑問文も原則としてこのイントネーションが用いられる。
I like soccer very much.⤵
Go straight.⤵
Where do you want to go?⤵
一方，上昇調のイントネーションは yes-no 疑問文や言葉を列挙するときな
どに見られることが多い。
Are you a baseball player?⤴
Do you have P.E. on Mondays?⤴
I like English, ⤴ Japanese, ⤴ and math.⤵
音声で十分慣れ親しんだ表現について，基本的なイントネーションに気付き，
話す場合に用いることができるように指導することが必要である。
第２章
外国語科の目標 なお，中学校の外国語科においては，書かれたものを読む際にも基本的なイ
及び内容
ントネーションを活用できるように指導したり，orを含む選択疑問文では上
昇調と下降調が組み合わされて用いられること，平叙文を上昇調のイントネー
ションで発音して疑問の意味を表すこと，質問されたwh-疑問文を上昇調の
イントネーションで発音することで聞き返しを意味することなどを指導したり
することになっている。
orを含む選択疑問文の例
Is this your book⤴or hers?⤵ Is this dictionary new⤴or old?⤵
平叙文を疑問の意味で用いる例
Ａ： Ken can play the guitar?⤴
Ｂ： Yes. He is a good player.
86","['勢', 'ある', 'こと', 'よる', '英語', 'リズム', '生まれる', 'こと', '気付く', 'こと', '重', '要', 'ある', '中学校', '外国語', 'おく', '中学校', '扱う', '語', '句', '文', 'つく', '強勢', '指導', 'する', 'とも', 'recórd', '動詞', 'récord', '名詞', '品詞', 'よる', '強', '勢', '位置', '異なる', 'もの', 'néwspàper', '強勢', '二', '強勢', 'もつ', '語', 'ある', 'こと', '指導', 'する', '文', 'おく', '基本的', 'イントネーション', 'イントネーション', '話者', '気持ち', '意図', '相手', '関係', '場', '状況', 'よる', '変化', 'する', '英語', '文', '文', 'もつ', '基本的', 'イントネーション', 'ある', '下降', 'イントネーション', '平叙文', '命令', '文', '見る', 'こと', 'WH', '疑問文', '原則', 'する', 'イントネーション', '用いる', 'I', 'LIKE', 'soccer', 'VERY', 'much', 'Go', 'STRAIGHT', 'where', 'do', 'YOU', 'want to', 'Go', '上昇', 'イントネーション', 'YES', 'NO', '疑問文', '言葉', '列挙', 'する', 'とき', 'ど', '見る', 'こと', 'ARE', 'YOU', 'a', 'BASEBALL', 'Player', 'do', 'YOU', 'HAVE', 'p', 'e', 'on', 'mondays', 'I', 'LIKE', 'English', 'Japanese', 'AND', 'math', '音声', '慣れ親しむ', '表現', 'つく', '基本的', 'イントネーション', '気付く', '話す', '場合', '用いる', 'こと', 'できる', '指導', 'する', 'こと', '必要', 'ある', '2', '章', '外国語', '目標', '中学校', '外国語', 'おく', '書く', 'もの', '読む', '際', '基本的', 'イ', '内容', 'ントネーション', '活用', 'できる', '指導', 'する', 'or', '含む', '選択', '疑問文', '上', '昇', '下降', '組み合わす', '用いる', 'こと', '平叙文', '上昇', 'イントネー', 'ション', '発音', 'する', '疑問', '意味', '表す', 'こと', '質問', 'する', 'WH', '疑問文', '上昇', 'イントネーション', '発音', 'する', 'こと', '聞く', '返し', '意味', 'する', 'こと', '指導', 'する', 'する', 'こと', 'なる', 'いる', 'or', '含む', '選択', '疑問文', '例', 'is', 'This', 'Your', 'Book', 'or', 'hers', 'is', 'This', 'Dictionary', 'New', 'or', 'Old', '平叙文', '疑問', '意味', '用いる', '例', 'a', 'ken', 'can', 'Play', 'THE', 'guitar', 'b', 'Yes', 'HE', 'is', 'a', 'GOOD', 'Player', '86']"
2017,subject,5-6,2017_subject,30,pedagogical,"wh-疑問文を聞き返しで用いる例
Ａ： Where did you go?⤵
Ｂ： Where did I go?⤴I went to Canada.
（ｵ）文における基本的な区切り
英語はいくつかのまとまりに区切って話したり読んだりされることがある。
特に長い文は文の構成や意味のまとまりを捉えて区切る必要がある。また，文
を聞くときにも，区切りに注意すると意味を捉えることに役立つ。このように，
区切りは，理解する場合にも表現する場合にも重要な役割を果たしており，文
を適切に区切りながら話すことができるように指導する必要がある。
小学校段階では，基本的な文や文構造を扱うことを考えると，まとまった表
現として音声に十分慣れ親しませる中で区切りを扱うことが適切である。過度
に意味のまとまりを意識させながら区切って話す練習を行うのではなく，表現
に繰り返し触れさせることによって区切りに関する気付きを促すようにする。
なお，読むことについては，第２の１（2）「読むこと」イ「音声で十分慣れ親
しんだ簡単な語句や基本的な表現の意味が分かるようにする」という目標を踏
まえて指導を行うこととし，文を適切に区切りながら読ませることは中学校の
外国語科の指導内容であることに留意する。
イ 文字及び符号
（ｱ）活字体の大文字，小文字
２
英語で書かれた印刷物を読んだり情報機器を通して英語を読み書きしたり，
英 語
英語でメモや手紙などを書くことができるようにしたりするためには，英語で
用いられる文字の活字体を使用できるようにする必要がある。英語で用いられ
る文字は，ローマ字（あるいはラテン文字）と呼ばれ，大文字及び小文字があ
る。なお，アルファベットとは，音素などを表す文字の一組のことを指す。英
語で用いられるローマ字のほかに，ギリシャ文字やキリル文字などもアルファ
ベットの一種である。
前述のように，英語の文字の読み方には，名称と音がある。例えば，aやc
という文字は，/ei/や/siː/という名称があると同時に，語の中では/æ/（例：
bag，apple） や/ei/（ 例：station，brave），/s/（ 例：circle，city） や/k/（ 例：
cap，music）という音をもつ。小学校段階では，文字の名称を聞いてその文字
87","['WH', '疑問文', '聞き返す', '用いる', '例', 'a', 'where', 'DID', 'YOU', 'Go', 'b', 'where', 'DID', 'I', 'Go', 'I', 'went', 'to', 'Canada', '文', 'おく', '基本的', '区切り', '英語', 'いくつ', 'まとまり', '区切る', '話す', '読む', 'する', 'こと', 'ある', '文', '文', '構成', '意味', 'まとまり', '捉える', '区切る', '必要', 'ある', '文', '聞く', 'とき', '区切り', '注意', 'する', '意味', '捉える', 'こと', '役立つ', '区切り', '理解', 'する', '場合', '表現', 'する', '場合', '役割', '果たす', 'おる', '文', '区切る', '話す', 'こと', 'できる', '指導', 'する', '必要', 'ある', '小学校', '段階', '基本的', '文', '文', '構造', '扱う', 'こと', '考える', 'まとまる', '表', '現', 'する', '音声', '慣れ親しむ', '中', '区切り', '扱う', 'こと', 'ある', '意味', 'まとまり', '意識', 'する', '区切る', '話す', '練習', '行う', '表現', '繰り返す', '触れる', 'こと', 'よる', '区切り', '関する', '気付き', '促す', 'する', '読む', 'こと', 'つく', '2', '1', '2', '読む', 'こと', 'イ', '音声', '慣れる', '親', 'しん', '語句', '基本的', '表現', '意味', '分かる', 'する', 'いう', '目標', '踏', 'まえる', '指導', '行う', 'こと', 'する', '文', '区切る', '読む', 'こと', '中学校', '外国語', '指導', '内容', 'ある', 'こと', '留意', 'する', 'イ', '文字', '符号', 'ア', '活字体', '大文字', '小文字', '2', '英語', '書く', '印刷物', '読む', '情報', '機器', '通す', '英語', '読み書き', 'する', '英', '語', '英語', 'メモ', '手紙', '書く', 'こと', 'できる', 'する', 'する', 'ため', '英語', '用いる', '文字', '活字体', '使用', 'できる', 'する', '必要', 'ある', '英語', '用いる', '文字', 'ローマ字', 'ラテン文字', '呼ぶ', '大文字', '小文字', 'アルファベット', '音素', '表す', '文字', '一', '組', 'こと', '指す', '英', '語', '用いる', 'ローマ字', 'ほか', 'ギリシャ', '文字', 'キリル', '文字', 'ベット', '一種', 'ある', '前述', '英語', '文字', '読み方', '名称', '音', 'ある', 'a', 'c', 'いう', '文字', 'ei', 'Si', 'いう', '名称', 'ある', '同時', '語', '中', 'æ', '例', 'BAG', 'Apple', 'ei', '例', 'STATION', 'Brave', 's', '例', 'circle', 'CITY', 'k', '例', 'CAP', 'MUSIC', 'いう', '音', 'もつ', '小学校', '段階', '文字', '名称', '聞く', '文字', '87']"
2017,subject,5-6,2017_subject,31,pedagogical,"を選んだり，文字を見てその名称を発音したりすることができるように指導す
ることとする。なお，中学校の外国語科において，発音と綴りを関連付けて指
導することとしている。
文字の形や長さなどには様々なものがある。文字の細部を指導するのではな
く，コミュニケーションを行うために文字を書くことを意識させ，ほかの文字
と区別して認識できるように丁寧に書いたり，適度な速さで書いたりすること
を意識させることが重要である。文字の書き順については，書きやすさと読み
やすさの点から標準的な書き順を扱うこととする。
文字を指導する際には，小学校第３学年の国語科において日本語のローマ字
表記が指導されていることを踏まえ，指導の工夫をすることが必要である。例
えば，日本語のローマ字表記で用いられる文字については児童の学習状況を見
ながら英語の文字との違いに気付かせながら指導したり，日本語のローマ字表
記で用いられない文字については十分触れさせてから書くようにしたりするな
どの工夫が考えられる。
なお，筆記体については，中学校の外国語科において，生徒の学習負担に配
慮しながら指導することができるとされている内容であり，小学校の外国語科
では扱わない。
（ｲ）終止符や疑問符，コンマなどの基本的な符号
符号のうち，基本的な終止符（.）や疑問符（?），コンマ（,）を指導する。
指導に当たり指導者が文字を提示する際には，適切に符号を用いるよう留意す
る。
通常，平叙文の文末には終止符を，疑問文の文末には疑問符を最後の語に付
第２章
外国語科の目標 けて用いる。次の文を続ける時には，スペースを空ける。また，挨拶の言い方
及び内容
や慣用表現には文でないものもあるが，終止符や疑問符を用いることがある。
終止符と疑問符の例
This is my hero. He is good at tennis.
（hero や tennis と終止符の間にスペースを入れない）
Can you sing well?（wellと疑問符の間にスペースを入れない）
挨拶の言い方や慣用表現の例
Hello.
Thank you.
Excuse me?
そのほか，平叙文を上昇調のイントネーションで発音し，疑問の意味を示す
88","['選ぶ', '文字', '見る', '名称', '発音', 'する', 'する', 'こと', 'できる', '指導', 'す', 'こと', 'する', '中学校', '外国語', 'おく', '発音', '綴り', '関連', '付ける', '指', '導', 'する', 'こと', 'する', 'いる', '文字', '形', '長さ', 'もの', 'ある', '文字', '細部', '指導', 'する', 'くる', 'コミュニケーション', '行う', 'ため', '文字', '書く', 'こと', '意識', 'する', 'ほか', '文字', '区別', 'する', '認識', 'できる', '書く', '速さ', '書く', 'する', 'こと', '意識', 'する', 'こと', 'ある', '文字', '書き順', 'つく', '書く', '読む', '点', '標準的', '書き順', '扱う', 'こと', 'する', '文字', '指導', 'する', '際', '小学校', '3', '学年', '国語科', 'おく', '日本語', 'ローマ字', '表記', '指導', 'する', 'いる', 'こと', '踏まえる', '指導', '工夫', 'する', 'こと', '必要', 'ある', '例', '日本語', 'ローマ字', '表記', '用いる', '文字', 'つく', '児童', '学習', '状況', '見る', '英語', '文字', '違い', '気付く', '指導', 'する', '日本語', 'ローマ字', '表', '記', '用いる', '文字', 'つく', '触れる', '書く', 'する', 'する', '工夫', '考える', '筆記体', 'つく', '中学校', '外国語', 'おく', '生徒', '学習', '負担', '配', '慮', 'する', '指導', 'する', 'こと', 'できる', 'する', 'いる', '内容', 'ある', '小学校', '外国語', '扱う', 'イ', '終止符', '疑問符', 'コンマ', '基本的', '符号', '符号', 'うち', '基本的', '終止符', '疑問符', 'コンマ', '指導', 'する', '指導', '当たる', '指導者', '文字', '提示', 'する', '際', '符号', '用いる', '留意', 'す', '通常', '平叙文', '文末', '終止符', '疑問文', '文末', '疑問符', '最後', '語', '付', '2', '章', '外国語', '目標', '用いる', '次', '文', '続ける', '時', 'スペース', '空ける', '挨拶', '言い方', '内容', '慣用', '表現', '文', 'もの', 'ある', '終止符', '疑問符', '用いる', 'こと', 'ある', '終止符', '疑問符', '例', 'This', 'is', 'My', 'hero', 'HE', 'is', 'GOOD', 'AT', 'tennis', 'hero', 'tennis', '終止符', '間', 'スペース', '入れる', 'can you', 'sing', 'Well', 'Well', '疑問符', '間', 'スペース', '入れる', '挨拶', '言い方', '慣用', '表現', '例', 'Hello', 'thank you', 'excuse me', 'ほか', '平叙文', '上昇', 'イントネーション', '発音', 'する', '疑問', '意味', '示す', '88']"
2017,subject,5-6,2017_subject,32,pedagogical,"際には疑問符を用いることがある。
Ａ： You like baseball?
Ｂ： Yes.
コンマは，語や句，文を区切る記号の一つである。小学校の外国語科におい
ては，単文を扱うこととされている。したがって，小学校の外国語科において
扱うコンマは，呼び掛けを示す際，語や句を三つ以上列挙する際に用いられる
ものである。なお，二つの語や句をandで結ぶ際には，通常コンマを用いない。
コンマは，その前の語に続けて用いる。
コンマを使用する例
Hello, Kumi.（Hello とコンマの間にスペースを入れない）
I like baseball, tennis, and swimming.（baseballやtennisと，その後のコンマ
の間にスペースを入れない）
コンマを使用しない例
I like baseball and tennis.
なお，第２の１（2）「読むこと」や（5）「書くこと」で示されている目標を踏ま
えて，音声で十分慣れ親しんだ基本的な表現の中で終止符や疑問符，コンマな
どの符号を示したり，児童に書き写させたりするようにする。
ウ 語，連語及び慣用表現
（ｱ）１に示す五つの領域別の目標を達成するために必要となる，第３学年及
び第４学年において第４章外国語活動を履修する際に取り扱った語を含む
600～700語程度の語
２
２学年間に指導する語は，今回の改訂で第３学年及び第４学年において第４
英 語
章外国語活動を履修する際に取り扱った語を含む600～700語程度の語とし
た。また，指導する語彙の質的改善を図り，五つの領域別の目標を達成するた
めに必要となる実際のコミュニケーションにおいて活用されるような語彙へ改
善を図っている。
また，指導する語数については，これまでの実績や諸外国における外国語教
育の状況などを参考として，小学校段階で求められる定型の挨拶や，自分や身
の回りの物事に関する簡単な描写や質問と応答，自分の考えや気持ちを述べる
最も基礎的な言い回しなどに必要な語数を踏まえて設定した。その範囲は中学
年の外国語活動で学習する語を含み，中学校の外国語科で学習する内容の基礎
となり，かつ中学校に行ってからも繰り返し学ぶことが期待される中心的語彙
89","['際', '疑問符', '用いる', 'こと', 'ある', 'a', 'YOU', 'LIKE', 'BASEBALL', 'b', 'Yes', 'コンマ', '語', '句', '文', '区切る', '記号', '一', 'ある', '小学校', '外国語', '単文', '扱う', 'こと', 'する', 'いる', 'したがう', '小学校', '外国語', 'おく', '扱う', 'コンマ', '呼び掛け', '示す', '際', '語', '句', '三', '以上', '列挙', 'する', '際', '用いる', 'もの', 'ある', '二', '語', '句', 'AND', '結ぶ', '際', '通常', 'コンマ', '用いる', 'コンマ', '前', '語', '続ける', '用いる', 'コンマ', '使用', 'する', '例', 'Hello', 'kumi', 'Hello', 'コンマ', '間', 'スペース', '入れる', 'I', 'LIKE', 'BASEBALL', 'tennis', 'AND', 'swimming', 'BASEBALL', 'tennis', 'その後', 'コンマ', '間', 'スペース', '入れる', 'コンマ', '使用', 'する', '例', 'I', 'LIKE', 'BASEBALL', 'AND', 'tennis', '2', '1', '2', '読む', 'こと', '5', '書く', 'こと', '示す', 'いる', '目標', '踏む', 'える', '音声', '慣れ親しむ', '基本的', '表現', '中', '終止符', '疑問符', 'コンマ', '符号', '示す', '児童', '書き写す', 'する', 'する', 'ウ', '語', '連語', '慣用', '表現', 'ア', '1', '示す', '五', '領域', '別', '目標', '達成', 'する', 'ため', '必要', 'なる', '3', '学年', '4', '学年', 'おく', '4', '章', '外国語', '活動', '履修', 'する', '際', '取り扱う', '語', '含む', '600', '700', '語', '程度', '語', '2', '2', '年間', '指導', 'する', '語', '今回', '改訂', '3', '学年', '4', '学年', 'おく', '4', '英', '語', '章', '外国語', '活動', '履修', 'する', '際', '取り扱う', '語', '含む', '600', '700', '語', '程度', '語', 'する', '指導', 'する', '語彙', '改善', '図る', '五', '領域', '別', '目標', '達成', 'する', 'め', '必要', 'なる', '実際', 'コミュニケーション', 'おく', '活用', 'する', '語彙', '改', '善', '図る', 'いる', '指導', 'する', '語数', 'つく', '実績', '諸外国', 'おく', '外国語', '状況', '参考', 'する', '小学校', '段階', '求める', '定型', '挨拶', '自分', '身', '回り', '物事', '関する', '描写', '質問', '応答', '自分', '考え', '気持ち', '述べる', '基礎的', '言い回し', '必要', '語数', '踏まえる', '設定', 'する', '範囲', '中学', '年', '外国語', '活動', '学習', 'する', '語', '含む', '中学校', '外国語', '学習', 'する', '内容', '基礎', 'なる', '中学校', '行く', '繰り返す', '学ぶ', 'こと', '期待', 'する', '中心', '語彙', '89']"
2017,subject,5-6,2017_subject,33,pedagogical,"を想定しており，中学校の外国語科の学習の土台として十分な600～700語程
度の語としている。
小学校では，改訂前の高学年における外国語活動で既に400語前後の語が導
入されており，それらの語と関連付けるなどしながら200～300語程度の語彙
を更に増やしていくことが想定される。
また，小学校では，第３学年及び第４学年においては外国語活動として２年
間，計70単位時間，第５学年及び第６学年においては教科として２年間，計
140単位時間，合計210単位時間をかけて指導することとなり，この中で600
～700語程度の語を扱うことは，国際的な基準に照らしても妥当な数字である。
なお，この600～700語というのは後述する発信語彙と受容語彙の両方を含
めた語彙サイズであり，これらの全てを覚えて使いこなさなければならない，
ということではない。また，「600～700語程度」としている語数について，「600
語」とは小学校の外国語活動及び外国語科で指導する語数の下限を，「700語」
とは指導で取り扱う一定の目安となる語数を示したものであり，700語程度を
上限とするという趣旨ではない。
「３ 指導計画の作成と内容の取扱い」（2）アにあるように，児童の発達の
段階に応じて，聞いたり読んだりすることを通して意味が理解できるように指
導すべき語彙（受容語彙）と，話したり書いたりして表現できるように指導す
べき語彙（発信語彙）とがあることに留意する必要がある。ただし，小学校段
階では，初めて外国語に触れるため，「聞くこと」，「話すこと」と「読むこと」，
「書くこと」とでは求めるレベルが違うことを踏まえると，聞いて意味を理解
できるようにする語彙と，話して表現できるようにする語彙が中心となると考
えることができる。
このような語彙の質的な面と量的な面を考慮した上で，学習語彙をしっかり
第２章
外国語科の目標 規定し，明確なイメージをもって指導計画を立てることが望まれる。また，小
及び内容
学校中学年の外国語活動から中学校の外国語科までの間に指導した内容を，中
学校の外国語科の言語活動において繰り返し活用することによって，生徒が自
分の考えなどを表現する際に，話したり書いたりして表現できるような段階ま
で確実に定着させることが重要である。こうして，各学校段階を通じて習得さ
せていく過程が重要である。
さらに，従来の教科書や教材の語彙選定の方法に関しても質的改善を求める
という意図が込められている。
なお語数については，綴りが同じ語は，品詞に関わりなく１語と数え，動詞
の活用形，名詞の単数・複数形，形容詞や副詞の比較変化などのうち規則的に
変化するものは原則として辞書の見出し語を代表させて１語とみなすことがで
90","['想定', 'する', 'おる', '中学校', '外国語', '学習', '土台', 'する', '600', '700', '語', '度', '語', 'する', 'いる', '小学校', '改訂', '前', '高学年', 'おく', '外国語', '活動', '400', '語', '前後', '語', '導', '入', 'する', 'おる', '語', '関連付ける', 'する', '200', '300', '語', '程度', '語彙', '増やす', 'いく', 'こと', '想定', 'する', '小学校', '3', '学年', '4', '学年', 'おく', '外国語', '活動', 'する', '2', '年', '間', '70', '単位', '時間', '5', '学年', '6', '学年', 'おく', '教科', 'する', '2', '年間', '140', '単位', '時間', '合計', '210', '単位', '時間', 'かける', '指導', 'する', 'こと', 'なる', '中', '600', '700', '語', '程度', '語', '扱う', 'こと', '国際的', '基準', '照らす', '妥当', '数字', 'ある', '600', '700', '語', 'いう', '後述', 'する', '発信', '語彙', '受容', '語彙', '両方', '含', '語彙', 'サイズ', 'ある', '全て', '覚える', '使いこなす', 'なる', 'いう', 'こと', '600', '700', '語', '程度', 'する', 'いる', '語数', 'つく', '600', '語', '小学校', '外国語', '活動', '外国語', '指導', 'する', '語数', '下限', '700', '語', '指導', '取り扱う', '一定', '目安', 'なる', '語数', '示す', 'もの', 'ある', '700', '語', '程度', '上限', 'する', 'いう', '趣旨', '3', '指導', '計画', '作成', '内容', '取扱い', '2', 'ア', 'ある', '児童', '発達', '段階', '応ずる', '聞く', '読む', 'する', 'こと', '通す', '意味', '理解', 'できる', '指', '導', 'す', '語彙', '受容', '語彙', '話す', '書く', 'する', '表現', 'できる', '指導', 'す', '語彙', '発信', '語彙', 'ある', 'こと', '留意', 'する', '必要', 'ある', '小学校', '段', '階', '外国語', '触れる', 'ため', '聞く', 'こと', '話す', 'こと', '読む', 'こと', '書く', 'こと', '求める', 'レベル', '違う', 'こと', '踏まえる', '聞く', '意味', '理解', 'できる', 'する', '語彙', '話す', '表現', 'できる', 'する', '語彙', '中心', 'なる', '考', 'える', 'こと', 'できる', '語彙', '面', '面', '考慮', 'する', '上', '学習', '語彙', '2', '章', '外国語', '目標', '規定', 'する', 'イメージ', 'もつ', '指導', '計画', '立てる', 'こと', '望む', '内容', '学校', '中学', '年', '外国語', '活動', '中学校', '外国語', '間', '指導', 'する', '内容', '中', '学校', '外国語', '言語', '活動', 'おく', '繰り返す', '活用', 'する', 'こと', 'よる', '生徒', '自', '分', '考え', '表現', 'する', '際', '話す', '書く', 'する', '表現', 'できる', '段階', '定着', 'する', 'こと', 'ある', 'する', '学校', '段階', '通ずる', '習得', 'いく', '過程', 'ある', '従来', '教科書', '教材', '語彙', '選定', '方法', '関する', '改善', '求める', 'いう', '意図', '込める', 'いる', '語数', 'つく', '綴り', '語', '品詞', '関わり', '1', '語', '数える', '動詞', '活用形', '名詞', '単数', '複数形', '形容詞', '副詞', '比較', '変化', 'うち', '規則的', '変化', 'する', 'もの', '原則', 'する', '辞書', '見出し', '語', '代表', 'する', '1', '語', 'みなす', 'こと', '90']"
2017,subject,5-6,2017_subject,34,pedagogical,"きる。
（ｲ）連語のうち，get up，look atなどの活用頻度の高い基本的なもの
ここでいう「連語」とは，get up，look atなどのように，二つ以上の語が結
び付いて，まとまった意味を表すものを指している。
連語の選択に当たっては，連語のうち活用頻度の高い基本的なものから，五
つの領域別の目標を達成するためにふさわしいものを取り上げることとする。
学習指導要領に挙げられている連語はあくまでも例示であり，例えば，
stand up，be good at，how muchなど，例示されている以外の連語を取り上げる
ことも考えられる。
（ｳ）慣用表現のうち，excuse me，I see，I'm sorry，thank you，you're welcome
などの活用頻度の高い基本的なもの
ここでいう「慣用表現」とは，ある特定の場面で用いる定型的な表現を指し
ている。コミュニケーションを図る基礎となる資質・能力を育成するためには，
日常生活でよく用いられる様々な慣用表現を身に付けさせることも重要であ
る。これらの慣用表現を場面に応じて使用することによって，円滑なコミュニ
ケーションが可能となる。
慣用表現の選択に当たっては，慣用表現のうち活用頻度の高い基本的のもの
から五つの領域別の目標を達成するためにふさわしいものを取り上げることと
する。
学習指導要領に挙げられている慣用表現はあくまでも例示であり，例えば，
２
“I got it.”“I have no idea.”“No problem.”など，例示されている以外の慣用表
英 語
現を取り上げることも考えられる。
エ 文及び文構造
次に示す事項について，日本語と英語の語順の違い等に気付かせるととも
に，基本的な表現として，意味のある文脈でのコミュニケーションの中で繰
り返し触れることを通して活用すること。
文とは主語と述語から成るまとまりである。文は語や句によって構成される。
文の種類として，平叙文や疑問文，命令文などがある。文構造とは文の構成要
91","['きる', 'イ', '連語', 'うち', 'get up', 'LOOK', 'At', '活用', '頻度', '基本的', 'もの', 'いう', '連語', 'get up', 'LOOK', 'At', '二', '以上', '語', '結', '付く', 'まとまる', '意味', '表す', 'もの', '指す', 'いる', '連語', '選択', '当たる', '連語', 'うち', '活用', '頻度', '基本的', 'もの', '五', 'つの', '領域', '別', '目標', '達成', 'する', 'ため', 'もの', '取り上げる', 'こと', 'する', '学習指導', '要領', '挙げる', 'いる', '連語', '例示', 'ある', 'Stand Up', 'Be', 'GOOD', 'At', 'how', 'much', '例示', 'する', 'いる', '以外', '連語', '取り上げる', 'こと', '考える', 'ウ', '慣用', '表現', 'うち', 'excuse me', 'I', 'see', 'I', 'm', 'sorry', 'thank you', 'YOU', 'RE', 'welcome', '活用', '頻度', '基本的', 'もの', 'いう', '慣用', '表現', '特定', '場面', '用いる', '定型', '表現', '指す', 'いる', 'コミュニケーション', '図る', '基礎', 'なる', '資質', '能力', '育成', 'する', 'ため', '日常生活', '用いる', '慣用', '表現', '身', '付ける', 'こと', '慣用', '表現', '場面', '応ずる', '使用', 'する', 'こと', 'よる', 'コミュニ', 'ケーション', 'なる', '慣用', '表現', '選択', '当たる', '慣用', '表現', 'うち', '活用', '頻度', '基本的', 'もの', '五', '領域', '別', '目標', '達成', 'する', 'ため', 'もの', '取り上げる', 'こと', 'する', '学習指導', '要領', '挙げる', 'いる', '慣用', '表現', '例示', 'ある', '2', 'I', 'got', 'IT', 'I', 'HAVE', 'NO', 'IDEA', 'NO', 'Problem', '例示', 'する', 'いる', '以外', '慣用', '表', '英', '語', '現', '取り上げる', 'こと', '考える', 'エ', '文', '文', '構造', '次', '示す', '事項', 'つく', '日本語', '英語', '語順', '違い', '気付く', 'とも', '基本的', '表現', 'する', '意味', 'ある', '文脈', 'コミュニケーション', '中', '繰', '返す', '触れる', 'こと', '通す', '活用', 'する', 'こと', '文', '主語', '述語', '成る', 'まとまり', 'ある', '文', '語', '句', 'よる', '構成', 'する', '文', '種類', 'する', '平叙文', '疑問文', '命令', '文', 'ある', '文', '構造', '文', '構成', '要', '91']"
2017,subject,5-6,2017_subject,35,pedagogical,"素の関係を示したものである。文構造の記述には，文の構成要素を示すために
主語や動詞，目的語，補語の用語を用いる。
「文型」ではなく「文構造」という用語を用いているが，これは，文を「文型」
という型によって分類するような指導に陥らないように配慮し，また，文の構
造自体に目を向けることを意図してより広い意味で「文構造」という用語を用
いたものである。
文及び文構造については，第２の２（3）①で示すような言語活動の中で，文
法の用語や用法の指導を行うのではなく日本語と英語の語順の違い等の気付き
を促すようにしたり，基本的な表現として繰り返し聞いたり話したりするなど
して活用したりすることが求められる。繰り返し触れることによって英語の語
順に気付かせ，その規則性を内在化させたり，自ら話したり書いたりする中で
どのように語と語を組み合わせれば自分の伝えたいことが表現できるのかとい
うことに意識を向けさせたりするようにする。
中学校の外国語科においては，「文及び文構造」に文法事項が加えられ「文，
文構造及び文法事項」として指導することとしているが，小学校の外国語科に
おいては，示されている文及び文構造について基本的な表現として指導するこ
とが意図されている。例えば，小学校の外国語科においては，得意なものを紹
介し合う活動においてI am good at playing tennis.という表現に触れて，その意
味を把握したり，自ら活用したりするが，「代名詞」の用法や「動名詞」の用
法について理解し活用するのは中学校の段階で扱う。
（ｱ）文
文は以下に示すものを扱うこととする。
第２章
外国語科の目標
及び内容
ａ 単文
文は，単文を指導する。
文の中に主語と述語の関係が一つだけ含まれるものが単文である。以下に単
文の例を示す。
I want a new ball.
Iʼm happy.
She can play baseball well.
高学年の外国語科においては，中学年の外国語活動において慣れ親しんだ基
本的な表現を含む単文を繰り返し指導することとする。
92","['素', '関係', '示す', 'もの', 'ある', '文', '構造', '記述', '文', '構成要素', '示す', 'ため', '主語', '動詞', '目的語', '補語', '用語', '用いる', '文型', '文', '構造', 'いう', '用語', '用いる', 'いる', '文', '文型', 'いう', '型', 'よる', '分類', 'する', '指導', '陥る', '配慮', 'する', '文', '構', '造', '自体', '目', '向ける', 'こと', '意図', 'する', '意味', '文', '構造', 'いう', '用語', '用', 'いる', 'もの', 'ある', '文', '文', '構造', 'つく', '2', '2', '3', '1', '示す', '言語', '活動', '中', '文', '法', '用語', '用法', '指導', '行う', '日本語', '英語', '語順', '違い', '気付き', '促す', 'する', '基本的', '表現', 'する', '繰り返す', '聞く', '話す', 'する', 'する', '活用', 'する', 'する', 'こと', '求める', '繰り返す', '触れる', 'こと', 'よる', '英語', '語', '順', '気付く', '規則', '内在', 'する', '自ら', '話す', '書く', 'する', '中', '語', '語', '組み合わせる', '自分', '伝える', 'こと', '表現', 'できる', 'いる', 'こと', '意識', '向ける', 'する', 'する', '中学校', '外国語', 'おく', '文', '文', '構造', '文法', '事項', '加える', '文', '文', '構造', '文法', '事項', 'する', '指導', 'する', 'こと', 'する', 'いる', '小学校', '外国語', 'おく', '示す', 'いる', '文', '文', '構造', 'つく', '基本的', '表現', 'する', '指導', 'する', 'こ', '意図', 'する', 'いる', '小学校', '外国語', 'おく', '得意', 'もの', '紹', '介する', '合う', '活動', 'おく', 'I', 'AM', 'GOOD', 'AT', 'playing', 'tennis', 'いう', '表現', '触れる', '意', '味', '把握', 'する', '自ら', '活用', 'する', 'する', '代名詞', '用法', '動名詞', '用', '法', 'つく', '理解', 'する', '活用', 'する', '中学校', '段階', '扱う', 'ア', '文', '文', '以下', '示す', 'もの', '扱う', 'こと', 'する', '2', '章', '外国語', '目標', '内容', 'a', '単文', '文', '単文', '指導', 'する', '文', '中', '主語', '述語', '関係', '一', '含む', 'もの', '単文', 'ある', '以下', '文', '例', '示す', 'I', 'want', 'a', 'New', 'Ball', 'I', 'm', 'She', 'can', 'Play', 'BASEBALL', 'Well', '高学年', '外国語', 'おく', '中学年', '外国語', '活動', 'おく', '慣れ親しむ', '基', '本', '表現', '含む', '単文', '繰り返す', '指導', 'する', 'こと', 'する', '92']"
2017,subject,5-6,2017_subject,36,pedagogical,"重文と複文は主語と述語の関係が文の中に複数存在し，複雑な構造であるた
め，小学校の外国語科においては取り扱わず，中学校の外国語科において指導
する内容とする。重文は単文と単文がand，but，orなどの接続詞によって並
列的に結ばれた文であり，複文はbecause，when，thatなどの接続詞を含む従
属節を含む文である。
重文の例
I went to Okinawa with my family, and we enjoyed swimming.
I donʼt like baseball, but I like soccer.
複文の例
I want to be a vet because I like animals.
When I visited Tomoko, she was listening to music.
I think that you like baseball.
ｂ 肯定，否定の平叙文
肯定，否定の平叙文を指導する。平叙文は，通常，事実などを伝える文であ
り，文末に終止符を付ける文である。
肯定文は英語の基本的な語順を学ぶ上で基礎となるものであり，その特徴を
十分理解させる必要がある。
否定文は否定語や語形の変化などを伴うことが多いので，肯定文との違いを
理解させるように指導する必要がある。
肯定文の例
I play baseball.
He is a good soccer player.
２
She can swim fast.
英 語
否定文の例
I donʼt like soccer very much.
She isnʼt a teacher.
I canʼt play the piano.
ｃ 肯定，否定の命令文
命令文についても肯定文と否定文を指導する。肯定の命令文は，主語を示さ
ず，動詞の原形を使用する。また，否定の命令文は，主語を示さず，Donʼtの
後に動詞の原形を使用する。be動詞の場合には，is，am，areではなく，原形
93","['重文', '複文', '主語', '述語', '関係', '文', '中', '複数', '存在', 'する', '複雑', '構造', 'ある', 'め', '小学校', '外国語', 'おく', '取り扱う', '中学校', '外国語', 'おく', '指導', 'する', '内容', 'する', '重文', '単文', '単文', 'AND', 'But', 'or', '接続詞', 'よる', '並', '列', '結ぶ', '文', 'ある', '複文', 'because', 'when', 'that', '接続詞', '含む', '従', '節', '含む', '文', 'ある', '重文', '例', 'I', 'went', 'to', 'okinawa', 'with', 'My', 'Family', 'AND', 'we', 'enjoyed', 'swimming', 'I', 't', 'LIKE', 'BASEBALL', 'But', 'I', 'LIKE', 'soccer', '複文', '例', 'I', 'want to', 'Be', 'a', 'vet', 'because', 'I', 'LIKE', 'animals', 'when', 'I', 'visited', 'Tomoko', 'She', 'WAS', 'listening', 'to', 'MUSIC', 'I', 'Think', 'that', 'YOU', 'LIKE', 'BASEBALL', 'b', '肯定', '否定', '平叙文', '肯定', '否定', '平叙文', '指導', 'する', '平叙文', '通常', '事実', '伝える', '文', '文末', '終止符', '付ける', '文', 'ある', '肯定文', '英語', '基本的', '語順', '学ぶ', '上', '基礎', 'なる', 'もの', 'ある', '特徴', '理解', 'する', '必要', 'ある', '否定文', '否定', '語', '語形', '変化', '伴う', 'こと', '肯定文', '違い', '理解', 'する', '指導', 'する', '必要', 'ある', '肯定文', '例', 'I', 'Play', 'BASEBALL', 'HE', 'is', 'a', 'GOOD', 'soccer', 'Player', '2', 'She', 'can', 'swim', 'Fast', '英', '語', '否定文', '例', 'I', 't', 'LIKE', 'soccer', 'VERY', 'much', 'She', 'isn', 't', 'a', 'teacher', 'I', 'can', 't', 'Play', 'THE', 'piano', 'c', '肯定', '否定', '命令', '文', '命令', '文', 'つく', '肯定文', '否定文', '指導', 'する', '肯定', '命令', '文', '主語', '示す', '動詞', '原形', '使用', 'する', '否定', '命令', '文', '主語', '示す', 't', '後', '動詞', '原形', '使用', 'する', 'Be', '動詞', '場合', 'IS', 'AM', 'ARE', '原形', '93']"
2017,subject,5-6,2017_subject,37,pedagogical,"のbeが用いられる。
小学校の外国語科においては，一般動詞とbe動詞の用法の点から命令文の
特徴を理解させるのではなく，命令文を基本的な表現として扱い，繰り返し触
れさせたり，活用させたりするようにする。その際，第２の１（3）「話すこと［や
り取り］」アで示されている「基本的な表現を用いて指示，依頼をしたり，そ
れらに応じたりすることができるようにする」という目標を達成するのにふさ
わしいものを扱うようにする。
肯定文の例
Go straight for three blocks.
Please be quiet, David.
否定文の例
Donʼt run here.
Donʼt be noisy, Ken.
命令文は，丁寧さに欠けた表現であると聞き手に受け止められることもある
ため，使用する場面の設定に配慮する必要がある。
ｄ 疑問文のうち，be動詞で始まるものや助動詞（can，doなど）で始まる
もの，疑問詞（who，what，when，where，why，how）で始まるもの
疑問文のうち，be動詞で始まるものや助動詞（can，doなど）で始まるもの，
疑問詞（who，what，when，where，why，how）で始まるものとは，yes-no疑
問文とwh-疑問文のことである。
yes-no疑問文は，一般動詞の文の場合にはdoを文頭に付ける。動詞の形の
変形が必要なこともある。be動詞や助動詞の場合には，主語とbe動詞若しく
第２章
外国語科の目標 は助動詞を倒置させる。
及び内容
yes-no疑問文の例
例１ Ａ： Do you like blue?
Ｂ： Yes, I do.
例２ Ａ： Are you from Canada?
Ｂ： No, Iʼm not. Iʼm from Australia.
例３ Ａ： Can you dance well?
Ｂ： Yes, I can.
wh-疑問文は，疑問詞を文頭に付けて，通常，文を疑問文の語順にする。
wh-疑問文の例
例１ Ａ： When is your birthday?
94","['Be', '用いる', '小学校', '外国語', 'おく', '一般', '動詞', 'Be', '動詞', '用法', '点', '命令', '文', '特徴', '理解', 'する', '命令', '文', '基本的', '表現', 'する', '扱う', '繰り返す', '触', 'する', '活用', 'する', 'する', 'する', '際', '2', '1', '3', '話す', 'こと', '取り', 'ア', '示す', 'いる', '基本的', '表現', '用いる', '指示', '依頼', 'する', '応ずる', 'する', 'こと', 'できる', 'する', 'いう', '目標', '達成', 'する', 'ふさ', 'もの', '扱う', 'する', '肯定文', '例', 'Go', 'STRAIGHT', 'for', 'Three', 'blocks', 'Please', 'Be', 'quiet', 'DAVID', '否定文', '例', 't', 'RUN', 'Here', 't', 'Be', 'noisy', 'ken', '命令', '文', '欠ける', '表現', 'ある', '聞き手', '受け止める', 'こと', 'ある', 'ため', '使用', 'する', '場面', '設定', '配慮', 'する', '必要', 'ある', 'd', '疑問文', 'うち', 'Be', '動詞', '始まる', 'もの', '助動詞', 'can', 'do', '始まる', 'もの', '疑問詞', 'WHO', 'what', 'when', 'where', 'why', 'how', '始まる', 'もの', '疑問文', 'うち', 'Be', '動詞', '始まる', 'もの', '助動詞', 'can', 'do', '始まる', 'もの', '疑問詞', 'WHO', 'what', 'when', 'where', 'why', 'how', '始まる', 'もの', 'YES', 'NO', '問', '文', 'WH', '疑問文', 'こと', 'ある', 'Yes', 'NO', '疑問文', '一般', '動詞', '文', '場合', 'do', '文頭', '付ける', '動詞', '形', '変形', '必要', 'こと', 'ある', 'Be', '動詞', '助動詞', '場合', '主語', 'Be', '動詞', 'く', '2', '章', '外国語', '目標', '助動詞', '倒置', 'する', '内容', 'Yes', 'NO', '疑問文', '例', '例', '1', 'a', 'do', 'YOU', 'LIKE', 'Blue', 'b', 'YES', 'I', 'do', '例', '2', 'a', 'ARE', 'YOU', 'From', 'Canada', 'b', 'NO', 'I', 'm', 'NOT', 'I', 'm', 'From', 'Australia', '例', '3', 'a', 'can you', 'dance', 'Well', 'b', 'YES', 'I', 'can', 'WH', '疑問文', '疑問詞', '文頭', '付ける', '通常', '文', '疑問文', '語順', 'する', 'WH', '疑問文', '例', '例', '1', 'a', 'when', 'is', 'Your', 'birthday', '94']"
2017,subject,5-6,2017_subject,38,pedagogical,"Ｂ： It is March 10th.
例２ Ａ： What time do you get up?
Ｂ： I usually get up at 6：00.
第２の１（3）「話すこと［やり取り］」アで示されている目標を達成するのに
ふさわしい，自分や相手のこと及び身の回りの物に関する事柄についての疑問
文を取り扱うようにする。
音声で十分慣れ親しませた上で疑問文とその応答の仕方などを言語活動の中
で活用できるようにする。第２の２（1）ア（ｴ）「文における基本的なイントネー
ション」で解説したとおり，通常，yes-no疑問文は上昇調のイントネーション
で発音され，wh-疑問文は下降調のイントネーションで発音されることに留意
する。
小学校の外国語科では，orを含む選択疑問文，mayやwillなどの助動詞で
始まる疑問文，doesやdidで始まる疑問文、whichやwhoseなどの疑問詞で始
まる疑問文は扱わない。
ｅ 代名詞のうち，I，you，he，sheなどの基本的なものを含むもの
代名詞のうち基本的なものを含む文とは，I，you，he，sheなどの基本的な
人称代名詞を含む文のことである。代名詞を含む文は，基本的な表現として扱
い，代名詞を独立して指導することはしない。
代名詞を含む文の例
例１ I want a new ball.
例２ Ａ： Where do you want to go?
Ｂ： I want to go to Italy.
２
例３ This is my hero. She can swim fast. She is cool.
英 語
なお，heやsheなどの人称代名詞を含む文を扱う際には，児童の発達の段階
を考慮して，その場にいない人を話題にするなどの場面設定をし，児童が
he，sheなどの使い方を言語活動を通して分かるようにするとともに，文法の
解説をしたり複雑な文になったりしないように留意する必要がある。
ｆ 動名詞や過去形のうち，活用頻度の高い基本的なものを含むもの
動名詞や過去形のうち，活用頻度の高い基本的なものを含む文とは，動名詞
や過去形を含む文のうち，五つの領域別の目標を達成するのにふさわしい表現
のことである。小学校の外国語科においては基本的な表現として動名詞や過去
95","['b', 'It', 'is', 'MARCH', '10th', '例', '2', 'a', 'what', 'Time', 'do', 'YOU', 'get up', 'b', 'I', 'usually', 'get up', 'AT', '6', '00', '2', '1', '3', '話す', 'こと', 'やり取り', 'ア', '示す', 'いる', '目標', '達成', 'する', '自分', '相手', 'こと', '身の回り', '物', '関する', '事柄', 'つく', '疑問', '文', '取り扱う', 'する', '音声', '慣れ親しむ', '上', '疑問文', '応答', '仕方', '言語', '活動', '中', '活用', 'できる', 'する', '2', '2', '1', 'ア', '文', 'おく', '基本的', 'イントネー', 'ション', '解説', 'する', 'とおり', '通常', 'YES', 'NO', '疑問文', '上昇', 'イントネーション', '発音', 'する', 'WH', '疑問文', '下降', 'イントネーション', '発音', 'する', 'こと', '留意', 'する', '小学校', '外国語', 'or', '含む', '選択', '疑問文', 'May', 'WILL', '助動詞', '始まる', '疑問文', 'does', 'DID', '始まる', '疑問文', 'which', 'whose', '疑問詞', '始', '疑問文', '扱う', 'e', '代名詞', 'うち', 'I', 'YOU', 'HE', 'SHE', '基本的', 'もの', '含む', 'もの', '代名詞', 'うち', '基本的', 'もの', '含む', '文', 'I', 'YOU', 'HE', 'SHE', '基本的', '人称', '代', '名詞', '含む', '文', 'こと', 'ある', '代名詞', '含む', '文', '基本的', '表現', 'する', '扱', '代名詞', '独立', 'する', '指導', 'する', 'こと', 'する', '代名詞', '含む', '文', '例', '例', '1', 'I', 'want', 'a', 'New', 'Ball', '例', '2', 'a', 'where', 'do', 'YOU', 'want to', 'Go', 'b', 'I', 'want to', 'Go', 'to', 'Italy', '2', '例', '3', 'This', 'is', 'My', 'hero', 'She', 'can', 'swim', 'Fast', 'She', 'is', 'cool', '英', '語', 'HE', 'SHE', '人称', '代', '名詞', '含む', '文', '扱う', '際', '児童', '発達', '段階', '考慮', 'する', '場', 'いる', '人', '話題', 'する', '場面', '設定', 'する', '児童', 'HE', 'SHE', '使い方', '言語', '活動', '通す', '分かる', 'する', 'とも', '文法', '解説', 'する', '複雑', '文', 'なる', 'する', '留意', 'する', '必要', 'ある', 'f', '動名詞', '過去形', 'うち', '活用', '頻度', '基本的', 'もの', '含む', 'もの', '動名詞', '過去形', 'うち', '活用', '頻度', '基本的', 'もの', '含む', '文', '動名詞', '過去形', '含む', '文', 'うち', '五', '領域', '別', '目標', '達成', 'する', '表現', 'こと', 'ある', '小学校', '外国語', 'おく', '基本的', '表現', 'する', '動名詞', '過去', '95']"
2017,subject,5-6,2017_subject,39,pedagogical,"形を含む文を指導する。
動名詞や過去形を含む文の例
例１ I am good at swimming.
例２ I enjoyed fishing.
例３ I went to Okinawa. I saw the blue sea. It was beautiful.
小学校の外国語科においては，動名詞や過去形を文から取り出して指導する
ことはしない。例えば，好きなものを伝えるときに，“I like playing tennis.”と
表現することを指導するが，playing tennisの部分に焦点をあてて，動名詞の使
い方を理解させ，“Playing tennis is fun.”などの異なる表現の中で活用すること
を指導するわけではない。一方，中学校の外国語科においては，動名詞や過去
形は「文法事項」として扱われ，使い方の理解を深めると同時に，別の場面や
異なる表現の中で活用できるように指導することとしている。
（ｲ）文構造
文構造はここに示すものを扱うこととする。
文構造の記述には，文の構成要素を示すために主語や動詞，目的語，補語の
用語を用いている。
ａ ［主語＋動詞］
［主語＋動詞］の文は，構成要素が二つの単純な文構造であるが，副詞句や
前置詞句などが加わると意味の理解が難しくなる場合がある。主語と動詞を的
確に捉えることができるよう指導する必要がある。
第２章
外国語科の目標 例１ I sometimes get up at 6：00.
及び内容
例２ I went to Okinawa.
ｂ ［主語＋動詞＋補語］のうち，
⎩
⎧ 名詞
⎨
主語＋be動詞＋⎨ 代名詞
⎧
⎩
形容詞
［主語＋動詞］に補語が加わった文構造のうち，動詞がbe動詞の場合の文構
造を扱う。
主語＋be動詞＋名詞
96","['形', '含む', '文', '指導', 'する', '動名詞', '過去形', '含む', '文', '例', '例', '1', 'I', 'AM', 'GOOD', 'AT', 'swimming', '例', '2', 'I', 'enjoyed', 'fishing', '例', '3', 'I', 'went', 'to', 'okinawa', 'I', 'SAW', 'THE', 'Blue', 'Sea', 'It', 'WAS', '小学校', '外国語', 'おく', '動名詞', '過去形', '文', '取り出す', '指導', 'する', 'こと', 'する', 'もの', '伝える', 'とき', 'I', 'LIKE', 'playing', 'tennis', '表現', 'する', 'こと', '指導', 'する', 'playing', 'tennis', '部分', '焦点', 'あてる', '動名詞', '使', 'いく', '理解', 'する', 'playing', 'tennis', 'is', 'FUN', '異なる', '表現', '中', '活用', 'する', 'こと', '指導', 'する', 'わけ', '中学校', '外国語', 'おく', '動名詞', '過去', '形', '文法', '事項', 'する', '扱う', '使い方', '理解', '深める', '同時', '別', '場面', '異なる', '表現', '中', '活用', 'できる', '指導', 'する', 'こと', 'する', 'いる', 'イ', '文', '構造', '文', '構造', '示す', 'もの', '扱う', 'こと', 'する', '文', '構造', '記述', '文', '構成要素', '示す', 'ため', '主語', '動詞', '目的語', '補語', '用語', '用いる', 'いる', 'a', '主語', '動詞', '主語', '動詞', '文', '構成要素', '二', '文', '構造', 'ある', '副詞', '句', '前置詞', '句', '加わる', '意味', '理解', 'なる', '場合', 'ある', '主語', '動詞', '的', '捉える', 'こと', 'できる', '指導', 'する', '必要', 'ある', '2', '章', '外国語', '目標', '例', '1', 'I', 'sometimes', 'get up', 'AT', '6', '00', '内容', '例', '2', 'I', 'went', 'to', 'okinawa', 'b', '主語', '動詞', '補語', 'うち', '⎩', '⎧', '名詞', '⎨', '主語', 'Be', '動詞', '+⎨', '代名詞', '⎧', '⎩', '形容詞', '主語', '動詞', '補語', '加わる', '文', '構造', 'うち', '動詞', 'Be', '動詞', '場合', '文', '構', '造', '扱う', '主語', 'Be', '動詞', '名詞', '96']"
2017,subject,5-6,2017_subject,40,pedagogical,"My name is Sakura.
David is a good tennis player.
My best memory is our school trip.
主語＋ be 動詞＋代名詞
This is me.
主語＋ be 動詞＋形容詞
I am happy.
Ken is strong.
It was fun.
中学校の外国語科においては，［主語＋動詞＋補語］の文のうち，be動詞以
外の動詞を用いた文構造を扱う。
主語＋be動詞以外の動詞＋名詞
The boy became an astronaut.
The girl became a pianist.
主語＋be動詞以外の動詞＋形容詞
You look nice in that jacket.
Tsuyoshi felt happy when a lot of people came to his concert.
ｃ ［主語＋動詞＋目的語］のうち，
⎩
⎧ 名詞
⎨
主語＋動詞＋⎨
⎧
⎩
代名詞
これは，［主語+動詞］に目的語が加わった文構造である。
２
（a）主語＋動詞＋名詞
英 語
I like apples very much.
I usually wash the dishes.
（b）主語＋動詞＋代名詞
This is my cap. I like it.
I like baseball. I play it on Saturdays.
そのほかに，第２の２（1）エ（ｱ）で示すように，基本的な表現として，動名詞
などを含んだ文や，動詞が過去形である文も扱う。
主語＋動詞＋動名詞
I like playing the piano.
I enjoyed swimming.
97","['My', 'name', 'is', 'SAKURA', 'DAVID', 'is', 'a', 'GOOD', 'tennis', 'Player', 'My', 'Best', 'Memory', 'is', 'our', 'school', 'trip', '主語', 'Be', '動詞', '代名詞', 'This', 'is', 'ME', '主語', 'Be', '動詞', '形容詞', 'I', 'AM', 'ken', 'is', 'strong', 'It', 'WAS', 'FUN', '中学校', '外国語', 'おく', '主語', '動詞', '補語', '文', 'うち', 'Be', '動詞', '以つ', '外', '動詞', '用いる', '文', '構造', '扱う', '主語', 'Be', '動詞', '以外', '動詞', '名詞', 'THE', 'boy', 'became', 'AN', 'astronaut', 'THE', 'Girl', 'became', 'a', 'pianist', '主語', 'Be', '動詞', '以外', '動詞', '形容詞', 'YOU', 'LOOK', 'Nice', 'In', 'that', 'jacket', 'tsuyoshi', 'felt', 'when', 'a', 'lot', 'of', 'People', 'came', 'to', 'HIS', 'CONCERT', 'c', '主語', '動詞', '目的語', 'うち', '⎩', '⎧', '名詞', '⎨', '主語', '動詞', '+⎨', '⎧', '⎩', '代名詞', '主語', '動詞', '目的語', '加わる', '文', '構造', 'ある', '2', 'a', '主語', '動詞', '名詞', '英', '語', 'I', 'LIKE', 'apples', 'VERY', 'much', 'I', 'usually', 'WASH', 'THE', 'dishes', 'b', '主語', '動詞', '代名詞', 'This', 'is', 'My', 'CAP', 'I', 'LIKE', 'IT', 'I', 'LIKE', 'BASEBALL', 'I', 'Play', 'It', 'on', 'saturdays', 'ほか', '2', '2', '1', 'エ', 'ア', '示す', '基本的', '表現', 'する', '動名詞', '含む', '文', '動詞', '過去形', 'ある', '文', '扱う', '主語', '動詞', '動名詞', 'I', 'LIKE', 'playing', 'THE', 'piano', 'I', 'enjoyed', 'swimming', '97']"
2017,subject,5-6,2017_subject,41,pedagogical,"また，動詞がwantであるとき，目的語として，名詞だけではなく，名詞的
扱いとなるto不定詞をとることがある。want＋to不定詞を取り扱う場合には，
児童の発達の段階を考慮して，五つの領域別の目標を達成するのにふさわしい
表現として指導するように留意する。
I want to go to Italy.
I want to be a vet.
〔思考力，判断力，表現力等〕
（2）情報を整理しながら考えなどを形成し，英語で表現したり，伝え合っ
たりすることに関する事項
具体的な課題等を設定し，コミュニケーションを行う目的や場面，状況な
どに応じて，情報を整理しながら考えなどを形成し，これらを表現すること
を通して，次の事項を身に付けることができるよう指導する。
外国語教育における学習過程では，児童が，①設定されたコミュニケーショ
ンの目的や場面，状況等を理解する，②目的に応じて情報や意見などを発信す
るまでの方向性を決定し，コミュニケーションの見通しを立てる，③目的達成
のため，具体的なコミュニケーションを行う，④言語面・内容面で自ら学習の
まとめと振り返りを行うというプロセスを経ることで，学んだことの意味付け
を行ったり，既得の知識や経験と，新たに得られた知識を言語活動へつなげ，
「思考力，判断力，表現力等」を高めたりすることが大切になる。
小学校の外国語科では，外国語教育において育成を目指す三つの資質・能力
を児童が身に付けることができるように指導する際，中学校で学ぶ内容を前倒
第２章
外国語科の目標 しするのではなく，身近なことに関する基本的な表現によって各領域の言語活
及び内容
動を行うこととしている。
「思考力，判断力，表現力等」としては，外国語を通じて，身近で簡単な事
柄について，音声で十分に慣れ親しんだ外国語の語彙や基本的な表現を推測し
ながら読んだり，語順を意識しながら書いたりするとともに，聞いたり話した
りして自分の考えや気持ちなどを伝え合う基礎的な力を養うことが求められる。
そのためには，具体的な課題を設定し，コミュニケーションを行う目的や場
面，状況等に応じて，既得の知識や経験と，他者から聞き取ったり，掲示やポ
スター等から読み取ったりした情報を整理しながら自分の考えなどを形成する
ことが必要である。このようにして形成された考えなどを表現することを通し
て，次のア及びイの事項を身に付けることができるように指導する。
98","['動詞', 'want', 'ある', 'とき', '目的語', 'する', '名詞', '名詞', '扱い', 'なる', 'to', '不定', '詞', 'とる', 'こと', 'ある', 'want', 'to', '不定', '詞', '取り扱う', '場合', '児童', '発達', '段階', '考慮', 'する', '五', '領域', '別', '目標', '達成', 'する', '表現', 'する', '指導', 'する', '留意', 'する', 'I', 'want to', 'Go', 'to', 'Italy', 'I', 'want to', 'Be', 'a', 'vet', '思考力', '判断力', '表現力', '2', '情報', '整理', 'する', '考え', '形成', 'する', '英語', '表現', 'する', '伝え合う', 'する', 'こと', '関する', '事項', '具体的', '課題', '設定', 'する', 'コミュニケーション', '行う', '目的', '場面', '状況', 'ど', '応ずる', '情報', '整理', 'する', '考え', '形成', 'する', '表現', 'する', 'こと', '通す', '次', '事項', '身', '付ける', 'こと', 'できる', '指導', 'する', '外国語', '教育', 'おく', '学習', '過程', '児童', '1', '設定', 'する', 'コミュニケーショ', '目的', '場面', '状況', '理解', 'する', '2', '目的', '応ずる', '情報', '意見', '発信', 'す', '方向性', '決定', 'する', 'コミュニケーション', '見通し', '立てる', '3', '目的', '達成', 'ため', '具体的', 'コミュニケーション', '行う', '4', '言語', '面', '内容', '面', '自ら', '学習', 'まとめ', '振り返り', '行う', 'いう', 'プロセス', '経る', 'こと', '学ぶ', 'こと', '意味', '付け', '行う', '既得', '知識', '経験', '得る', '知識', '言語', '活動', 'つなげる', '思考力', '判断力', '表現力', '高める', 'する', 'こと', 'なる', '小学校', '外国語', '外国語', '教育', 'おく', '育成', '目指す', '三', '資質', '能力', '児童', '身', '付ける', 'こと', 'できる', '指導', 'する', '際', '中学校', '学ぶ', '内容', '前', '2', '章', '外国語', '目標', 'する', 'する', 'こと', '関する', '基本的', '表現', 'よる', '領域', '言語', '活', '内容', '動', '行う', 'こと', 'する', 'いる', '思考力', '判断力', '表現力', 'する', '外国語', '通ずる', '事', '柄', 'つく', '音声', '慣れ親しむ', '外国語', '語彙', '基本的', '表現', '推測', 'する', '読む', '語順', '意識', 'する', '書く', 'する', 'とも', '聞く', '話す', 'りする', '自分', '考え', '気持ち', '伝え合う', '基礎的', '力', '養う', 'こと', '求める', 'ため', '具体的', '課題', '設定', 'する', 'コミュニケーション', '行う', '目的', '場', '面', '状況', '応ずる', '既得', '知識', '経験', '他者', '聞き取る', '掲示', 'ポ', 'スター', '読み取る', 'する', '情報', '整理', 'する', '自分', '考え', '形成', 'する', 'こと', '必要', 'ある', 'する', '形成', 'する', '考え', '表現', 'する', 'こと', '通す', '次', 'ア', 'イ', '事項', '身', '付ける', 'こと', 'できる', '指導', 'する', '98']"
2017,subject,5-6,2017_subject,42,pedagogical,"ア 身近で簡単な事柄について，伝えようとする内容を整理した上で，簡単
な語句や基本的な表現を用いて，自分の考えや気持ちなどを伝え合うこと。
この指導事項は，「聞くこと」，「話すこと［やり取り］」，「話すこと［発表］」
の領域に関するものである。自分のこと，友達や家族，学校生活など身近で簡
単な事柄について，コミュニケーションの目的や場面，状況等に応じて内容を
整理した上で，簡単な語句や基本的な表現の中から適切なものを選び，自分の
考えや気持ちなどを伝え合うことを示している。
ここで重要なことは，コミュニケーションを行う際，英語で伝え合うだけで
なく，自分の考えと，コミュニケーションする相手の考えを比較したり，新た
な考えを知識として取り入れたりしながら，自分の考えを再構築することであ
る。
また，こうした言語活動の質の高まりによる自分の考えの変容について，自
ら学習のまとめを行ったり，振り返りを行ったりすることで，「思考力，判断力，
表現力等」を高める必要がある。
イ 身近で簡単な事柄について，音声で十分に慣れ親しんだ簡単な語句や基
本的な表現を推測しながら読んだり，語順を意識しながら書いたりするこ
と。
この指導事項は，「読むこと」，「書くこと」の領域に関するものであり，自
分のこと，友達や家族，日常生活について，絵や写真等，言語外情報を伴って
示された簡単な語句や基本的な表現を推測しながら読んだり，語順を意識しな
２
がら書いたりすることを示している。
英 語
その際，単に絵や写真と結び付けて英語の意味を推測して読むことを目的と
するのではなく，例えば，外国の友達の日課について送られてきた写真を伴う
英文のメールを読み，自分の日課との共通点と相違点を捉え，返事をどのよう
に書くのかを考えながら絵や写真と結び付けて英語の意味を推測して読むこと
だけでなく，音声で十分慣れ親しんだ語句が文字のみで示された場合，文字の
音を頼りに，その語句の読み方を推測して読むなど，児童が「思考力，判断力，
表現力等」を働かせてコミュニケーションを行うことができるような目的や場
面，状況等を明確に設定する必要がある。
また，「語順を意識しながら」とは，文を書く際に，どのように語を並べる
と自分の伝えたいことが適切に伝わるかを考えることが重要であることを示し
99","['ア', '事柄', 'つく', '伝える', 'する', '内容', '整理', 'する', '上', '語句', '基本的', '表現', '用いる', '自分', '考え', '気持ち', '伝え合う', 'こと', '指導事項', '聞く', 'こと', '話す', 'こと', 'やり取り', '話す', 'こと', '発表', '領域', '関する', 'もの', 'ある', '自分', 'こと', '友達', '家族', '学校', '生活', '簡', '単', '事柄', 'つく', 'コミュニケーション', '目的', '場面', '状況', '応ずる', '内容', '整理', 'する', '上', '語句', '基本的', '表現', '中', 'もの', '選ぶ', '自分', '考え', '気持ち', '伝え合う', 'こと', '示す', 'いる', 'こと', 'コミュニケーション', '行う', '際', '英語', '伝え合う', '自分', '考え', 'コミュニケーション', 'する', '相手', '考え', '比較', 'する', '考え', '知識', 'する', '取り入れる', 'する', '自分', '考え', '構築', 'する', 'こと', 'する', '言語', '活動', '質', '高まり', 'よる', '自分', '考え', '変容', 'つく', '自', '学習', 'まとめ', '行う', '振り返り', '行う', 'する', 'こと', '思考力', '判断力', '表現力', '高める', '必要', 'ある', 'イ', '事柄', 'つく', '音声', '慣れ親しむ', '語句', '基', '本', '表現', '推測', 'する', '読む', '語順', '意識', 'する', '書く', 'する', 'こ', '指導事項', '読む', 'こと', '書く', 'こと', '領域', '関する', 'もの', 'ある', '自', '分', 'こと', '友達', '家族', '日常生活', 'つく', '絵', '写真', '言語', '情報', '伴う', '示す', '語句', '基本的', '表現', '推測', 'する', '読む', '語順', '意識', 'する', '2', '書く', 'する', 'こと', '示す', 'いる', '英', '語', '際', '絵', '写真', '結び付ける', '英語', '意味', '推測', 'する', '読む', 'こと', '目的', 'する', '外国', '友達', '日課', 'つく', '送る', 'くる', '写真', '伴う', '英文', 'メール', '読む', '自分', '日課', '共通点', '相違点', '捉える', '返事', '書く', '考える', '絵', '写真', '結び付ける', '英語', '意味', '推測', 'する', '読む', 'こと', '音声', '慣れ親しむ', '語句', '文字', '示す', '場合', '文字', '音', '頼り', '語句', '読み方', '推測', 'する', '読む', '児童', '思考力', '判断力', '表現力', '働く', 'コミュニケーション', '行う', 'こと', 'できる', '目的', '場', '面', '状況', '設定', 'する', '必要', 'ある', '語順', '意識', 'する', '文', '書く', '際', '語', '並べる', '自分', '伝える', 'こと', '伝わる', '考える', 'こと', 'ある', 'こと', '示す', '99']"
2017,subject,5-6,2017_subject,43,pedagogical,"ている。
英語では意味の伝達において語順が重要な役割を担っており，例えば，
“Sakura pushed Taku.”を，“Taku pushed Sakura.”と語の順序を替えれば，意味
が大きく異なってしまう。そのため，児童に英語の文構造を理解させるために，
語の配列等の特徴を日本語との比較の中で捉えて指導を行うなどの工夫も考え
られる。
また，単に，語順を意識して英語を書くだけでなく，例えば，外国の姉妹校
の同年代の児童とメールや手紙で「将来の夢」について伝え合い，自分たちの
夢との共通点や相違点を知ることで，多様な考え方や価値観に触れ，様々な国
の人々とのコミュニケーションへの意欲を高めるなど，主体的な学びにつなが
る学習活動を展開する必要がある。
（3）言語活動及び言語の働きに関する事項
① 言語活動に関する事項
（2）に示す事項については，（1）に示す事項を活用して，例えば，次のよ
うな言語活動を通して指導する。
本解説第２部第１章２（2）①で述べたとおり，外国語学習においては，語彙
や文法等の個別の知識がどれだけ身に付いたかに主眼が置かれるのではなく，
児童生徒の学びの過程全体を通じて，知識・技能が，実際のコミュニケーショ
ンにおいて活用され，思考・判断・表現することを繰り返すことを通じて獲得
され，学習内容の理解が深まるなど，資質・能力が相互に関係し合いながら育
成されることが必要である。
第２章
外国語科の目標 このため，（3）の「言語活動及び言語の働きに関する事項」においては，（2）
及び内容
に示す「思考力，判断力，表現力等」を育成するに当たり，（1）の「知識及び
技能」に示す事項を活用して，英語の目標に掲げられた「聞くこと」，「読むこ
と」，「話すこと［やり取り］」，「話すこと［発表］」及び「書くこと」の五つの
領域ごとの具体的な「①言語活動に関する事項」に示された言語活動を通して
指導することや，「②言語の働きに関する事項」を適切に取り上げて指導が行
われる必要があることを整理している。
ここで示されている言語活動は，中学年の外国語活動での学びを踏まえて設
定されている。なお，中学校においては，小学校の外国語科で提示された言語
活動のうち，小学校で学習した内容の定着の状況などの生徒の実態を踏まえな
がら，中学校の初年次の導入段階から必要な言語活動を通して学習を繰り返し
100","['いる', '英語', '意味', '伝達', 'おく', '語順', '役割', '担う', 'おる', 'SAKURA', 'pushed', 'taku', 'taku', 'pushed', 'SAKURA', '語', '順序', '替える', '意味', '異なる', 'しまう', 'ため', '児童', '英語', '文', '構造', '理解', 'する', 'ため', '語', '配列', '特徴', '日本語', '比較', '中', '捉える', '指導', '行う', '工夫', '考える', '語順', '意識', 'する', '英語', '書く', '外国', '姉妹', '同年代', '児童', 'メール', '手紙', '将来', '夢', 'つく', '伝え合う', '自分', '夢', '共通点', '相違点', '知る', 'こと', '考え方', '価値観', '触れる', '国', '人々', 'コミュニケーション', '意欲', '高める', '主体的', '学び', 'つなぐ', '学習', '活動', '展開', 'する', '必要', 'ある', '3', '言語', '活動', '言語', '働き', '関する', '事項', '1', '言語', '活動', '関する', '事項', '2', '示す', '事項', 'つく', '1', '示す', '事項', '活用', 'する', '次', '言語', '活動', '通す', '指導', 'する', '解説', '2', '部', '1', '章', '2', '2', '1', '述べる', 'とおり', '外国語', '学習', 'おく', '語彙', '文法', '個別', '知識', '身', '付く', '主眼', '置く', '児童', '生徒', '学び', '過程', '全体', '通ずる', '知識', '技能', '実際', 'コミュニケーショ', 'おく', '活用', 'する', '思考', '判断', '表現', 'する', 'こと', '繰り返す', 'こと', '通ずる', '獲得', 'する', '学習', '内容', '理解', '深まる', '資質', '能力', '相互', '関係', 'する', '合う', '成す', 'こと', '必要', 'ある', '2', '章', '外国語', '目標', 'ため', '3', '言語', '活動', '言語', '働き', '関する', '事項', 'おく', '2', '内容', '示す', '思考力', '判断力', '表現力', '育成', 'する', '当たる', '1', '知識', '技能', '示す', '事項', '活用', 'する', '英語', '目標', '掲げる', '聞く', 'こと', '読む', 'こ', '話す', 'こと', 'やり取り', '話す', 'こと', '発表', '書く', 'こと', '五', '領域', '具体的', '1', '言語', '活動', '関する', '事項', '示す', '言語', '活動', '通す', '指導', 'する', 'こと', '2', '言語', '働き', '関する', '事項', '取り上げる', '指導', '行', 'われる', '必要', 'ある', 'こと', '整理', 'する', 'いる', '示す', 'いる', '言語', '活動', '中学年', '外国語', '活動', '学び', '踏まえる', '設', '定', 'する', 'いる', '中学校', 'おく', '小学校', '外国語', '提示', 'する', '言語', '活動', 'うち', '小学校', '学習', 'する', '内容', '定着', '状況', '生徒', '実態', '踏まえる', 'がら', '中学校', '初', '年次', '導入', '段階', '必要', '言語', '活動', '通す', '学習', '繰り返す', '100']"
2017,subject,5-6,2017_subject,44,pedagogical,"行い，小学校からの学びを中学校段階へ接続させる指導を行うことを求めてい
る。
また，言語活動を行う際は，単に繰り返し活動を行うのではなく，児童が言
語活動の目的や言語の使用場面を意識して行うことができるよう，具体的な課
題等を設定し，その目的を達成するために，必要な言語材料を取捨選択して活
用できるようにすることが必要である。このような言語活動を通じて，児童の
「学びに向かう力，人間性等」を育成することが重要である。なお，今回の改
訂では，内容に示されていた言語の取扱いの一部について，「３ 指導計画の
作成と内容の取扱い」にまとめて整理をしている。
ア 聞くこと
（ｱ）自分のことや学校生活など，身近で簡単な事柄について，簡単な語句や
基本的な表現を聞いて，それらを表すイラストや写真などと結び付ける活
動。
この事項では，例えば，ＡＬＴが，“We have a fireworks festival in my country.
It is not in summer. It is in winter.”などと自国で行われている花火大会のことを
紹介する英語を聞いて，そのＡＬＴの国で花火大会が行われる月を表すカレン
ダーの絵を選ぶ活動など，聞いて理解した内容とイラストや写真に描かれてい
る非言語情報とを照らし合わせる活動のことを示している。ほかには，持って
いるものを紹介する英語を聞いて絵に丸を付け，自分と相手との共通点を探す
活動等が考えられる。また，施設が描かれている異なる町の絵を見ながら，“In
my city, we have a swimming pool.”という英語を聞いて，「my city」が描かれた
２
絵を選ぶ活動などを行うことも考えられる。
英 語
この活動を行う際の留意点は，「自分のことや学校生活など，身近で簡単な
事柄」を取り扱うことである。また，ゆっくりはっきりと話される英語を聞く
ことができるようにすることである。児童は，中学年の外国語活動において，
「聞くこと」の活動に取り組んでいるため，簡単な語句や基本的な表現を聞く
ことについて慣れ親しんでいる。ただし，全ての児童が「聞くこと」において
同じ学習状況にあるとは限らない。五つの領域の中で基盤となる領域が「聞く
こと」であることを踏まえ，どの児童も自信をもってこの活動に取り組むこと
ができるよう，聞かせる事柄や聞かせる英語の速さに留意するなどの配慮をす
ることが大切である。
101","['行う', '小学校', '学び', '中学校', '段階', '接続', 'する', '指導', '行う', 'こと', '求める', 'いる', '言語', '活動', '行う', '際', '繰り返す', '活動', '行う', '児童', '言', '語', '活動', '目的', '言語', '使用', '場面', '意識', 'する', '行う', 'こと', 'できる', '具体的', '課', '題', '設定', 'する', '目的', '達成', 'する', 'ため', '必要', '言語', '材料', '取捨', '選択', 'する', '用', 'できる', 'する', 'こと', '必要', 'ある', '言語', '活動', '通ずる', '児童', '学び', '向かう', '力', '人間性', '育成', 'する', 'こと', 'ある', '今回', '改', '内容', '示す', 'いる', '言語', '取扱い', '一部', 'つく', '3', '指導', '計画', '作成', '内容', '取扱い', 'まとめる', '整理', 'する', 'いる', 'ア', '聞く', 'こと', 'ア', '自分', 'こと', '学校', '生活', '事柄', 'つく', '語句', '基本的', '表現', '聞く', '表す', 'イラスト', '写真', '結び付ける', '活', '動', '事項', 'Alt', 'we', 'HAVE', 'a', 'fireworks', 'Festival', 'In', 'My', 'Country', 'It', 'is', 'NOT', 'In', 'SUMMER', 'It', 'is', 'In', 'winter', '自国', '行う', 'いる', '花火', '大会', 'こと', '紹介', 'する', '英語', '聞く', 'Alt', '国', '花火', '大会', '行う', '月', '表す', 'カレン', 'ダー', '絵', '選ぶ', '活動', '聞く', '理解', 'する', '内容', 'イラスト', '写真', '描く', 'いる', '言語', '情報', '照らし合わせる', '活動', 'こと', '示す', 'いる', 'ほか', '持つ', 'いる', 'もの', '紹介', 'する', '英語', '聞く', '絵', '丸', '付ける', '自分', '相手', '共通点', '探す', '活動', '考える', '施設', '描く', 'いる', '異なる', '町', '絵', '見る', 'In', 'My', 'CITY', 'we', 'HAVE', 'a', 'swimming pool', 'いう', '英語', '聞く', 'My', 'CITY', '描く', '2', '絵', '選ぶ', '活動', '行う', 'こと', '考える', '英', '語', '活動', '行う', '際', '留意点', '自分', 'こと', '学校', '生活', '事柄', '取り扱う', 'こと', 'ある', '話す', '英語', '聞く', 'こと', 'できる', 'する', 'こと', 'ある', '児童', '中学年', '外国語', '活動', 'おく', '聞く', 'こと', '活動', '取り組む', 'いる', 'ため', '語句', '基本的', '表現', '聞く', 'こと', 'つく', '慣れ親しむ', 'いる', '全て', '児童', '聞く', 'こと', 'おく', '学習', '状況', 'ある', '限る', '五', '領域', '中', '基盤', 'なる', '領域', '聞く', 'こと', 'ある', 'こと', '踏まえる', '児童', '自信', 'もつ', '活動', '取り組む', 'こと', 'できる', '聞く', '事柄', '聞く', '英語', '速さ', '留意', 'する', '配慮', 'す', 'こと', 'ある', '101']"
2017,subject,5-6,2017_subject,45,pedagogical,"（ｲ）日付や時刻，値段などを表す表現など，日常生活に関する身近で簡単な
事柄について，具体的な情報を聞き取る活動。
この事項において児童が聞き取る内容は，日常生活に関する身近で簡単な事
柄についての事実や出来事などの具体的な情報である。したがって，例えば，
自己紹介の場面で，学級の友達の誕生日や好きな季節などを聞き取ったり，「話
すこと［やり取り］」（ｲ）に取り組む中で，話し手が先週の休日に行った場所や
そこでしたことなどを聞き取ったりする活動も，この事項で行うことが考えら
れる。
日付や時刻，値段などの日常生活に関する身近な事柄を表す語句等は，中学
校以降の英語学習において何度も触れることになる汎用性の高いものである。
したがって，これらを表す語句や英語表現について，音声で十分慣れ親しみ，
聞いてその意味が分かるようにしておくことは大変重要なことである。
なお，この事項で取り扱うものに数字がある。中学年の外国語活動で児童が
慣れ親しんでいる数字が何かを把握し，桁の多い数字についても活動を通して
少しずつ聞き取ることができるように，段階的かつ繰り返しの指導を行うよう
にすることが大切である。
（ｳ）友達や家族，学校生活など，身近で簡単な事柄について，簡単な語句や
基本的な表現で話される短い会話や説明を，イラストや写真などを参考に
しながら聞いて，必要な情報を得る活動。
この事項では，短い会話や説明などある程度まとまりのある英語を聞いて必
要な情報を得る活動に取り組むことを示している。したがって，例えば，教師
第２章
外国語科の目標 が，“Hello. I want to be a pilot. I want to visit many countries. …”などと話して
及び内容
いる英語を，その内容に関係するイラストや写真を見ながら聞き，就きたい職
業，その理由などの情報を聞き取り，その話し手が誰なのかを選ぶ活動が考え
られる。
この事項における活動に取り組ませる際も，視覚資料を見ながら聞くことが
できるようにするなど，内容理解の助けとなる支援を行うことが必要である。
また，「聞くこと」（ｲ）が，「具体的な情報」であることに対して，この事項
で聞き取る内容は，「必要な情報」である。そのため，この活動に取り組む前
には，何を聞き取ればよいのか，また何を聞き取りたいのかを明らかにし，目
的意識をもった聞き方ができるように指導することが肝要である。一語一句全
てを詳細に聞き取ろうとするのではなく，自分にとって必要な情報を得ようと
102","['イ', '日付', '時刻', '値段', '表す', '表現', '日常生活', '関する', '事柄', 'つく', '具体的', '情報', '聞き取る', '活動', '事項', 'おく', '児童', '聞き取る', '内容', '日常生活', '関する', '事', '柄', 'つく', '事実', '出来事', '具体的', '情報', 'ある', 'したがう', '自己', '紹介', '場面', '学級', '友達', '誕生日', '季節', '聞き取る', '話', 'こと', 'やり取り', 'イ', '取り組む', '中', '話し手', '先週', '休日', '行く', '場所', 'こと', '聞き取る', 'する', '活動', '事項', '行う', 'こと', '考える', '日付', '時刻', '値段', '日常生活', '関する', '事柄', '表す', '語句', '中学', '以降', '英語', '学習', 'おく', '何度', '触れる', 'こと', 'なる', '汎用性', 'もの', 'ある', 'したがう', '表す', '語句', '英語', '表現', 'つく', '音声', '慣れ親しむ', '聞く', '意味', '分かる', 'する', 'おく', 'こと', 'こと', 'ある', '事項', '取り扱う', 'もの', '数字', 'ある', '中学年', '外国語', '活動', '児童', '慣れ親しむ', 'いる', '数字', '把握', 'する', '桁', '数字', 'つく', '活動', '通す', '聞き取る', 'こと', 'できる', '段階的', '繰り返し', '指導', '行う', 'する', 'こと', 'ある', 'ウ', '友達', '家族', '学校', '生活', '事柄', 'つく', '語句', '基本的', '表現', '話す', '会話', '説明', 'イラスト', '写真', '参考', 'する', '聞く', '必要', '情報', '得る', '活動', '事項', '会話', '説明', 'ある', '程度', 'まとまり', 'ある', '英語', '聞く', '要', '情報', '得る', '活動', '取り組む', 'こと', '示す', 'いる', 'したがう', '教師', '2', '章', '外国語', '目標', 'Hello', 'I', 'want to', 'Be', 'a', 'PILOT', 'I', 'want to', 'visit', 'many', 'countries', '話す', '内容', 'いる', '英語', '内容', '関係', 'する', 'イラスト', '写真', '見る', '聞く', '就く', '職', '理由', '情報', '聞き取る', '話し手', '選ぶ', '活動', '考える', '事項', 'おく', '活動', '取り組む', '際', '視覚', '資料', '見る', '聞く', 'こと', 'できる', 'する', '内容', '理解', '助け', 'なる', '支援', '行う', 'こと', '必要', 'ある', '聞く', 'こと', 'イ', '具体的', '情報', 'ある', 'こと', '対する', '事項', '聞き取る', '内容', '必要', '情報', 'ある', 'ため', '活動', '取り組む', '前', '聞き取る', '聞き取る', 'する', '目', '意識', 'もつ', '聞き方', 'できる', '指導', 'する', 'こと', 'ある', '一', '語', '一句', '詳細', '聞き取る', 'する', '自分', 'とる', '必要', '情報', '得る', '102']"
2017,subject,5-6,2017_subject,46,pedagogical,"する聞き方を身に付けることは，中学校以降，徐々に多くの英文を聞く活動に
取り組むようになることを見通したとき，大変重要である。
イ 読むこと
（ｱ）活字体で書かれた文字を見て，どの文字であるかやその文字が大文字で
あるか小文字であるかを識別する活動。
この事項における「識別する」とは，活字体で書かれた文字の中から，例え
ばA，Bやa，bという文字を見て，それらが，/ei/，/biː/を表した文字である
と認識することである。
活動としては，例えば，自己紹介の場面で，自分の名前を“My name is
Haruna.”と紹介した後，“H, a, r, u, n, a.”と自分の名前の綴りを言って，自分
の名前を相手にしっかりと伝える活動等が考えられる。この活動を行うために，
例えば，文字を一文字ずつ読んで音声に慣れ親しんだ後，a p c d o g u w c a t x
p などと不規則に並んで書かれた活字体の文字を見ながら，“ d /diː/, o /ou/, g /
dʒíː/. Dog.”という音声を聞いて該当する箇所（dog）を丸で囲むなどの活動に
取り組むことが考えられる。
この事項は「読むこと」の活動のうち最も基本的なものであり，丁寧で確実
な指導が必要である。例えば，歌やチャンツなどでまずは音声に十分に慣れ親
しませたり，身近な場所にある看板や持ち物に記されている活字体で書かれた
文字に意識を向けたり，先に示したような活動に取り組ませたりすることを，
単元を通して複数の授業において繰り返し取り扱うことが大切である。
２
（ｲ）活字体で書かれた文字を見て，その読み方を適切に発音する活動。
英 語
この事項における活動は，（ｱ）の活動と併せて行うこともできる。例えば，（ｱ）
で示した自己紹介の場面における活動において，“My name is Haruna. H, a, r, u,
n, a.”と児童が自分の名前の綴りを発音する活動がそれに相当する。
この事項における「読み方」とは，文字そのものを表す際の文字の名称の読
み方を指す。例えば，aやbであれば，/ei/や/biː/という発音のことである。
なお，第２の１（2「）読むこと」イで述べたとおり，英語の文字には，名称以
外に，語の中で用いられる場合の文字が示す音がある。文字の音の読み方は，
（ｳ）や（ｴ）の言語活動を行う際に，文字を識別し，語句の意味を捉えることに役
立つ。文字の音の読み方を指導する際は，文字の名称の読み方との混同や種類
103","['する', '聞き方', '身', '付ける', 'こと', '中学校', '以降', '徐々', '多く', '英文', '聞く', '活動', '取り組む', 'なる', 'こと', '見通す', 'とき', 'ある', 'イ', '読む', 'こと', 'ア', '活字体', '書く', '文字', '見る', '文字', 'ある', '文字', '大文字', 'ある', '小文字', 'ある', '識別', 'する', '活動', '事項', 'おく', '識別', 'する', '活字体', '書く', '文字', '中', 'a', 'b', 'a', 'b', 'いう', '文字', '見る', 'ei', 'bi', '表す', '文字', 'ある', '認識', 'する', 'こと', 'ある', '活動', 'する', '自己', '紹介', '場面', '自分', '名前', 'My', 'name', 'IS', 'haruna', '紹介', 'する', '後', 'H', 'a', 'r', 'u', 'N', 'a', '自分', '名前', '綴り', '言う', '自分', '名前', '相手', '伝える', '活動', '考える', '活動', '行う', 'ため', '文字', '一', '文字', '読む', '音声', '慣れ親しむ', '後', 'a', 'p', 'c', 'd', 'o', 'g', 'u', 'W', 'c', 'a', 't', 'x', 'p', '不規則', '並ぶ', '書く', '活字体', '文字', '見る', 'd', 'DI', 'o', 'ou', 'g', 'd', 'í', 'dog', 'いう', '音声', '聞く', '該当', 'する', '箇所', 'dog', '丸', '囲む', '活動', '取り組む', 'こと', '考える', '事項', '読む', 'こと', '活動', 'うち', '基本的', 'もの', 'ある', '指導', '必要', 'ある', '歌', 'チャンツ', '音声', '慣れる', '親', 'する', '場所', 'ある', '看板', '持ち物', '記す', 'いる', '活字体', '書く', '文字', '意識', '向ける', '先', '示す', '活動', '取り組む', 'する', 'こと', '単元', '通す', '複数', '授業', 'おく', '繰り返す', '取り扱う', 'こと', 'ある', '2', 'イ', '活字体', '書く', '文字', '見る', '読み方', '発音', 'する', '活動', '英', '語', '事項', 'おく', '活動', 'ア', '活動', '併せる', '行う', 'こと', 'できる', 'ア', '示す', '自己', '紹介', '場面', 'おく', '活動', 'おく', 'My', 'name', 'is', 'haruna', 'H', 'a', 'r', 'u', 'N', 'a', '児童', '自分', '名前', '綴り', '発音', 'する', '活動', '相当', 'する', '事項', 'おく', '読み方', '文字', 'もの', '表す', '際', '文字', '名称', '読', '方', '指す', 'a', 'b', 'ある', 'ei', 'bi', 'いう', '発音', 'こと', 'ある', '2', '1', '2', '読む', 'こと', 'イ', '述べる', 'とおり', '英語', '文字', '名称', '以つ', '外', '語', '中', '用いる', '場合', '文字', '示す', '音', 'ある', '文字', '音', '読み方', 'ウ', '言語', '活動', '行う', '際', '文字', '識別', 'する', '語句', '意味', '捉える', 'こと', '役', '立つ', '文字', '音', '読み方', '指導', 'する', '際', '文字', '名称', '読み方', '混同', '種類', '103']"
2017,subject,5-6,2017_subject,47,pedagogical,"の多さによる混乱から難しさを感じることがないよう留意する必要がある。ま
た，文字がもつ音のうち代表的なものを取り上げて，歌やチャンツを使って，
文字には名称と音があることに気付かせ，次の（ｳ）や（ｴ）の言語活動につなげる
ことが大切である。そのため，例えば，kやtが/k/や/t/と発音することを
‘koala’や‘ten’などの簡単な語を使って音声に慣れ親しませた後，kやtで
始まる思い付く単語を，ペアやグループで協力しながら制限時間内にできる限
り多く言わせる活動などが考えられる。
なお，発音と綴りを関連付けて指導することは，多くの語や文を目にしたと
き，苦手意識をもったり学習意欲を低下させたりすることなく，主体的に読も
うとするようになる上で大切なことの一つであるが，中学校の外国語科で指導
することとされている。
（ｳ）日常生活に関する身近で簡単な事柄を内容とする掲示やパンフレットな
どから，自分が必要とする情報を得る活動。
この事項では，例えば，海外旅行のパンフレットを模した紙面を読んで，行
きたい国で有名な食べ物やお勧めの季節などの情報を得る活動や，テレビ番組
欄を模した紙面を読み，曜日や見たいスポーツ（スポーツ番組名）などの情報
を得る活動に取り組むことを示している。
この事項では，情報を得る際に読ませるものとして，「掲示やパンフレット」
という例示をしている。掲示やパンフレットでは，伝えたい情報を読み手に効
果的に伝えるために，写真や絵などの視覚材料を示した上で，当該情報が語句
や短い文で分かりやすく示されていることが多い。つまり，この活動において
児童に読ませる英語は，語句や１～２文程度の単文を示しているということで
第２章
外国語科の目標 ある。また，理解の助けとなるよう，その英語が表す内容と関連した絵や写真
及び内容
などを付記することも必要である。
また，簡単な語句や基本的な表現を読むということは，それらの語句等を音
声化することが含有されている。したがって，例えば“We have a snow festival
in a city.”という文を読ませる活動に取り組ませる場合，その前段階として，
それぞれの語（we，have，snowなど）と表現（We have ～ in ～.）について音
声で十分に慣れ親しむ活動，（ｲ）に示した活字体で書かれた文字を見て，その
読み方を適切に発音する活動，絵カードに語を書き添えてそれを使用し続ける
などにより，語を一つのまとまりとして徐々に認識する活動などに取り組ませ
ておくことが，推測しながら読ませる上でも必要である。
104","['よる', '混乱', '難しさ', '感じる', 'こと', '留意', 'する', '必要', 'ある', '文字', 'もつ', '音', 'うち', '代表的', 'もの', '取り上げる', '歌', 'チャンツ', '使う', '文字', '名称', '音', 'ある', 'こと', '気付く', '次', 'ウ', '言語', '活動', 'つなげる', 'こと', 'ある', 'ため', 'k', 't', 'k', 't', '発音', 'する', 'こと', 'koala', 'ten', '語', '使う', '音声', '慣れ親しむ', '後', 'k', 't', '始まる', '思い付く', '単語', 'ペア', 'グループ', '協力', 'する', '制限時間', 'できる', '限', '言う', '活動', '考える', '発音', '綴り', '関連', '付ける', '指導', 'する', 'こと', '多く', '語', '文', '目', 'する', '苦手', '意識', 'もつ', '学習', '意欲', '低下', 'する', 'する', 'こと', '主体的', '読む', 'する', 'なる', '上', 'こと', '一', 'ある', '中学校', '外国語', '指導', 'する', 'こと', 'する', 'いる', 'ウ', '日常生活', '関する', '事柄', '内容', 'する', '掲示', 'パンフレット', '自分', '必要', 'する', '情報', '得る', '活動', '事項', '海外旅行', 'パンフレット', '模する', '紙面', '読む', '行', 'きたい', '食べ物', 'お勧め', '季節', '情報', '得る', '活動', 'テレビ', '番組', '欄', '模する', '紙面', '読む', '曜日', '見る', 'スポーツ', 'スポーツ', '番組名', '情報', '得る', '活動', '取り組む', 'こと', '示す', 'いる', '事項', '情報', '得る', '際', '読む', 'もの', 'する', '掲示', 'パンフレット', 'いう', '例示', 'する', 'いる', '掲示', 'パンフレット', '伝える', '情報', '読み手', '効', '果', '伝える', 'ため', '写真', '絵', '視覚', '材料', '示す', '上', '当該', '情報', '語句', '文', '分かる', '示す', 'いる', 'こと', '活動', 'おく', '児童', '読む', '英語', '語句', '1', '2', '文', '程度', '単文', '示す', 'いる', 'いう', 'こと', '2', '章', '外国語', '目標', 'ある', '理解', '助け', 'なる', '英語', '表す', '内容', '関連', 'する', '絵', '写真', '内容', '付記', 'する', 'こと', '必要', 'ある', '語句', '基本的', '表現', '読む', 'いう', 'こと', '語句', '音', '声', 'する', 'こと', '含有', 'する', 'いる', 'したがう', 'we', 'HAVE', 'a', 'Snow', 'Festival', 'In', 'a', 'CITY', 'いう', '文', '読む', '活動', '取り組む', '場合', '前', '段階', 'する', 'それぞれ', '語', 'we', 'HAVE', 'Snow', '表現', 'we', 'HAVE', 'In', 'つく', '音', '声', '慣れ親しむ', '活動', 'イ', '示す', '活字体', '書く', '文字', '見る', '読み方', '発音', 'する', '活動', '絵', 'カード', '語', '書き添える', '使用', 'する', '続ける', 'よる', '語', '一', 'まとまり', 'する', '徐々', '認識', 'する', '活動', '取り組む', 'おく', 'こと', '推測', 'する', '読む', '上', '必要', 'ある', '104']"
2017,subject,5-6,2017_subject,48,pedagogical,"（ｴ）音声で十分に慣れ親しんだ簡単な語句や基本的な表現を，絵本などの中
から識別する活動。
この事項においては，「絵本」という例示をしている。絵本には，内容理解
を促すための絵や写真がふんだんに使用されているということのほか，主題や
ストーリーがはっきりしているという特徴がある。したがって，「絵本」とい
う例示により，児童に複数の文を読ませる際は，何らかのテーマについて話の
展開が分かりやすく書かれているものを読ませることの必要性を示している。
加えて，絵本には，同じ表現が意図的に繰り返し示されているという特徴もあ
る。したがって，児童には，例えば，将来の夢について書かれた英語を読む活
動の場合であれば，複数の登場人物が，どの人も，“I want to be a ～.”（就きた
い職業），“I can ～.”（その職業に就きたい理由），“I want to ～.”（その職業に
就いてしたいこと）などと言っている英文を読ませるなど，同じ表現を繰り返
し使って書かれている英文を読ませることの大切さも示している。
以上のことから，この事項における活動で読ませるテキストタイプとしては，
絵本のほか，日記や身近な事柄についての紹介文なども考えられる。
また，この事項が示している活動には大きく二種類ある。
一つ目は，文を読んで，その中から音声で十分に慣れ親しんだ簡単な語句や
基本的な表現を識別する活動である。この活動を行う前段階として行う基礎的
な活動としては，次のようなものが考えられる。絵本の読み聞かせを，児童と
やり取りしながら行う中で，“What color is this? Yes! Itʼs red.”と色に着目させ
るやり取りをする。この段階では多くの児童は絵本の絵を見ながら答えている
と思われるため，先の質問に答えさせた後，絵本の文を指しながら，“Where
is‘ red’? red, red, red ...”と問い掛ける。そのことで絵ではなく文に着目させ，
２
文中にある‘red’を見つけさせる。
英 語
二つ目は，音声で十分に慣れ親しんだ簡単な語句や基本的な表現で書かれた
文を読んで，その意味を捉える活動である。活動としては次のようなものが考
えられる。小学校生活の思い出アルバムを作成し，互いのアルバムを読んで，
相手の思い出が何なのかを理解する活動を設定する。理解を助ける写真などと
ともに，“I enjoyed jumping rope. It was exciting.”という２文の英文を読ませる。
そして，書き手の一番心に残っている学校行事は何で，その行事で楽しかった
ことは何かなどの主な内容を捉えさせる。
どちらの活動に取り組ませる場合も，その前段階として，読ませる語句や表
現に音声で十分に慣れ親しませることは必須である。また，活字体の読み方を
想起させたり，児童の実態によっては，第３学年の国語科で日本語のローマ字
105","['音声', '慣れ親しむ', '語句', '基本的', '表現', '絵本', '中', '識別', 'する', '活動', '事項', 'おく', '絵本', 'いう', '例示', 'する', 'いる', '絵本', '内容', '理解', '促す', 'ため', '絵', '写真', '使用', 'する', 'いる', 'いう', 'こと', 'ほか', '主題', 'ストーリー', 'する', 'いる', 'いう', '特徴', 'ある', 'したがう', '絵本', 'いる', '例示', 'よる', '児童', '複数', '文', '読む', '際', 'テーマ', 'つく', '話', '展開', '分かる', '書く', 'いる', 'もの', '読む', 'こと', '必要性', '示す', 'いる', '加える', '絵本', '表現', '意図的', '繰り返す', '示す', 'いる', 'いう', '特徴', 'したがう', '児童', '将来', '夢', 'つく', '書く', '英語', '読む', '動', '場合', 'ある', '複数', '登場', '人物', '人', 'I', 'want to', 'Be', 'a', '就く', '職業', 'I', 'can', '職業', '就く', '理由', 'I', 'want to', '職業', 'する', 'こと', '言う', 'いる', '英文', '読む', '表現', '繰る', '返', '使う', '書く', 'いる', '英文', '読む', 'こと', '示す', 'いる', '以上', 'こと', '事項', 'おく', '活動', '読む', 'テキスト', 'タイプ', 'する', '絵本', 'ほか', '日記', '事柄', 'つく', '紹介', '文', '考える', '事項', '示す', 'いる', '活動', '二', '種類', 'ある', '一', '文', '読む', '中', '音声', '慣れ親しむ', '語句', '基本的', '表現', '識別', 'する', '活動', 'ある', '活動', '行う', '前', '段階', 'する', '行う', '基礎的', '活動', 'する', '次', 'もの', '考える', '絵本', '読み聞かせ', '児童', 'やり取り', 'する', '行う', '中', 'what', 'Color', 'is', 'This', 'Yes', 'IT', 's', 'Red', '色', '着目', 'する', 'やり取り', 'する', '段階', '多く', '児童', '絵本', '絵', '見る', '答える', 'いる', '思う', 'ため', '先', '質問', '答える', '後', '絵本', '文', '指す', 'where', 'IS', 'Red', 'Red', 'Red', 'Red', '問い掛ける', 'こと', '絵', '文', '着目', 'する', '2', '文中', 'ある', 'Red', '見つける', '英', '語', '二', '音声', '慣れ親しむ', '語句', '基本的', '表現', '書く', '文', '読む', '意味', '捉える', '活動', 'ある', '活動', 'する', '次', 'もの', '考', 'える', '小学校', '生活', '思い出', 'アルバム', '作成', 'する', '互い', 'アルバム', '読む', '相手', '思い出', '理解', 'する', '活動', '設定', 'する', '理解', '助ける', '写真', 'とも', 'I', 'enjoyed', 'jumping', 'rope', 'It', 'WAS', 'exciting', 'いう', '2', '文', '英文', '読む', '書き手', '心', '残る', 'いる', '学校', '行事', '行事', 'こと', '内容', '捉える', '活動', '取り組む', '場合', '前', '段階', 'する', '読む', '語句', '表', '音声', '慣れ親しむ', 'こと', '必須', 'ある', '活字体', '読み方', '想起', 'する', '児童', '実態', 'よる', '3', '学年', '国語科', '日本語', 'ローマ字', '105']"
2017,subject,5-6,2017_subject,49,pedagogical,"表記を学習していることを踏まえ，例えば「カ」がkaと書かれていることか
ら/k/の音など，英語の文字の音を想起させたりすることは，読み方を推測さ
せる上で有効な支援といえる。
ウ 話すこと［やり取り］
（ｱ）初対面の人や知り合いと挨拶を交わしたり，相手に指示や依頼をして，
それらに応じたり断ったりする活動。
この事項では，例えば，年度初めに学級の友達と行う自己紹介や，道案内，
レストランで客と店員になりきって行う活動などに取り組むことを示してい
る。例えばレストランでの会話であれば，次のようなやり取りが考えられる。
Ａ： What would you like?
Ｂ： Iʼd like pizza.
Ａ： OK. How about drinks?
Ｂ： No, thank you.
この事項における活動は，「挨拶」，「自己紹介」，「買物」，「食事」，「道案内」，
「旅行」など，第２の２（3）②で示す「特有の表現がよく使われる場面」を設定
して行われることが多くなると考えられる。換言すると，この事項は，これら
の表現を活動において使用させることに適しているといえる。
なお，自己紹介については，「話すこと［発表］」（ｲ）でも取り上げている。
自己紹介の活動を，一方向的な活動として取り組ませるのか双方向的な活動と
して取り組ませるのかによって事項が異なるが，まず自己紹介をし，その後そ
の内容についてやり取りをするという活動にすれば，二つの事項を併せて指導
第２章
外国語科の目標 できることになる。
及び内容
（ｲ）日常生活に関する身近で簡単な事柄について，自分の考えや気持ちなど
を伝えたり，簡単な質問をしたり質問に答えたりして伝え合う活動。
この事項では，例えば，自分が好きな日本の食文化について互いの考えや気
持ちを伝え合う活動に取り組むことを示している。この活動においては，次の
ようなやり取りが考えられる。
Ａ： I like sushi very much. Itʼs delicious.
Ｂ： You like sushi. Me, too. Sushi is delicious. I like salmon.
Do you like it（ salmon）?
106","['表記', '学習', 'する', 'いる', 'こと', '踏まえる', 'カ', 'ka', '書く', 'いる', 'こと', 'k', '音', '英語', '文字', '音', '想起', 'する', 'する', 'こと', '読み方', '推測', '上', '支援', 'いえる', 'ウ', '話す', 'こと', 'やり取り', 'ア', '初', '対面', '人', '知り合い', '挨拶', '交わす', '相手', '指示', '依頼', 'する', '応ずる', '断る', 'する', '活動', '事項', '年度', '初め', '学級', '友達', '行う', '自己', '紹介', '道案内', 'レストラン', '客', '店員', 'なる', 'きる', '行う', '活動', '取り組む', 'こと', '示す', 'いる', 'レストラン', '会話', 'ある', '次', 'やり取り', '考える', 'a', 'what', 'would you', 'like', 'b', 'I', 'd', 'LIKE', 'pizza', 'a', 'OK', 'how', 'about', 'drinks', 'b', 'NO', 'thank you', '事項', 'おく', '活動', '挨拶', '自己', '紹介', '買物', '食事', '道案内', '旅行', '2', '2', '3', '2', '示す', '表現', '使う', '場面', '設定', 'する', '行う', 'こと', 'なる', '考える', '換言', 'する', '事項', '表現', '活動', 'おく', '使用', 'する', 'こと', '適する', 'いる', 'いえる', '自己', '紹介', 'つく', '話す', 'こと', '発表', 'イ', '取り上げる', 'いる', '自己', '紹介', '活動', '一', '方向', '活動', 'する', '取り組む', '双方向', '活動', 'する', '取り組む', 'よる', '事項', '異なる', '自己', '紹介', 'する', 'その後', '内容', 'つく', 'やり取り', 'する', 'いう', '活動', 'する', '二', '事項', '併せる', '指導', '2', '章', '外国語', '目標', 'できる', 'こと', 'なる', '内容', 'イ', '日常生活', '関する', '事柄', 'つく', '自分', '考え', '気持ち', '伝える', '質問', 'する', '質問', '答える', 'する', '伝え合う', '活動', '事項', '自分', '日本', '食', '文化', 'つく', '互い', '考え', '気', '持ち', '伝え合う', '活動', '取り組む', 'こと', '示す', 'いる', '活動', 'おく', '次', 'やり取り', '考える', 'a', 'I', 'LIKE', 'sushi', 'VERY', 'much', 'IT', 's', 'delicious', 'b', 'YOU', 'LIKE', 'sushi', 'ME', 'too', 'sushi', 'is', 'delicious', 'I', 'LIKE', 'salmon', 'do', 'YOU', 'LIKE', 'IT', 'salmon', '106']"
2017,subject,5-6,2017_subject,50,pedagogical,"Ａ： Yes. I like tuna, too. How about you?
次の（ｳ）が即興的な活動を示していることに対して，この事項における活動
には，必ずしも即興性が求められているわけではない。したがって，日常生活
に関する身近で簡単な事柄について，児童が自分の考えをもつことができるよ
うになる指導を，単元や授業の中で必要に応じて行うことが考えられる。先に
示した活動であれば，日本の食文化としてどのようなものがあるかを知ったり，
それらを説明したりそれらに対する気持ちを伝えるための表現を言うことがで
きるようになったりするための指導を行うことが考えられるということである。
また，やり取りがある程度は継続するように，相手が言ったことを繰り返し
たり，応答したり，質問したりすることができるようになるための指導も必要
である。上記の例であれば，“You like sushi.”（繰り返し）“Me, too.”（応答）“Do
you like it（ salmon）?”“How about you?”（質問）がそれらに相当する。これら
の表現をやり取りの中で自然に使えるようになるために，まずは，教師が児童
と身近な話題について英語を使って簡単なやり取りをすること，そのようなや
り取りの機会を継続的にもつこと，そして，そのやり取りの中で，教師が当該
表現を意識的に繰り返し使用するといった「やってみせる指導」が大切である。
そして，段階的に児童同士がやり取りをする機会をもてるようにし，そのやり
取りの中で児童に当該表現を継続的に使用することで活用できるようにするこ
とが肝要である。
（ｳ）自分に関する簡単な質問に対してその場で答えたり，相手に関する簡単
な質問をその場でしたりして，短い会話をする活動。
この事項では，「質問に対してその場で答えたり」，「質問をその場でしたり」
２
する即興的な活動に取り組むことを示している。ただし，即興的といっても，
英 語
学習の段階を考慮し，話題を「自分に関する」ことに，そして質問は「簡単な」
ものにそれぞれ限定し，児童が行う会話は「短い」ものとしている。なお，「自
分に関する」こととしているのは，そのような事柄についてであれば，その場
で質問に答えたり質問したりすることが比較的容易であると考えられるからで
ある。
本活動においては，例えば，次のようなやり取りが考えられる。
Ａ： What sports do you like?
Ｂ： I like baseball.
Ａ： Do you like ～（ 野球選手の名前）?
Ｂ： Yes.
107","['a', 'Yes', 'I', 'LIKE', 'tuna', 'too', 'how', 'about', 'YOU', '次', 'ウ', '即興的', '活動', '示す', 'いる', 'こと', '対する', '事項', 'おく', '活動', '即興', '求める', 'いる', 'わけ', 'したがう', '日常生活', '関する', '事柄', 'つく', '児童', '自分', '考え', 'もつ', 'こと', 'できる', 'うに', '指導', '単元', '授業', '中', '必要', '応ずる', '行う', 'こと', '考える', '先', '示す', '活動', 'ある', '日本', '食', '文化', 'する', 'もの', 'ある', '知る', '説明', 'する', '対する', '気持ち', '伝える', 'ため', '表現', '言う', 'こと', 'きる', 'なる', 'する', 'ため', '指導', '行う', 'こと', '考える', 'いう', 'こと', 'ある', 'やり取り', 'ある', '程度', '継続', 'する', '相手', '言う', 'こと', '繰り返す', '応答', 'する', '質問', 'する', 'する', 'こと', 'できる', 'なる', 'ため', '指導', '必要', 'ある', '上記', '例', 'ある', 'YOU', 'LIKE', 'sushi', '繰り返し', 'ME', 'too', '応答', 'do', 'YOU', 'LIKE', 'IT', 'salmon', 'how', 'about', 'YOU', '質問', '相当', 'する', '表現', 'やり取り', '中', '使える', 'なる', 'ため', '教師', '児童', '話題', 'つく', '英語', '使う', 'やり取り', 'する', 'こと', '取り', '機会', '継続的', 'もつ', 'こと', 'やり取り', '中', '教師', '当該', '表現', '意識的', '繰り返す', '使用', 'する', 'いう', 'やる', 'みせる', '指導', 'ある', '段階的', '児童', 'やり取り', 'する', '機会', 'もてる', 'する', 'やる', '取り', '中', '児童', '当該', '表現', '継続的', '使用', 'する', 'こと', '活用', 'できる', 'する', 'こ', 'ある', 'ウ', '自分', '関する', '質問', '対する', '場', '答える', '相手', '関する', '質問', '場', 'する', 'する', '会話', 'する', '活動', '事項', '質問', '対する', '場', '答える', '質問', '場', 'する', '2', 'する', '即興的', '活動', '取り組む', 'こと', '示す', 'いる', '即興的', 'いう', '英', '語', '学習', '段階', '考慮', 'する', '話題', '自分', '関する', 'こと', '質問', 'もの', 'それぞれ', '限定', 'する', '児童', '行う', '会話', 'もの', 'する', 'いる', '自', '分', '関する', 'こと', 'する', 'いる', '事柄', 'つく', 'ある', '場', '質問', '答える', '質問', 'する', 'する', 'こと', '比較的', 'ある', '考える', 'ある', '活動', 'おく', '次', 'やり取り', '考える', 'a', 'what', 'SPORTS', 'do', 'YOU', 'like', 'b', 'I', 'LIKE', 'BASEBALL', 'a', 'do', 'YOU', 'LIKE', '野球', '選手', '名前', 'b', 'Yes', '107']"
2017,subject,5-6,2017_subject,51,pedagogical,"児童がこのようなやり取りに主体的に取り組むことができるようになるため
には，（ｲ）と同様に，「やってみせる」指導から始めることが大切である。その
際，教師の質問は，“Do you ～?”“Are you ～?”“Can you ～?”“What ～ do you
～?”など，児童が音声で十分慣れ親しんでいる疑問文を使うことが肝要である。
また，教師の話に対して児童に質問をさせる機会を全体の場で設け，必要に応
じて「今なら“Do you like ～?”を使って質問できると思うよ。どんな質問が
できそうですか」などと既習表現を想起させるなどの指導も，この活動に至る
までに行う指導として効果的であると思われる。
児童は，その場で質問したり，その場でその質問に答えたりすることについ
て，最初は難しさを感じたり，質問や答えをすぐに言えなかったりする場合が
あるかもしれない。しかし，すぐにできないのは自然なことだと考えられる。
まずは教師が，児童の話す内容に共感したり驚いたり喜んだりするなど，言葉
が正しく使えていたかだけではなく，話されている内容そのものにも意識を向
けることを大切にする。その上で，児童の可能性を信じて，長いスパンで本活
動に取り組ませたり上述したような指導を行ったりし続けることに努めたい。
なお，すぐにできないのは自然なことであるため，この活動に取り組ませた後
すぐに，「質問できましたか」「質問に答えることができましたか」などと活動
の成果を確認することは避けた方がよい。このことは，（ｲ）の事項でも同様で
ある。
エ 話すこと［発表］
（ｱ）時刻や日時，場所など，日常生活に関する身近で簡単な事柄を話す活動。
第２章
外国語科の目標 この事項では，例えば，自分の休日の過ごし方について説明する活動に取り
及び内容
組むことを示している。この活動においては，次のような発表が考えられる。
“On Sunday, I usually get up at seven. I always walk with my dog. I usually eat
breakfast at eight.”
この事項における活動では，ほかの事項における活動以上に多様な語句を扱
うことができる。
まず，数字や月，曜日，場所を表す前置詞などの語句である。これらは，ほ
かの事項における活動においても使用する可能性のある汎用性が高い語句であ
る。
次に，get，walk，do，brush，checkなどの動詞である。これらのうちいくつ
かは，例えばget up「起床する」，do my homework「宿題をする」，brush my
108","['児童', 'やり取り', '主体的', '取り組む', 'こと', 'できる', 'なる', 'ため', 'イ', 'やる', 'みせる', '指導', '始める', 'こと', 'ある', '際', '教師', '質問', 'do', 'YOU', 'ARE', 'YOU', 'can you', 'what', 'do', 'YOU', '児童', '音声', '慣れ親しむ', 'いる', '疑問文', '使う', 'こと', 'ある', '教師', '話', '対する', '児童', '質問', 'する', '機会', '全体', '場', '設ける', '必要', '応', '今', 'do', 'YOU', 'LIKE', '使う', '質問', 'できる', '思う', '質問', 'できる', '既習', '表現', '想起', 'する', '指導', '活動', '至る', '行う', '指導', 'する', '効果的', 'ある', '思う', '児童', '場', '質問', 'する', '場', '質問', '答える', 'する', 'こと', 'つく', '最初', '難しさ', '感ずる', '質問', '答え', '言える', 'する', '場合', 'ある', 'しれる', 'できる', 'こと', '考える', '教師', '児童', '話す', '内容', '共感', 'する', '驚く', '喜ぶ', 'する', '言葉', '使える', 'いる', '話す', 'いる', '内容', 'もの', '意識', '向', 'ける', 'こと', 'する', '上', '児童', '可能性', '信ずる', 'スパン', '動', '取り組む', '上述', 'する', '指導', '行う', 'する', '続ける', 'こと', '努める', 'できる', 'こと', 'ある', 'ため', '活動', '取り組む', '後', '質問', 'できる', '質問', '答える', 'こと', 'できる', '活動', '成果', '確認', 'する', 'こと', '避ける', '方', 'こと', 'イ', '事項', 'ある', 'エ', '話す', 'こと', '発表', 'ア', '時刻', '日時', '場所', '日常生活', '関する', '事柄', '話す', '活動', '2', '章', '外国語', '目標', '事項', '自分', '休日', '過ごす', 'つく', '説明', 'する', '活動', '取る', '内容', '組む', 'こと', '示す', 'いる', '活動', 'おく', '次', '発表', '考える', 'on', 'SUNDAY', 'I', 'usually', 'get up', 'AT', 'seven', 'I', 'ALWAYS', 'walk', 'with', 'My', 'dog', 'I', 'usually', 'eat', 'breakfast', 'AT', 'EIGHT', '事項', 'おく', '活動', 'ほか', '事項', 'おく', '活動', '以上', '語句', '扱', 'こと', 'できる', '数字', '月', '曜日', '場所', '表す', '前置詞', '語句', 'ある', '事項', 'おく', '活動', 'おく', '使用', 'する', '可能性', 'ある', '汎用性', '語句', '次', 'get', 'walk', 'do', 'brush', 'CHECK', '動詞', 'ある', 'うち', 'いくつ', 'get up', '起床', 'する', 'do', 'My', 'homework', '宿題', 'する', 'brush', 'My', '108']"
2017,subject,5-6,2017_subject,52,pedagogical,"teeth「歯を磨く」などのように，動詞単独ではなく使用頻度の高い連語として
自然に使用させることができる。
次に，always，usually，sometimesなどの頻度を表す副詞である。これらの
語の意味は，日本語の意味と一対一対応で理解しようとしても難しい場合があ
るが，この事項の活動のように，自分が実際に日常的に行っていることを思い
浮かべながら，それらを表現するために使用させることで，より一層活用でき
るようになることが期待できる。
これらの多様な語句は，一度に限って指導するのではなく，視聴覚教材など
を活用しながら聞かせることで意味を捉えることができるようにし，その後，
例えば同じ動詞や連語を複数回の授業で繰り返し使用するなど，何度も聞いた
り言ったりすることができるような指導を行うことが必要である。
（ｲ）簡単な語句や基本的な表現を用いて，自分の趣味や得意なことなどを含
めた自己紹介をする活動。
自己紹介で使用することが想定される語句や英語表現としては，“My name
is ～.”“My birthday is ～.”“I like/have/play/watch ～.”“I can ～.”“Iʼm good at ～.”
“I want to ～.”などが考えられる。
年度初めに，学級の児童一人一人が自己紹介をし合うことは，お互いを知り
合うよい機会になる。また，自分自身のことを表現することになるため，話す
内容を伝えたい欲求をもたせやすい。
一方で，学校によっては，年度初めで新しい学級になったとしても構成メン
バーは同じであったり，多くは知っている者同士であったりすることも珍しく
ない。そのような場合，知っていることを伝え合うことになってしまい，活動
２
に取り組む必然性がなくなり，活動に対する意欲をもたせにくくなる。
英 語
そこで，学校の状況や児童の実態に応じた工夫をすることが必要になる。例
えば，自己紹介の内容が少しでも豊かになるよう，（ｱ）の事項と関連付けて，
いくつかの動詞や頻度を表す副詞を使って自己紹介をさせることが考えられ
る。また，「話すこと［やり取り］」（ｳ）の事項と関連付けて，まずは複数人と
自己紹介をし合い，そこで得た情報を踏まえて，自己紹介し合った中の誰かに
なりきって話し，誰になりきっているかを当てるという活動を行うことも考え
られる。
（ｳ）簡単な語句や基本的な表現を用いて，学校生活や地域に関することなど，
身近で簡単な事柄について，自分の考えや気持ちなどを話す活動。
109","['teeth', '歯', '磨く', '動詞', '使用', '頻度', '連語', 'する', '使用', 'する', 'こと', 'できる', '次', 'ALWAYS', 'usually', 'sometimes', '頻度', '表す', '副詞', 'ある', '語', '意味', '日本語', '意味', '一', '対', '一', '対応', '理解', 'する', 'する', '場合', '事項', '活動', '自分', '実際', '日常的', '行う', 'いる', 'こと', '思う', '浮かべる', '表現', 'する', 'ため', '使用', 'する', 'こと', '活用', 'できる', 'なる', 'こと', '期待', 'できる', '語句', '一度', '限る', '指導', 'する', '視聴覚', '教材', '活用', 'する', '聞く', 'こと', '意味', '捉える', 'こと', 'できる', 'する', '後', '動詞', '連語', '複数回', '授業', '繰り返す', '使用', 'する', '何度', '聞く', '言う', 'する', 'こと', 'できる', '指導', '行う', 'こと', '必要', 'ある', 'イ', '語句', '基本的', '表現', '用いる', '自分', '趣味', '得意', 'こと', '含', '自己', '紹介', 'する', '活動', '自己', '紹介', '使用', 'する', 'こと', '想定', 'する', '語句', '英語', '表現', 'する', 'My', 'name', 'is', 'My', 'birthday', 'is', 'I', 'LIKE', 'HAVE', 'Play', 'watch', 'I', 'can', 'I', 'm', 'GOOD', 'AT', 'I', 'want to', '考える', '年度', '初め', '学級', '児童', '一人一人', '自己', '紹介', 'し合う', 'こと', '互い', '知る', '合う', '機会', 'なる', '自分自身', 'こと', '表現', 'する', 'こと', 'なる', 'ため', '話す', '内容', '伝える', '欲求', 'もたせる', '一方', '学校', 'よる', '年度', '初め', '学級', 'なる', 'する', '構成', 'メン', 'バー', 'ある', '多く', '知る', 'いる', '者', 'ある', 'する', 'こと', '場合', '知る', 'いる', 'こと', '伝え合う', 'こと', 'なる', 'しまう', '活動', '2', '取り組む', '必然性', 'なくなる', '活動', '対する', '意欲', 'もたせる', 'なる', '英', '語', '学校', '状況', '児童', '実態', '応ずる', '工夫', 'する', 'こと', '必要', 'なる', '例', '自己', '紹介', '内容', 'なる', 'ア', '事項', '関連', '付ける', 'いくつ', '動詞', '頻度', '表す', '副詞', '使う', '自己', '紹介', 'する', 'こと', '考える', '話す', 'こと', 'やり取り', 'ウ', '事項', '関連', '付ける', '複数人', '自己', '紹介', 'し合う', '得る', '情報', '踏まえる', '自己', '紹介', 'する', '合う', '中', 'なる', 'きる', '話す', 'なる', 'きる', 'いる', '当てる', 'いう', '活動', '行う', 'こと', '考える', 'ウ', '語句', '基本的', '表現', '用いる', '学校', '生活', '地域', '関する', 'こと', '事柄', 'つく', '自分', '考え', '気持ち', '話す', '活動', '109']"
2017,subject,5-6,2017_subject,53,pedagogical,"この事項では，例えば，中学校生活への期待等を学級全体の前やグループの
中で話す活動に取り組むことを示している。この活動においては，次のような
発表が考えられる。
“Hello, everyone. I want to join the badminton club. I like badminton very much. I
want to make many friends. Thank you.”
この事項で扱う事柄は，「学校生活や地域に関することなど，身近で簡単な
事柄」であるため，児童はそれらに対する自分の考えや気持ちを既にもってい
たり，もたせやすかったりすると思われる。一方で，「話すこと［やり取り］」
（ｲ）において述べたように，全ての児童が自分の考えをもったり，それを伝え
るための英語表現を言うことができるようになったりするための指導を，単元
や単位時間の授業の中で行うことも必要である。
また，「話すこと［発表］」の活動では，話すための準備や練習をさせること
が想定されているため，児童が自信をもって話す活動に取り組めるようにさせ
やすい。また，練習する時間を設けることを考えると，発音やイントネーショ
ンなどの音声に関する指導も行うことが望ましい。
オ 書くこと
（ｱ）文字の読み方が発音されるのを聞いて，活字体の大文字，小文字を書く
活動。
本解説第２部第２章第２節の１（2）アで述べたとおり，英語の文字の「読み方」
には，名称の読み方と音の読み方の二種類があるが，この事項における「読み
方」とは文字の名称の読み方を指す。
第２章
外国語科の目標 例えば，電話でのやり取りの場面において，活字体によるメールアドレスを
及び内容
お互いに伝え合い，それを書くという活動が考えられる。
この事項は「書くこと」の指導事項のうち最も基本的なものであり，最終的
には，児童が何も見ることなく自分の力で活字体の大文字，小文字を書くこと
ができるように指導する必要がある。「書くこと」は個人差が大きく出やすい
領域であり一層の丁寧な指導が求められる。他方，書いたものは残るため，児
童に自身の成長を認識させやすく英語学習に対する自信をもたせるきっかけに
なり得るという側面もある。
以上のことを踏まえ，以下のことに留意して指導に当たることを大切にした
い。
・「聞くこと」の活動により文字の読み方について十分慣れ親しませ，「読む
110","['事項', '中学校', '生活', '期待', '学級', '全体', '前', 'グループ', '中', '話す', '活動', '取り組む', 'こと', '示す', 'いる', '活動', 'おく', '次', '発表', '考える', 'Hello', 'everyone', 'I', 'want to', 'join', 'THE', 'badminton', 'CLUB', 'I', 'LIKE', 'badminton', 'VERY', 'much', 'I', 'want to', 'Make', 'many', 'FRIENDS', 'thank you', '事項', '扱う', '事柄', '学校', '生活', '地域', '関する', 'こと', '事柄', 'ある', 'ため', '児童', '対する', '自分', '考え', '気持ち', 'もつ', 'いる', 'もたす', 'する', '思う', '一方', '話す', 'こと', 'やり取り', 'イ', 'おく', '述べる', '全て', '児童', '自分', '考え', 'もつ', '伝える', 'ため', '英語', '表現', '言う', 'こと', 'できる', 'なる', 'する', 'ため', '指導', '単元', '単位', '時間', '授業', '中', '行う', 'こと', '必要', 'ある', '話す', 'こと', '発表', '活動', '話す', 'ため', '準備', '練習', 'する', 'こと', '想定', 'する', 'いる', 'ため', '児童', '自信', 'もつ', '話す', '活動', '取り組める', 'する', '練習', 'する', '時間', '設ける', 'こと', '考える', '発音', 'イントネーショ', '音声', '関する', '指導', '行う', 'こと', '書く', 'こと', 'ア', '文字', '読み方', '発音', 'する', '聞く', '活字体', '大文字', '小文字', '書く', '活動', '解説', '2', '部', '2', '章', '2', '節', '1', '2', 'ア', '述べる', 'とおり', '英語', '文字', '読み方', '名称', '読み方', '音', '読み方', '二', '種類', 'ある', '事項', 'おく', '読み', '方', '文字', '名称', '読み方', '指す', '2', '章', '外国語', '目標', '電話', 'やり取り', '場面', 'おく', '活字体', 'よる', 'メールアドレス', '内容', '互い', '伝え合う', '書く', 'いう', '活動', '考える', '事項', '書く', 'こと', '指導事項', 'うち', '基本的', 'もの', 'ある', '最終的', '児童', '見る', 'こと', '自分', '力', '活字体', '大文字', '小文字', '書く', 'こと', 'できる', '指導', 'する', '必要', 'ある', '書く', 'こと', '個人差', '出る', '領域', 'ある', '指導', '求める', '他方', '書く', 'もの', '残る', 'ため', '児', '童', '自身', '成長', '認識', 'する', '英語', '学習', '対する', '自信', 'もつ', 'きっかけ', 'なる', '得る', 'いう', '側面', 'ある', '以上', 'こと', '踏まえる', '以下', 'こと', '留意', 'する', '指導', '当たる', 'こと', 'する', '聞く', 'こと', '活動', 'よる', '文字', '読み方', 'つく', '慣れ親しむ', '読む', '110']"
2017,subject,5-6,2017_subject,54,pedagogical,"こと」（ｱ）及び（ｲ）の活動により文字を識別したり発音したりさせ，その後，
この事項の活動に取り組ませるという順序性を踏まえた指導を行う。
・活字体の大文字，小文字を一度に全て取り扱うのではなく，児童の実態に
応じて一度に取り扱う文字の数や種類に配慮する。
・いわゆる「ドリル学習」のような，単調な繰り返しの学習に終始するので
はなく，何らかの書く目的をもたせたり，ゲーム的要素を取り入れたりす
るなど，児童の学習意欲を高める工夫をする。
・「書くこと」の活動は教師が想像する以上に時間がかかる場合がある。授
業においては十分な時間を確保するとともに，四線上に正しく書くことが
できるようにする。
・年間を通じて，全ての「書くこと」の活動において，文字を書くことがで
きているか，できるようになってきているかを丁寧に見届け，指導に生か
す。
（ｲ）相手に伝えるなどの目的をもって，身近で簡単な事柄について，音声で
十分に慣れ親しんだ簡単な語句を書き写す活動。
次の（ｳ）が「基本的な表現」を書き写すことを示していることに対して，こ
の事項で書き写すものは，「簡単な語句」である。
具体的には，例えば次のような活動が考えられる。まず，諸外国の魅力など
について話される英語を聞いて，内容や使用されている表現を知る。その後，
それらの表現に音声で十分に慣れ親しませてから，当該表現を使って，自分が
行ってみたい国についてその国の魅力だと思うことを互いに伝え合う「話すこ
と［やり取り］」の活動に取り組ませる。そして，「読むこと」の活動により，
２
国名を表す名詞を読んで意味が分かるようにした後，国名一覧を見ながら，自
英 語
分が行きたい国の国名を表す語を書き写す。
また，この事項では，「相手に伝えるなどの目的をもって」書き写すように
明記している。これは，「書き写す活動」という言葉から，ややもすると意味
を考えさせたり目的をもたせたりすることなく，機械的に書かせるだけの指導
に終始する可能性を危惧したためである。したがって，例えば先に例示した活
動であれば，カードを作って行ってみたい国を紹介するといった目的をもたせ，
装飾枠やイラストを付した国紹介カードに書かせるなどの工夫をすることが考
えられる。
この事項は，（ｱ）に示した「活字体の大文字，小文字を書く活動」の延長線
上にある事項と考えられる。したがって，アに示した，順序性を踏まえること，
111","['こと', 'ア', 'イ', '活動', 'よる', '文字', '識別', 'する', '発音', 'する', 'する', '後', '事項', '活動', '取り組む', 'いう', '順序', '踏まえる', '指導', '行う', '活字体', '大文字', '小文字', '一度', '全て', '取り扱う', '児童', '実態', '応ずる', '一度', '取り扱う', '文字', '数', '種類', '配慮', 'する', 'ドリル', '学習', '単調', '繰り返し', '学習', '終始', 'する', '書く', '目的', 'もつ', 'ゲーム', '要素', '取り入れる', 'りす', '児童', '学習', '意欲', '高める', '工夫', 'する', '書く', 'こと', '活動', '教師', '想像', 'する', '以上', '時間', 'かかる', '場合', 'ある', '授', '業', 'おく', '時間', '確保', 'する', 'とも', '四', '書く', 'こと', 'できる', 'する', '年間', '通ずる', '全て', '書く', 'こと', '活動', 'おく', '文字', '書く', 'こと', 'くる', 'いる', 'できる', 'なる', 'くる', 'いる', '見届ける', '指導', '生く', 'イ', '相手', '伝える', '目的', 'もつ', '事柄', 'つく', '音声', '慣れ親しむ', '語句', '書き写す', '活動', '次', 'ウ', '基本的', '表現', '書き写す', 'こと', '示す', 'いる', 'こと', '対する', 'こ', '事項', '書き写す', 'もの', '語句', 'ある', '具体的', '次', '活動', '考える', '諸外国', '魅力', 'つく', '話す', '英語', '聞く', '内容', '使用', 'する', 'いる', '表現', '知る', '後', '表現', '音声', '慣れ親しむ', '当該', '表現', '使う', '自分', '行く', 'みる', '国', 'つく', '国', '魅力', '思う', 'こと', '互い', '伝え合う', '話す', 'こ', 'やり取り', '活動', '取り組む', '読む', 'こと', '活動', 'よる', '2', '国名', '表す', '名詞', '読む', '意味', '分かる', 'する', '後', '国名', '一覧', '見る', '自', '英', '語', '分', '行く', '国', '国名', '表す', '語', '書き写す', '事項', '相手', '伝える', '目的', 'もつ', '書き写す', '明記', 'する', 'いる', '書き写す', '活動', 'いう', '言葉', 'する', '意味', '考える', '目的', 'もつ', 'する', 'こと', '機械的', '書く', '指導', '終始', 'する', '可能性', '危惧', 'する', 'ため', 'ある', 'したがう', '先', '例示', 'する', '動', 'ある', 'カード', '作る', '行く', 'みる', '国', '紹介', 'する', 'いう', '目的', 'もつ', '装飾', '枠', 'イラスト', '付する', '国', '紹介', 'カード', '書く', '工夫', 'する', 'こと', '考', 'える', '事項', 'ア', '示す', '活字体', '大文字', '小文字', '書く', '活動', '延長線', '上', 'ある', '事項', '考える', 'したがう', 'ア', '示す', '順序', '踏まえる', 'こと', '111']"
2017,subject,5-6,2017_subject,55,pedagogical,"十分な時間を確保して四線上に書かせるようにすること，丁寧に見届け指導に
生かすことなどは，この事項においても重要である。なお，これらのことは，
（ｳ）及び（ｴ）においても基本的に同様である。
（ｳ）相手に伝えるなどの目的をもって，語と語の区切りに注意して，身近で
簡単な事柄について，音声で十分に慣れ親しんだ基本的な表現を書き写す
活動。
（ｲ）が「簡単な語句」を書き写すことを示していることに対して，この事項
で書き写すものは，「基本的な表現」である。
具体的には，例えば次のような活動が考えられる。まず，一日の学校生活に
ついて話される英語を聞いて，内容や使用されている英語表現を知る。その後，
それらの英語表現に音声で十分に慣れ親しませ，当該表現を使った「話すこと
［やり取り］」の活動に取り組ませる。そして，紙面上で何人かの登場人物が書
いている英文（We study/have English on Monday and Wednesday. We study/have
English on Tuesday and Thursday.など）を読み，自分自身の学級で英語の授業が
ある曜日を表現できるよう，書かれている英文を見ながら一文を書き写す。
この事項においても，（ｲ）と同様，「相手に伝えるなどの目的をもって」取り
組むことができるようにする。したがって，先に例示した活動であれば，何曜
日に英語の授業があるとよいと思うか，体育や音楽の授業は何曜日がよいか又
は何時間目がよいかなど，自分が理想とする時間割を書かせたり，自分と同じ
時間割にした人を探したりするなどの目的をもたせる工夫をすることが考えら
れる。
また，この事項では，語と語の区切りに注意させることも指導する。英語で
第２章
外国語科の目標 は単語を一つずつ区切って書くことが日本語の表記方法と異なる点の一つであ
及び内容
る。日本語の表記方法に慣れている児童は，語と語を続けて書いてしまう場合
が少なくない。また，区切りについて指導を受けると，語と語の間のスペース
を不自然に長く取って書く児童もいる。（ｱ）で示したように，一人一人の筆記
の状況を丁寧に見届け，個別の指導に生かすことが肝要である。
（ｴ）相手に伝えるなどの目的をもって，名前や年齢，趣味，好き嫌いなど，
自分に関する簡単な事柄について，音声で十分に慣れ親しんだ簡単な語句
や基本的な表現を用いた例の中から言葉を選んで書く活動。
この事項について，（ｱ）～（ｳ）との相違点や共通点について二点説明する。
112","['時間', '確保', 'する', '四', '書く', 'する', 'こと', '見届ける', '指導', '生かす', 'こと', '事項', 'おく', 'ある', 'こと', 'ウ', 'おく', '基本的', 'ある', 'ウ', '相手', '伝える', '目的', 'もつ', '語', '語', '区切り', '注意', 'する', '事柄', 'つく', '音声', '慣れ親しむ', '基本的', '表現', '書き写す', '活動', 'イ', '語句', '書き写す', 'こと', '示す', 'いる', 'こと', '対する', '事項', '書き写す', 'もの', '基本的', '表現', 'ある', '具体的', '次', '活動', '考える', '一', '日', '学校', '生活', 'つく', '話す', '英語', '聞く', '内容', '使用', 'する', 'いる', '英語', '表現', '知る', '後', '英語', '表現', '音声', '慣れ親しむ', '当該', '表現', '使う', '話す', 'こと', 'やり取り', '活動', '取り組む', '紙面', '何人', '登場', '人物', '書', 'いる', 'いる', '英文', 'we', 'Study', 'HAVE', 'English', 'on', 'Monday', 'AND', 'Wednesday', 'we', 'Study', 'HAVE', 'English', 'on', 'Tuesday', 'AND', 'Thursday', '読む', '自分自身', '学級', '英語', '授業', '曜日', '表現', 'できる', '書く', 'いる', '英文', '見る', '一', '文', '書き写す', '事項', 'おく', 'イ', '相手', '伝える', '目的', 'もつ', '取る', '組む', 'こと', 'できる', 'する', 'したがう', '先', '例示', 'する', '活動', 'ある', '何曜', '日', '英語', '授業', 'ある', '思う', '体育', '音楽', '授業', '何曜', '日', '何時間', '自分', '理想', 'する', '時間割', '書く', '自分', '時間割', 'する', '人', '探す', 'する', '目的', 'もたせる', '工夫', 'する', 'こと', '考える', '事項', '語', '語', '区切り', '注意', 'する', 'こと', '指導', 'する', '英語', '2', '章', '外国語', '目標', '単語', '一', '区切る', '書く', 'こと', '日本語', '表記', '方法', '異なる', '点', '一', '内容', '日本語', '表記', '方法', '慣れる', 'いる', '児童', '語', '語', '続ける', '書く', 'しまう', '場合', '区切り', 'つく', '指導', '受ける', '語', '語', '間', 'スペース', '不自然', '取る', '書く', '児童', 'いる', 'ア', '示す', '一人一人', '筆記', '状況', '見届ける', '個別', '指導', '生かす', 'こと', 'ある', '相手', '伝える', '目的', 'もつ', '名前', '年齢', '趣味', '好き嫌い', '自分', '関する', '事柄', 'つく', '音声', '慣れ親しむ', '語句', '基本的', '表現', '用いる', '例', '中', '言葉', '選ぶ', '書く', '活動', '事項', 'つく', 'ア', 'ウ', '相違点', '共通点', 'つく', '二', '点', '説明', 'する', '112']"
2017,subject,5-6,2017_subject,56,pedagogical,"一つ目は，「書き写す」と「書く」についてである。
（ｲ）及び（ｳ）が「書き写す」としていることに対して，この事項では「書く」
としている。「書き写す」とは，語句や文を見ながらそれらをそのまま書くこ
とである。一方で，「書く」とは，例となる文を見ながら，自分の考えや気持
ちを表現するために，例となる文の一部を別の語に替えて書くことである。例
えば，自分が好きな人やことを他者に紹介する活動において，“I like baseball.
My favorite baseball player is ～.”を例としながら，自分の考えや気持ちを表現
するために，語順を意識しながら，baseballなどの語を替えて，“I like music.
My favorite musician is ～.”と書くことである。
二つ目は，（ｱ）とこの事項の関係についてである。
（ｱ）もこの事項も，「書き写す活動」ではなく「書く活動」としている。しか
し，（ｱ）は，何も見ることなく児童が自分の力で書くことができるようになる
ことを求めている。一方で，この事項では，「例の中から言葉を選んで」と示
していることからも分かるように，その段階までは求めていない。換言すれば，
この事項における活動に取り組ませる際は，児童が，言葉を選んで書くことが
できるよう，例となる語句や表現を示すことが必須となる。
最後に，児童が書く又は書き写す英語についてである。
（ｱ）は活字体を，（ｲ）は語句を，（ｳ）は文を，それぞれ書いたり書き写したり
することを示している。この事項における活動においては，主に文を書くこと
を示している。
なお，名前を書かせる際には，第３学年の国語科において日本語のローマ字
表記が指導されていることを踏まえた工夫を行うこととする。例えば，日本語
のローマ字表記の知識を活用して，“My name is ～.”や“I am from ～.”など
の表現など，人名や地名などの固有名詞を含む表現を書き写させるようにする
２
など，学習のしやすさを促す工夫が考えられる。その際，人名や地名のローマ
英 語
字表記は英語の中でも用いることを指導するようにする。
日本語のローマ字表記については，「ローマ字のつづり方」（昭和29年内閣
告示）を踏まえて指導することとなっている。ここでは，「一般に国語を書き
表す際には第１表に掲げたつづり方によるものと」し，「従来の慣例をにわか
に改めがたい事情にある場合に限り，第２表に掲げたつづり方によっても差し
支えない」こととされている。第３学年の国語科においては，第１表（いわゆ
る訓令式）により，日本語の音が子音と母音の組み合わせで成り立っているこ
とを理解すること，第２表（いわゆるヘボン式と日本式）により，例えばパス
ポートにおける氏名の記載など，外国の人たちとコミュニケーションを行う際
に用いられることが多い表記の仕方を理解することが重視されている。このこ
113","['一', '書き写す', '書く', 'つく', 'ある', 'イ', 'ウ', '書き写す', 'する', 'いる', 'こと', '対する', '事項', '書く', 'する', 'いる', '書き写す', '語句', '文', '見る', 'そのまま', '書く', 'こ', 'ある', '一方', '書く', '例', 'なる', '文', '見る', '自分', '考え', '気持', 'ち', '表現', 'する', 'ため', '例', 'なる', '文', '一部', '別', '語', '替える', '書く', 'こと', 'ある', '例', '自分', '人', 'こと', '他者', '紹介', 'する', '活動', 'おく', 'I', 'LIKE', 'BASEBALL', 'My', 'Favorite', 'BASEBALL', 'Player', 'is', '例', 'する', '自分', '考え', '気持ち', '表現', 'する', 'ため', '語順', '意識', 'する', 'BASEBALL', '語', '替える', 'I', 'LIKE', 'MUSIC', 'My', 'Favorite', 'musician', 'is', '書く', 'こと', 'ある', '二', 'ア', '事項', '関係', 'つく', 'ある', 'ア', '事項', '書き写す', '活動', '書く', '活動', 'する', 'いる', 'する', 'ア', '見る', 'こと', '児童', '自分', '力', '書く', 'こと', 'できる', 'なる', 'こと', '求める', 'いる', '一方', '事項', '例', '中', '言葉', '選ぶ', '示る', 'する', 'いる', 'こと', '分かる', '段階', '求める', 'いる', '換言', 'する', '事項', 'おく', '活動', '取り組む', '際', '児童', '言葉', '選ぶ', '書く', 'こと', 'できる', '例', 'なる', '語句', '表現', '示す', 'こと', '必須', 'なる', '最後', '児童', '書く', '書き写す', '英語', 'つく', 'ある', 'ア', '活字体', 'イ', '語句', 'ウ', '文', 'それぞれ', '書く', '書き写す', 'する', 'こと', '示す', 'いる', '事項', 'おく', '活動', 'おく', '文', '書く', 'こと', '示す', 'いる', '名前', '書く', '際', '3', '学年', '国語科', 'おく', '日本語', 'ローマ字', '表記', '指導', 'する', 'いる', 'こと', '踏まえる', '工夫', '行う', 'こと', 'する', '日本語', 'ローマ字', '表記', '知識', '活用', 'する', 'My', 'name', 'is', 'I', 'AM', 'From', '表現', '人名', '地名', '固有', '名詞', '含む', '表現', '書き写す', 'する', '2', '学習', 'する', '促す', '工夫', '考える', '際', '人名', '地名', 'ローマ', '英', '語', '字', '表記', '英語', '中', '用いる', 'こと', '指導', 'する', 'する', '日本語', 'ローマ字', '表記', 'つく', 'ローマ字', 'つづり方', '昭和', '29', '年', '内閣', '告示', '踏まえる', '指導', 'する', 'こと', 'なる', 'いる', '一般', '国語', '書く', '表す', '際', '1', '表', '掲げる', 'つづり方', 'よる', 'もの', 'する', '従来', '慣例', '改める', '事情', 'ある', '場合', '限る', '2', '表', '掲げる', 'つづり方', 'よる', '差す', '支える', 'こと', 'する', 'いる', '3', '学年', '国語科', 'おく', '1', '表', 'いう', '訓令', '式', 'よる', '日本語', '音', '子音', '母音', '組み合わせ', '成り立つ', 'いる', '理解', 'する', 'こと', '2', '表', 'ヘボン', '式', '日本', '式', 'よる', 'パス', 'ポート', 'おく', '氏名', '記載', '外国', '人', 'コミュニケーション', '行う', '際', '用いる', 'こと', '表記', '仕方', '理解', 'する', 'こと', '重視', 'する', 'いる', 'このこ', '113']"
2017,subject,5-6,2017_subject,57,pedagogical,"とを踏まえ，高学年の外国語科においては，国際的な共通語として英語を使用
する観点から，できるだけ日本語の原音に近い音を英語を使用する人々に再現
してもらうために，第２表に掲げた綴り方のうち，いわゆる「ヘボン式ローマ
字」で表記することを指導する。
② 言語の働きに関する事項
言語活動を行うに当たり，主として次に示すような言語の使用場面や言
語の働きを取り上げるようにする。
ここでは「言語の使用場面」や「言語の働き」について特に具体例を示して
いる。これは，日常の授業において実際的な言語の使用場面の設定や，言語の
働きを意識した指導において手掛かりとなるよう考慮したものである。
言語の使用場面については，「児童の身近な暮らしに関わる場面」と「特有
の表現がよく使われる場面」の二つに分けて示した。これらの例については，
以下に示すとおりである。なお，言語の使用場面については，「児童の身近な
暮らしに関わる場面」を先に示し，「特有の表現がよく使われる場面」を後に
示している。これは，言語の使用場面としては前者が主であり，様々な場面が
想定されるからである。
言語の働きについては，小学校中学年や中・高等学校における分類との対応
関係を分かりやすくするために統一を図り，「コミュニケーションを円滑にす
る」，「気持ちを伝える」，「事実・情報を伝える」，「考えや意図を伝える」及び
「相手の行動を促す」の五つに整理して，それぞれ代表的な例を示した。
なお，中学校第１学年において言語活動を行う際には，小学校でも慣れ親し
んだことのあるような身近な言語の使用場面や言語の働きを取り上げること
第２章
外国語科の目標 で，中学校における外国語の学習の円滑な導入を図ることとしている。
及び内容
ア 言語の使用場面の例
（ｱ）児童の身近な暮らしに関わる場面
・ 家庭での生活 ・ 学校での学習や活動
・ 地域の行事 など
以下にそれぞれの場面における特有の表現例を示す。
・家庭での生活
例１ Ａ： What time do you get up?
114","['踏まえる', '高学年', '外国語', 'おく', '国際的', '共通語', 'する', '英語', '使用', 'する', '観点', '日本語', '原音', '音', '英語', '使用', 'する', '人々', '再現', 'する', 'もらう', 'ため', '2', '表', '掲げる', '綴り方', 'うち', 'ヘボン', '式', 'ローマ', '字', '表記', 'する', 'こと', '指導', 'する', '2', '言語', '働き', '関する', '事項', '言語', '活動', '行う', '当たる', '主', 'する', '次', '示す', '言語', '使用', '場面', '言', '語', '働き', '取り上げる', 'する', '言語', '使用', '場面', '言語', '働き', 'つく', '具体例', '示す', 'いる', '日常', '授業', 'おく', '実際的', '言語', '使用', '場面', '設定', '言語', '働き', '意識', 'する', '指導', 'おく', '手掛かり', 'なる', '考慮', 'する', 'もの', 'ある', '言語', '使用', '場面', 'つく', '児童', '暮らし', '関わる', '場面', '表現', '使う', '場面', '二', '分ける', '示す', '例', 'つく', '以下', '示す', 'とおり', 'ある', '言語', '使用', '場面', 'つく', '児童', '暮らし', '関わる', '場面', '先', '示す', '表現', '使う', '場面', '後', '示す', 'いる', '言語', '使用', '場面', 'する', '前者', '主', 'ある', '場面', '想定', 'する', 'ある', '言語', '働き', 'つく', '小学校', '中学', '年', '高等学校', 'おく', '分類', '対応', '関係', '分かる', 'する', 'ため', '統一', '図る', 'コミュニケーション', 'す', '気持ち', '伝える', '事実', '情報', '伝える', '考え', '意図', '伝える', '相手', '行動', '促す', '五', '整理', 'する', 'それぞれ', '代表的', '例', '示す', '中学校', '1', '学年', 'おく', '言語', '活動', '行う', '際', '小学校', '慣れる', '親', 'する', 'こと', 'ある', '言語', '使用', '場面', '言語', '働き', '取り上げる', 'こと', '2', '章', '外国語', '目標', '中学校', 'おく', '外国語', '学習', '導入', '図る', 'こと', 'する', 'いる', '内容', 'ア', '言語', '使用', '場面', '例', 'ア', '児童', '暮らし', '関わる', '場面', '家庭', '生活', '学校', '学習', '活動', '地域', '行事', '以下', 'それぞれ', '場面', 'おく', '表現', '例', '示す', '家庭', '生活', '例', '1', 'a', 'what', 'Time', 'do', 'YOU', 'get up', '114']"
2017,subject,5-6,2017_subject,58,pedagogical,"Ｂ： I usually get up at six.
例２ Ａ： Do you like soccer?
Ｂ： Yes, I do. I like playing soccer. What do you like?
Ａ： I like fishing. I enjoy it on Sundays.
・学校での学習や活動
例１ Ａ： Do you have Japanese class on Wednesdays?
Ｂ： Yes, I do.（ No, I donʼt. I have math on Wednesdays.）
例２ Ａ： What is your best memory in your school life?
Ｂ： My best memory is our school trip. We went to Okinawa.
It was exciting.
・地域の行事
例１ Ａ： Letʼs go to the summer festival.
Ｂ： Yes, letʼs（. Iʼm sorry. I canʼt.）
例２ Ａ： I like my town. We have a big park. We donʼt have a gym. I want
a gym.
上記の場面を設定して言語活動を行う際には，表現の文構造などを指導する
ことなどはせず，児童に示された場面で活用する表現の音声を意識させ，コミュ
ニケーションを通して表現の意味や働きを体験的に理解させていく指導が大切
である。
これにより，中学校段階で具体的に文の構造を生徒に指導したりする際に，
比較的抵抗なく理解を促し，より活用できるようにすることが期待できると思
われる。
（ｲ）特有の表現がよく使われる場面
２
・ 挨拶 ・ 自己紹介 ・ 買物
英 語
・ 食事 ・ 道案内 ・ 旅行 など
以下にそれぞれの場面における特有の表現例を示す。
・挨拶
例１ Ａ： Good morning, everyone.
Ｂ： Good morning,（ Ms. Komatsu）.
例２ Ａ： Hello,（ Takeshi）. How are you?
Ｂ： Iʼm fine, thank you. How are you?
・自己紹介
例１ Ａ： Hello, my name is（ ）. Nice to meet you.
115","['b', 'I', 'usually', 'get up', 'AT', 'SIX', '例', '2', 'a', 'do', 'YOU', 'LIKE', 'soccer', 'b', 'YES', 'I', 'do', 'I', 'LIKE', 'playing', 'soccer', 'what', 'do', 'YOU', 'like', 'a', 'I', 'LIKE', 'fishing', 'I', 'Enjoy', 'It', 'on', 'sundays', '学校', '学習', '活動', '例', '1', 'a', 'do', 'YOU', 'HAVE', 'Japanese', 'class', 'on', 'wednesdays', 'b', 'YES', 'I', 'do', 'NO', 'I', 't', 'I', 'HAVE', 'math', 'on', 'wednesdays', '例', '2', 'a', 'what', 'is', 'Your', 'Best', 'Memory', 'In', 'Your', 'school', 'LIFE', 'b', 'My', 'Best', 'Memory', 'is', 'our', 'school', 'trip', 'we', 'went', 'to', 'okinawa', 'It', 'WAS', 'exciting', '地域', '行事', '例', '1', 'a', 'LET', 's', 'Go', 'to', 'THE', 'SUMMER', 'Festival', 'b', 'YES', 'LET', 's', 'I', 'm', 'sorry', 'I', 'can', 't', '例', '2', 'a', 'I', 'LIKE', 'My', 'town', 'we', 'HAVE', 'a', 'PARK', 'we', 't', 'HAVE', 'a', 'gym', 'I', 'want', 'a', 'gym', '上記', '場面', '設定', 'する', '言語', '活動', '行う', '際', '表現', '文', '構造', '指導', 'する', 'こと', 'する', '児童', '示す', '場面', '活用', 'する', '表現', '音声', '意識', 'する', 'コミュ', 'ニケーション', '通す', '表現', '意味', '働き', '体験', '理解', 'する', 'いく', '指導', 'ある', 'よる', '中学校', '段階', '具体的', '文', '構造', '生徒', '指導', 'する', 'する', '際', '比較的', '抵抗', '理解', '促す', '活用', 'できる', 'する', 'こと', '期待', 'できる', '思る', 'われる', 'イ', '表現', '使う', '場面', '2', '挨拶', '自己', '紹介', '買物', '英', '語', '食事', '道案内', '旅行', '以下', 'それぞれ', '場面', 'おく', '表現', '例', '示す', '挨拶', '例', '1', 'a', 'good morning', 'everyone', 'b', 'good morning', 'Ms.', 'KOMATSU', '例', '2', 'a', 'Hello', 'takeshi', 'how', 'ARE', 'YOU', 'b', 'I', 'm', 'Fine', 'thank you', 'how', 'ARE', 'YOU', '自己', '紹介', '例', '1', 'a', 'Hello', 'My', 'name', 'IS', 'Nice', 'to', 'meet', 'YOU', '115']"
2017,subject,5-6,2017_subject,59,pedagogical,"Ｂ： Hello, my name is（ ）. Nice to meet you, too.
例２ Ａ： Hi, Iʼm（ ）. Iʼm from Brazil.
I like soccer.
Ｂ： Oh, you can play soccer very well.
・買物
例１ 客 ： How much is the bag?
店員 ： Itʼs nine hundred yen.
例２ 店員 ： What fruits do you want?
客 ： I want apples and bananas.
・食事
例１ Ａ： What would you like?
Ｂ： Iʼd like pizza.
例２ Ａ： How much is it?
Ｂ： Itʼs two hundred yen.
・道案内
例１ Ａ： Where is the treasure box?
Ｂ： Go straight. Turn left. You can see a house. Itʼs in the house.
例２ Ａ： Where is the park?
Ｂ： Go straight for three blocks. Turn right.
You can see it on your right.
上記に示す表現を扱う際には，まず，身近な町や地域での場面設定を工夫し，
場面を意識させながら特有の表現を聞いたり話したりする言語活動を，繰り返
し行わせることが大切となる。このような活動を行うことで，生活の中で出会
う言語の使用場面を児童自ら適切に判断し，場面に合った表現の音声が想起で
第２章
外国語科の目標 きるようになることが期待できる。
及び内容
次に音声を重視した活動で十分慣れさせた上で，単元の学習課題解決に向け
て，特有の表現を読んだり書いたりする活動を通して慣れ親しませていくこと
が大切である。
このように，聞いたり，話したり，読んだり，書いたりする経験は，児童の
記憶に刻まれ，中学校段階で，そのような場面の語句や表現，文構造等を本格
的に学習する際に，生徒の深い理解や運用能力につながっていくことが期待で
きると考えられる。
したがって，小学校段階では，十分に音声で慣れ親しんだ語句や表現を，細
かな段階を踏んで読んだり書いたりして慣れ親しませる活動を通して，児童が
「読むこと」や「書くこと」の有用性を感じ，読んでみたい，書いてみたいと
116","['b', 'Hello', 'My', 'name', 'IS', 'Nice', 'to', 'meet', 'YOU', 'too', '例', '2', 'a', 'Hi', 'I', 'm', 'I', 'm', 'From', 'Brazil', 'I', 'LIKE', 'soccer', 'b', 'OH', 'YOU', 'can', 'Play', 'soccer', 'VERY', 'Well', '買物', '例', '1', '客', 'how', 'much', 'is', 'THE', 'BAG', '店員', 'IT', 's', 'nine', 'hundred', 'yen', '例', '2', '店員', 'what', 'fruits', 'do', 'YOU', 'want', '客', 'I', 'want', 'apples', 'AND', 'bananas', '食事', '例', '1', 'a', 'what', 'would you', 'like', 'b', 'I', 'd', 'LIKE', 'pizza', '例', '2', 'a', 'how', 'much', 'is it', 'b', 'IT', 's', 'two', 'hundred', 'yen', '道案内', '例', '1', 'a', 'where', 'is', 'THE', 'treasure', 'box', 'b', 'Go', 'STRAIGHT', 'turn', 'Left', 'YOU', 'can', 'see', 'a', 'house', 'IT', 's', 'In', 'THE', 'house', '例', '2', 'a', 'where', 'is', 'THE', 'PARK', 'b', 'Go', 'STRAIGHT', 'for', 'Three', 'blocks', 'turn', 'Right', 'YOU', 'can', 'see', 'It', 'on', 'Your', 'Right', '上記', '示す', '表現', '扱う', '際', '町', '地域', '場面', '設定', '工夫', 'する', '場面', '意識', 'する', '表現', '聞く', '話す', 'する', '言語', '活動', '繰り', '返', '行う', 'こと', 'なる', '活動', '行う', 'こと', '生活', '中', '出会', '言語', '使用', '場面', '児童', '自ら', '判断', 'する', '場面', '合う', '表現', '音声', '想起', '2', '章', '外国語', '目標', 'きる', 'なる', 'こと', '期待', 'できる', '内容', '次', '音声', '重視', 'する', '活動', '慣れる', '上', '単元', '学習', '課題解決', '向ける', '表現', '読む', '書く', 'する', '活動', '通す', '慣れ親しむ', 'いく', 'こと', 'ある', '聞く', '話す', '読む', '書く', 'する', '経験', '児童', '記憶', '刻む', '中学校', '段階', '場面', '語句', '表現', '文', '構造', '本格', '学習', 'する', '際', '生徒', '理解', '運用', '能力', 'つながる', 'いく', 'こと', '期待', 'きる', '考える', 'したがう', '小学校', '段階', '音声', '慣れ親しむ', '語句', '表現', 'かな', '段階', '踏む', '読む', '書く', 'する', '慣れ親しむ', '活動', '通す', '児童', '読む', 'こと', '書く', 'こと', '有用性', '感ずる', '読む', 'みる', '書く', 'みる', '116']"
2017,subject,5-6,2017_subject,60,pedagogical,"思わせるような授業展開の工夫が求められる。
イ 言語の働きの例
（ｱ）コミュニケーションを円滑にする
・ 挨拶をする ・ 呼び掛ける ・ 相づちを打つ
・ 聞き直す ・ 繰り返す など
「コミュニケーションを円滑にする」働きとは，相手との関係を築きながら
コミュニケーションを開始したり維持したりする働きである。以下にそれぞれ
の働きについての表現例を示す。
・挨拶をする
例１ Good morning.
例２ Good afternoon.
・呼び掛ける
例１ Hello, Ken.
例２ Excuse me.
・相づちを打つ
例１ Ａ： I want to be a vet.
Ｂ： Oh, I see.
例２ Ａ： He is a good baseball player.
Ｂ： Right.
・聞き直す
例１ Sorry?
２
例２ Ａ： I always wash the dishes.
英 語
Ｂ： Always?
・繰り返す
例１ Ａ： I have a dog.
Ｂ： Oh, a dog.
例２ Ａ： I went to Osaka.
Ｂ： Osaka. I see.
この事項の指導の際には，表現を教えるだけではなく，挨拶をしたり，話し
掛けたり，相づちを打ったりすることなどによって，他者とのコミュニケーショ
ンが円滑になることに気付かせることが重要である。また，他者との円滑なコ
ミュニケーションのためには，身振りや表情，ジェスチャーなどの非言語的要
117","['思う', '授業', '展開', '工夫', '求める', 'イ', '言語', '働き', '例', 'ア', 'コミュニケーション', 'する', '挨拶', 'する', '呼び掛ける', '相づち', '打つ', '聞き直す', '繰り返す', 'コミュニケーション', 'する', '働き', '相手', '関係', '築く', 'コミュニケーション', '開始', 'する', '維持', 'する', 'する', '働き', 'ある', '以下', 'それぞれ', '働き', 'つく', '表現', '例', '示す', '挨拶', 'する', '例', '1', 'good morning', '例', '2', 'good afternoon', '呼び掛ける', '例', '1', 'Hello', 'ken', '例', '2', 'excuse me', '相づち', '打つ', '例', '1', 'a', 'I', 'want to', 'Be', 'a', 'vet', 'b', 'OH', 'I', 'see', '例', '2', 'a', 'HE', 'is', 'a', 'GOOD', 'BASEBALL', 'Player', 'b', 'Right', '聞き直す', '例', '1', 'sorry', '2', '例', '2', 'a', 'I', 'ALWAYS', 'WASH', 'THE', 'dishes', '英', '語', 'b', 'ALWAYS', '繰り返す', '例', '1', 'a', 'I', 'HAVE', 'a', 'dog', 'b', 'OH', 'a', 'dog', '例', '2', 'a', 'I', 'went', 'to', 'OSAKA', 'b', 'OSAKA', 'I', 'see', '事項', '指導', '際', '表現', '教える', '挨拶', 'する', '話す', '掛ける', '相づち', '打つ', 'する', 'こと', 'よる', '他者', 'コミュニケーショ', 'なる', 'こと', '気付く', 'こと', 'ある', '他者', 'コ', 'ミュニケーション', 'ため', '身振り', '表情', 'ジェスチャー', '言語的', '要', '117']"
2017,subject,5-6,2017_subject,61,pedagogical,"素の活用も重要であることを指導する。
中学校の外国語科においては，「話し掛ける」，「相づちを打つ」，「聞き直す」，
「繰り返す」などが挙げられている。「挨拶をする」働きは，小学校段階におい
て指導する内容となっていることに留意する必要がある。そのほかの項目は，
小学校と中学校において共通しているが，中学校段階では複雑な表現を用いた
り，同じ表現でも異なる場面において活用したりするように指導することと
なっている。
（ｲ）気持ちを伝える
・ 礼を言う ・ 褒める ・ 謝る など
「気持ちを伝える」働きとは，相手との信頼関係を築いたり，良好な関係で
コミュニケーションを行ったりするために，自分の気持ちを伝えることを示し
ている。小学校の外国語科においては，他者に配慮しながら，自分の気持ちや
感情を伝えられるよう指導する。以下にそれぞれの働きについての表現例を示
す。
・礼を言う
例１ Thank you very much.
例２ Thanks.
・褒める
例１ Great.
例２ Good job.
・謝る
例１ Sorry.
第２章
外国語科の目標 例２ Iʼm sorry.
及び内容
この事項の指導の際には，表現を教えるだけではなく，礼を言ったり，褒め
たりすることなどによって，自分の気持ちを他者に伝えることができることに
気付かせることが重要である。また，気持ちを伝える際には，身振りや表情，
ジェスチャーなどの非言語的要素の活用も重要であることを指導する。
中学校の外国語科においては，「気持ちを伝える」という言語の働きの例と
して，「礼を言う」，「苦情を言う」，「褒める」，「謝る」，「歓迎する」などが挙
げられている。小学校では，まとまった表現として扱えるものを中心とする。
例えば，“Thank you very much.”や“Iʼm sorry.”という表現を扱うが，中学校
段階では，“Thank you for your help.”や“Iʼm sorry to be late.”というように具
体的に礼を言ったり，謝ったりする。
118","['素', '活用', 'ある', 'こと', '指導', 'する', '中学校', '外国語', 'おく', '話し掛ける', '相づち', '打つ', '聞き直す', '繰り返す', '挙げる', 'いる', '挨拶', 'する', '働き', '小学校', '段階', '指導', 'する', '内容', 'なる', 'いる', 'こと', '留意', 'する', '必要', 'ある', 'ほか', '項目', '小学校', '中学校', 'おく', '共通', 'する', 'いる', '中学校', '段階', '複雑', '表現', '用いる', '表現', '異なる', '場面', 'おく', '活用', 'する', 'する', '指導', 'する', 'こと', 'なる', 'いる', 'イ', '気持ち', '伝える', '礼', '言う', '褒める', '謝る', '気持ち', '伝える', '働き', '相手', '信頼関係', '築く', '関係', 'コミュニケーション', '行う', 'する', 'ため', '自分', '気持ち', '伝える', 'こと', '示す', 'いる', '小学校', '外国語', 'おく', '他者', '配慮', 'する', '自分', '気持ち', '感情', '伝える', '指導', 'する', '以下', 'それぞれ', '働き', 'つく', '表現', '例', '示る', '礼', '言う', '例', '1', 'thank you', 'VERY', 'much', '例', '2', 'thanks', '褒める', '例', '1', '例', '2', 'GOOD', 'job', '謝る', '例', '1', 'sorry', '2', '章', '外国語', '目標', '例', '2', 'I', 'm', 'sorry', '内容', '事項', '指導', '際', '表現', '教える', '礼', '言う', '褒め', 'する', 'こと', 'よる', '自分', '気持ち', '他者', '伝える', 'こと', 'できる', 'こと', '気付く', 'こと', 'ある', '気持ち', '伝える', '際', '身振り', '表情', 'ジェスチャー', '言語的', '要素', '活用', 'ある', 'こと', '指導', 'する', '中学校', '外国語', 'おく', '気持ち', '伝える', 'いう', '言語', '働き', '例', 'する', '礼', '言う', '苦情', '言う', '褒める', '謝る', '歓迎', 'する', '挙', 'いる', '小学校', 'まとまる', '表現', 'する', '扱える', 'もの', '中心', 'する', 'thank you', 'VERY', 'much', 'I', 'm', 'sorry', 'いう', '表現', '扱う', '中学校', '段階', 'thank you', 'for', 'Your', 'Help', 'I', 'm', 'sorry', 'to', 'Be', 'late', 'いう', '具', '体', '礼', '言う', '謝る', 'する', '118']"
2017,subject,5-6,2017_subject,62,pedagogical,"（ｳ）事実・情報を伝える
・ 説明する ・ 報告する ・ 発表する など
「事実・情報を伝える」働きとは，コミュニケーションを行う相手に事実や
情報を伝達する働きである。以下にそれぞれの働きについての表現例を示す。
・説明する
例１ This is my favorite place.
例２ She is a good tennis player.
・報告する
例１ She can play volleyball well.
例２ We went to Kyoto.
・発表する
例１ This is my hero. He is my brother.
例２ My best memory is our school trip. We went to Nara.
この事項の指導の際には，事実や情報を伝えるために，身振りや表情，ジェ
スチャーなどの非言語的要素の活用も重要であることを指導する。
中学校の外国語科においては，ここで示す「説明する」，「報告する」，「発表
する」の例のほかに，「描写する」が加えられている。事実や情報を正しく伝
えるためには，正確な表現，客観的な構成，論理的な展開などが重要である。
中学校においては，適切な表現を選択し，客観性や論理性を意識して事実や情
報を有効に伝えることができるよう指導することとされている。
（ｴ）考えや意図を伝える
２
・ 申し出る ・ 意見を言う ・ 賛成する
英 語
・ 承諾する ・ 断る など
「考えや意図を伝える」働きとは，コミュニケーションを行う相手に自分の
考えや意図を伝達する働きである。以下にそれぞれの働きについての表現例を
示す。
・申し出る
例１ May I help you?
例２ Itʼs my turn.
・意見を言う
例１ I want to watch wheelchair basketball on TV.
119","['ウ', '事実', '情報', '伝える', '説明', 'する', '報告', 'する', '発表', 'する', '事実', '情報', '伝える', '働き', 'コミュニケーション', '行う', '相手', '事実', '情報', '伝達', 'する', '働き', 'ある', '以下', 'それぞれ', '働き', 'つく', '表現', '例', '示す', '説明', 'する', '例', '1', 'This', 'is', 'My', 'Favorite', 'Place', '例', '2', 'She', 'is', 'a', 'GOOD', 'tennis', 'Player', '報告', 'する', '例', '1', 'She', 'can', 'Play', 'volleyball', 'Well', '例', '2', 'we', 'went', 'to', 'KYOTO', '発表', 'する', '例', '1', 'This', 'is', 'My', 'hero', 'HE', 'is', 'My', 'brother', '例', '2', 'My', 'Best', 'Memory', 'is', 'our', 'school', 'trip', 'we', 'went', 'to', 'nara', '事項', '指導', '際', '事実', '情報', '伝える', 'ため', '身振り', '表情', 'ジェ', 'スチャー', '言語的', '要素', '活用', 'ある', 'こと', '指導', 'する', '中学校', '外国語', 'おく', '示す', '説明', 'する', '報告', 'する', '発表', 'する', '例', 'ほか', '描写', 'する', '加える', 'いる', '事実', '情報', '伝', 'える', 'ため', '正確', '表現', '客観的', '構成', '論理的', '展開', 'ある', '中学校', 'おく', '表現', '選択', 'する', '客観性', '論理', '意識', 'する', '事実', '情', '報', '伝える', 'こと', 'できる', '指導', 'する', 'こと', 'する', 'いる', '考え', '意図', '伝える', '2', '申し出る', '意見', '言う', '賛成', 'する', '英', '語', '承諾', 'する', '断る', '考え', '意図', '伝える', '働き', 'コミュニケーション', '行う', '相手', '自分', '考え', '意図', '伝達', 'する', '働き', 'ある', '以下', 'それぞれ', '働き', 'つく', '表現', '例', '示す', '申し出る', '例', '1', 'May', 'I', 'Help', 'YOU', '例', '2', 'IT', 's', 'My', 'turn', '意見', '言う', '例', '1', 'I', 'want to', 'watch', 'wheelchair', 'basketball', 'on', 'TV', '119']"
2017,subject,5-6,2017_subject,63,pedagogical,"例２ It is exciting.
・賛成する
例１ Yes, letʼs.
例２ Thatʼs a good idea.
・承諾する
例１ Ａ： Letʼs play baseball.
Ｂ： O.K.
例２ Ａ： I want to play basketball.
Ｂ： Me, too.
・断る
例１ Ａ： May I help you?
Ｂ： No, thank you.
例２ Ａ： Letʼs play basketball.
Ｂ： Sorry. I canʼt play basketball.
この事項の指導の際には，考えや意図を伝えるために，身振りや表情，ジェ
スチャーなどの非言語的要素の活用も重要であることを指導する。
中学校の外国語科においては，ここで示す例に加えて，「約束する」，「反対
する」，「仮定する」の例が加えられている。
（ｵ）相手の行動を促す
・ 質問する ・ 依頼する ・ 命令する など
「相手の行動を促す」働きとは，相手に働き掛け，相手の言語的・非言語的
行動を引き出す働きを示している。以下にそれぞれの働きについての表現例を
第２章
外国語科の目標 示す。
及び内容
・質問する
例１ Ａ： What sport do you like?
Ｂ： I like soccer.
例２ Ａ： Can you sing well?
Ｂ： Yes, I can.
・依頼する
例１ Come here, please.
例２ Iʼd like spaghetti.
・命令する
例１ Go straight.
120","['例', '2', 'It', 'is', 'exciting', '賛成', 'する', '例', '1', 'YES', 'LET', 's', '例', '2', 'that', 's', 'a', 'good idea', '承諾', 'する', '例', '1', 'a', 'LET', 's', 'Play', 'BASEBALL', 'b', 'o', 'k', '例', '2', 'a', 'I', 'want to', 'Play', 'basketball', 'b', 'ME', 'too', '断る', '例', '1', 'a', 'May', 'I', 'Help', 'YOU', 'b', 'NO', 'thank you', '例', '2', 'a', 'LET', 's', 'Play', 'basketball', 'b', 'sorry', 'I', 'can', 't', 'Play', 'basketball', '事項', '指導', '際', '考え', '意図', '伝える', 'ため', '身振り', '表情', 'ジェ', 'スチャー', '言語的', '要素', '活用', 'ある', 'こと', '指導', 'する', '中学校', '外国語', 'おく', '示す', '例', '加える', '約束', 'する', '反対', 'する', '仮定', 'する', '例', '加える', 'いる', '相手', '行動', '促す', '質問', 'する', '依頼', 'する', '命令', 'する', '相手', '行動', '促す', '働き', '相手', '働き掛ける', '相手', '言語的', '言語的', '行動', '引き出す', '働き', '示す', 'いる', '以下', 'それぞれ', '働き', 'つく', '表現', '例', '2', '章', '外国語', '目標', '示す', '内容', '質問', 'する', '例', '1', 'a', 'what', 'sport', 'do', 'YOU', 'like', 'b', 'I', 'LIKE', 'soccer', '例', '2', 'a', 'can you', 'sing', 'Well', 'b', 'YES', 'I', 'can', '依頼', 'する', '例', '1', 'come here', 'Please', '例', '2', 'I', 'd', 'LIKE', 'spaghetti', '命令', 'する', '例', '1', 'Go', 'STRAIGHT', '120']"
2017,subject,5-6,2017_subject,64,pedagogical,"例２ Turn right at the third corner.
この事項の指導の際には，表現を教えるだけではなく，質問したり，依頼し
たりすることなどによって，他者に働きかけて相手の行動を促すことができる
ことに気付かせることが重要である。また，相手の行動を促す際には，身振り
や表情，ジェスチャーなどの非言語的要素の活用も重要であることを指導する。
中学校の外国語科においては，ここで示す例に加えて，「招待する」の例が
加えられている。
３ 指導計画の作成と内容の取扱い
（1）指導計画の作成上の配慮事項
（1）指導計画の作成に当たっては，第３学年及び第４学年並びに中学校及び
高等学校における指導との接続に留意しながら，次の事項に配慮するもの
とする。
指導計画の作成に当たっては，小・中・高等学校を通じた領域別の目標の設
定という観点を踏まえ，中学年の外国語活動や中・高等学校における指導との
接続に留意した上で，以下の事項に配慮することとしている。
ア 単元など内容や時間のまとまりを見通して，その中で育む資質・能力の
育成に向けて，児童の主体的・対話的で深い学びの実現を図るようにする
こと。その際，具体的な課題等を設定し，児童が外国語によるコミュニケー
ションにおける見方・考え方を働かせながら，コミュニケーションの目的
２
や場面，状況などを意識して活動を行い，英語の音声や語彙，表現などの
英 語
知識を，五つの領域における実際のコミュニケーションにおいて活用する
学習の充実を図ること。
この事項は，外国語科の指導計画の作成に当たり，児童の主体的・対話的で
深い学びの実現を目指した授業改善を進めることとし，外国語科の特質に応じ
て，効果的な学習が展開できるように配慮すべき内容を示したものである。
外国語科の指導に当たっては，（1）「知識及び技能」が習得されること，（2）
「思考力，判断力，表現力等」を育成すること，（3）「学びに向かう力，人間性
かん
等」を涵養することが偏りなく実現されるよう，単元など内容や時間のまとま
りを見通しながら，主体的・対話的で深い学びの実現に向けた授業改善を行う
121","['例', '2', 'turn', 'Right', 'AT', 'THE', 'Third', 'CORNER', '事項', '指導', '際', '表現', '教える', '質問', 'する', '依頼', 'する', 'する', 'こと', 'よる', '他者', '働きかける', '相手', '行動', '促す', 'こと', 'できる', 'こと', '気付く', 'こと', 'ある', '相手', '行動', '促す', '際', '身振り', '表情', 'ジェスチャー', '言語的', '要素', '活用', 'ある', 'こと', '指導', 'する', '中学校', '外国語', 'おく', '示す', '例', '加える', '招待', 'する', '例', '加える', 'いる', '3', '指導', '計画', '作成', '内容', '取扱い', '1', '指導', '計画', '作成', '配慮', '事項', '1', '指導', '計画', '作成', '当たる', '3', '学年', '4', '学年', '中学校', '高等学校', 'おく', '指導', '接続', '留意', 'する', '次', '事項', '配慮', 'する', 'もの', 'する', '指導', '計画', '作成', '当たる', '高等学校', '通ずる', '領域', '別', '目標', '設', '定', 'いう', '観点', '踏まえる', '中学年', '外国語', '活動', '高等学校', 'おく', '指導', '接続', '留意', 'する', '上', '以下', '事項', '配慮', 'する', 'こと', 'する', 'いる', 'ア', '単元', '内容', '時間', 'まとまり', '見通す', '中', '育む', '資質', '能力', '育成', '向ける', '児童', '主体的', '対話', '学び', '実現', '図る', 'する', 'こと', '際', '具体的', '課題', '設定', 'する', '児童', '外国語', 'よる', 'コミュニケー', 'ション', 'おく', '見方', '考え方', '働く', 'コミュニケーション', '目的', '2', '場面', '状況', '意識', 'する', '活動', '行う', '英語', '音声', '語彙', '表現', '英', '語', '知識', '五', '領域', 'おく', '実際', 'コミュニケーション', 'おく', '活用', 'する', '学習', '充実', '図る', 'こと', '事項', '外国語', '指導', '計画', '作成', '当たる', '児童', '主体的', '対話', '学び', '実現', '目指す', '授業', '改善', '進める', 'こと', 'する', '外国語', '特質', '応ずる', '効果的', '学習', '展開', 'できる', '配慮', 'す', '内容', '示す', 'もの', 'ある', '外国語', '指導', '当たる', '1', '知識', '技能', '習得', 'する', 'こと', '2', '思考力', '判断力', '表現力', '育成', 'する', 'こと', '3', '学び', '向かう', '力', '人間性', '涵養', 'する', 'こと', '偏り', '実現', 'する', '単元', '内容', '時間', '見通す', '主体的', '対話', '学び', '実現', '向ける', '授業', '改善', '行う', '121']"
2017,subject,5-6,2017_subject,65,pedagogical,"ことが重要である。
児童に改訂前の高学年における外国語活動の指導を通して「知識及び技能」
や「思考力，判断力，表現力等」の育成を目指す授業改善を行うことはこれま
でも多くの実践が重ねられてきている。そのような着実に取り組まれてきた実
践を否定し，全く異なる指導方法を導入しなければならないと捉えるのではな
く，児童や学校の実態，指導の内容に応じ，「主体的な学び」，「対話的な学び」，
「深い学び」の視点から授業改善を図ることが重要である。
主体的・対話的で深い学びは，必ずしも１単位時間の授業の中で全てが実現
されるものではない。単元など内容や時間のまとまりの中で，例えば，主体的
に学習に取り組めるよう学習の見通しを立てたり学習したことを振り返ったり
して自身の学びや変容を自覚できる場面をどこに設定するか，対話によって自
分の考えなどを広げたり深めたりする場面をどこに設定するか，学びの深まり
をつくりだすために，児童が考える場面と教師が教える場面をどのように組み
立てるか，といった視点で授業改善を進めることが求められる。また，児童や
学校の実態に応じ，多様な学習活動を組み合わせて授業を組み立てていくこと
が重要であり，単元（題材）のまとまりを見通した学習を行うに当たり基礎と
なる知識及び技能の習得に課題が見られる場合には，それを身に付けるために，
児童の主体性を引き出すなどの工夫を重ね，確実な習得を図ることが必要であ
る。
主体的・対話的で深い学びの実現に向けた授業改善を進めるに当たり，特に
「深い学び」の視点に関して，各教科等の学びの深まりの鍵となるのが「見方・
考え方」である。各教科等の特質に応じた物事を捉える視点や考え方である「見
方・考え方」を，習得・活用・探究という学びの過程の中で働かせることを通
じて，より質の高い深い学びにつなげることが重要である。
第２章
外国語科の目標 次に，「その際」以下において，指導計画の作成に当たっては，中学年で行
及び内容
う外国語活動や中・高等学校における指導と円滑に接続できるよう語彙や表
現，練習や活動，題材や場面設定等の配列を工夫したり，系統的な指導が行え
るよう，指導方法や学習環境等に配慮したりするなど，児童の発達の段階や学
校・地域の実態に応じて適切に作成していく必要性を述べている。ここで「具
体的な課題等を設定し」とは，主体的・対話的で深い学びの実現に向けた授業
改善を行うため，教師が単元終末段階の児童に望む具体的な姿のイメージをも
ち，実態に応じて単元を見通した課題設定をすることを示したものである。こ
れらは，改訂前の高学年における外国語活動の指導など，外国語教育において
これまでも行われてきた学習活動の質を向上させることを主眼とするものであ
り，主体的・対話的で深い学びの実現に向けた授業改善が，全く新たな学習活
122","['こと', 'ある', '児童', '改訂', '前', '高学年', 'おく', '外国語', '活動', '指導', '通す', '知識', '技能', '思考力', '判断力', '表現力', '育成', '目指す', '授業', '改善', '行う', 'こと', '多く', '実践', '重ねる', 'くる', 'いる', '取り組む', 'くる', '実', '践', '否定', 'する', '異なる', '指導', '方法', '導入', 'する', 'なる', '捉える', 'くる', '児童', '学校', '実態', '指導', '内容', '応ずる', '主体的', '学び', '対話', '学び', '学び', '視点', '授業', '改善', '図る', 'こと', 'ある', '主体的', '対話', '学び', '1', '単位', '時間', '授業', '中', '全て', '実現', 'する', 'もの', '単元', '内容', '時間', 'まとまり', '中', '主体的', '学習', '取り組める', '学習', '見通し', '立てる', '学習', 'する', 'こと', '振り返る', 'する', '自身', '学びや', '変容', '自覚', 'できる', '場面', '設定', 'する', '対話', 'よる', '自', '分', '考え', '広げる', '深める', 'する', '場面', '設定', 'する', '学び', '深まり', 'つくりだす', 'ため', '児童', '考える', '場面', '教師', '教える', '場面', '組む', '立てる', 'いう', '視点', '授業', '改善', '進める', 'こと', '求める', '児童', '学校', '実態', '応ずる', '学習', '活動', '組み合わせる', '授業', '組み立てる', 'いく', 'こと', 'ある', '単元', '題材', 'まとまり', '見通す', '学習', '行う', '当たる', '基礎', '知識', '技能', '習得', '課題', '見る', '場合', '身', '付ける', 'ため', '児童', '主体性', '引き出す', '工夫', '重ねる', '習得', '図る', 'こと', '必要', '主体的', '対話', '学び', '実現', '向ける', '授業', '改善', '進める', '当たる', '学び', '視点', '関する', '教科', '学び', '深まり', '鍵', 'なる', '見方', '考え方', 'ある', '教科', '特質', '応ずる', '物事', '捉える', '視点', '考え方', 'ある', '見る', '方', '考え方', '習得', '活用', '探究', 'いう', '学び', '過程', '中', '働く', 'こと', '通', '質', '学び', 'つなげる', 'こと', 'ある', '2', '章', '外国語', '目標', '次', '際', '以下', 'おく', '指導', '計画', '作成', '当たる', '中学年', '行', '内容', '外国語', '活動', '高等学校', 'おく', '指導', '接続', 'できる', '語彙', '表', '現', '練習', '活動', '題材', '場面', '設定', '配列', '工夫', 'する', '系統的', '指導', '行う', '指導', '方法', '学習', '環境', '配慮', 'する', 'する', '児童', '発達', '段階', '学', '地域', '実態', '応ずる', '作成', 'する', 'いく', '必要性', '述べる', 'いる', '具', '体', '課題', '設定', 'する', '主体的', '対話', '学び', '実現', '向ける', '授業', '改善', '行う', 'ため', '教師', '単元', '終末', '段階', '児童', '望む', '具体的', '姿', 'イメージ', 'ち', '実態', '応ずる', '単元', '見通す', '課題', '設定', 'する', 'こと', '示す', 'もの', 'ある', '改訂', '前', '高学年', 'おく', '外国語', '活動', '指導', '外国語', '教育', 'おく', '行う', 'くる', '学習', '活動', '質', '向上', 'する', 'こと', '主眼', 'する', 'もの', '主体的', '対話', '学び', '実現', '向ける', '授業', '改善', '学習', '活', '122']"
2017,subject,5-6,2017_subject,66,pedagogical,"動を取り入れる趣旨ではないことに留意しなければならない。
イ 学年ごとの目標を適切に定め，２学年間を通じて外国語科の目標の実現
を図るようにすること。
この配慮事項は，２学年間を通じて高学年の外国語科の目標の実現を図るた
め，各学校における児童の発達の段階と実情を踏まえ，学年ごとの目標を適切
に定めることの必要性を述べたものである。
今回の改訂で領域別の目標が明確に示されたことにより，その目標と関連付
けられた学年ごとの「学習到達目標」を各学校において設定する必要がある。
このように，学習指導要領が示す目標に基づいて各学校が学習到達目標を定め
ることには，次のような効果があると考えられる。
・ 児童にどのような英語力が身に付くか，英語を用いて何ができるように
なるのか，あらかじめ明らかにすることができ，そうした情報を児童や
保護者と共有することで授業のねらいが明確になるとともに，児童への
適切な指導を行うことができる。
・ 「 知識及び技能」の習得にとどまらず，それを活用してコミュニケーショ
ンが図れるよう，五つの領域にわたる総合的な資質・能力の習得を重視
することが期待される。
・ 校内でも教師によって指導方法が大きく異なることがある中で，教師間
で指導に当たっての共通理解を図り，均質的な指導を行うことができる。
ウ 実際に英語を使用して互いの考えや気持ちを伝え合うなどの言語活動を
行う際は，２の（1）に示す言語材料について理解したり練習したりするた
２
めの指導を必要に応じて行うこと。また，第３学年及び第４学年において
英 語
第４章外国語活動を履修する際に扱った簡単な語句や基本的な表現などの
学習内容を繰り返し指導し定着を図ること。
この配慮事項は，言語を使用する場面を設定し，実際に言語を使用して互い
の考えや気持ちを伝え合うなどの活動が重要であることを示している。
また，そのような活動を行う際には，単元又は１単位時間の初期段階で言語
活動を通して学習内容として設定されている表現の音声を聞いたり話したりす
るなど，英語の音声に慣れ親しませる活動を展開し，言語の意味や働きなどを
理解させることが大切である。その上で，後期段階においては，設定された場
面の中で，自分の考えや気持ちを互いに伝え合う言語活動を展開するなどの学
123","['動', '取り入れる', '趣旨', 'こと', '留意', 'する', 'なる', 'イ', '学年', '目標', '定める', '2', '年間', '通ずる', '外国語', '目標', '実現', '図る', 'する', 'こと', '配慮', '事項', '2', '年間', '通ずる', '高学年', '外国語', '目標', '実現', '図る', 'め', '学校', 'おく', '児童', '発達', '段階', '実情', '踏まえる', '学年', '目標', '定める', 'こと', '必要性', '述べる', 'もの', 'ある', '今回', '改訂', '領域', '別', '目標', '示す', 'こと', 'よる', '目標', '関連', 'ける', '学年', '学習', '到達', '目標', '学校', 'おく', '設定', 'する', '必要', 'ある', '学習指導', '要領', '示す', '目標', '基づく', '学校', '学習', '到達', '目標', '定める', 'こと', '次', '効果', 'ある', '考える', '児童', '英語力', '身', '付く', '英語', '用いる', 'できる', 'なる', 'する', 'こと', 'できる', 'する', '情報', '児童', '保護者', '共有', 'する', 'こと', '授業', 'ねらい', 'なる', 'とも', '児童', '指導', '行う', 'こと', 'できる', '知識', '技能', '習得', 'とどまる', '活用', 'する', 'コミュニケーショ', '図れる', '五', '領域', 'わたる', '総合的', '資質', '能力', '習得', '重視', 'する', 'こと', '期待', 'する', '校内', '教師', 'よる', '指導', '方法', '異なる', 'こと', 'ある', '中', '教師', '指導', '当たる', '共通', '理解', '図る', '均質', '指導', '行う', 'こと', 'できる', 'ウ', '実際', '英語', '使用', 'する', '互い', '考え', '気持ち', '伝え合う', '言語', '活動', '行う', '際', '2', '1', '示す', '言語', '材料', 'つく', '理解', 'する', '練習', 'する', 'する', '2', 'め', '指導', '必要', '応ずる', '行う', 'こと', '3', '学年', '4', '学年', 'おく', '英', '語', '4', '章', '外国語', '活動', '履修', 'する', '際', '扱う', '語句', '基本的', '表現', '学習', '内容', '繰り返す', '指導', 'する', '定着', '図る', 'こと', '配慮', '事項', '言語', '使用', 'する', '場面', '設定', 'する', '実際', '言語', '使用', 'する', '互い', '考え', '気持ち', '伝え合う', '活動', 'ある', 'こと', '示す', 'いる', '活動', '行う', '際', '単元', '1', '単位', '時間', '初期段階', '言語', '活動', '通す', '学習', '内容', 'する', '設定', 'する', 'いる', '表現', '音声', '聞く', '話す', 'りす', '英語', '音声', '慣れ親しむ', '活動', '展開', 'する', '言語', '意味', '働き', '理解', 'する', 'こと', 'ある', '上', '後期', '段階', 'おく', '設定', 'する', '場', '面', '中', '自分', '考え', '気持ち', '互い', '伝え合う', '言語', '活動', '展開', 'する', '学', '123']"
2017,subject,5-6,2017_subject,67,pedagogical,"習過程の工夫が大切である。
さらに，中学年の外国語活動で音声を中心にして扱った簡単な語句や基本的
な表現などを，文字や文などを読んだり書いたりする高学年の外国語科の言語
活動の中で繰り返し扱うことで，より深い理解を促し，表現の運用能力を高め
ていくことにつながることが期待できる。
エ 児童が英語に多く触れることが期待される英語学習の特質を踏まえ，必
要に応じて，特定の事項を取り上げて第１章総則の第２の３の（2）のウ
の（ｲ）に掲げる指導を行うことにより，指導の効果を高めるよう工夫する
こと。このような指導を行う場合には，当該指導のねらいやそれを関連付
けて指導を行う事項との関係を明確にするとともに，単元など内容や時間
のまとまりを見通して，資質・能力が偏りなく育成されるよう計画的に指
導すること。
言語習得の特性から，基本的な語句や表現などは，場面や活動などを替えな
がら，繰り返し学習させることで定着を図ることが期待されることから，各学
校においては，児童や学校・地域の実態を踏まえ，朝の時間，昼休み前後の時
間，放課後の時間などを活用した，10分から15分の短時間学習の実施，45分
と15分を組み合わせた60分授業の実施，さらには長期休業期間の調整や土曜
日を活用した授業の実施等により，教育課程内の外国語科の授業時数を確保す
るなど，「時間」という資源をいかに活用するかという視点で指導計画を見直し，
カリキュラム・マネジメントにより計画的・組織的に教育活動の質の向上を
図っていくことが求められる。
具体的には，学校全体で教育課程内における指導体制の確立を図っていくこ
第２章
外国語科の目標 とや，単元や題材などの内容や時間のまとまりを見通した指導計画を作成して
及び内容
いくことが必要である。そのためには，管理職を中心として全職員で取り組む
校内の体制づくりを進めたり，更には教育委員会など行政機関が主導して体制
整備を進めたりするなど，連携して取り組んでいくことが重要である。
外国語科における短時間または長時間の授業時間の設定に当たっては，第１
章総則の第２の３（2）ウ（ｲ）にあるとおり，「教師が，単元や題材など内容や時
間のまとまりを見通した中で，その指導内容の決定や指導の成果の把握と活用
等を責任をもって行う体制が整備されている」ことが必要であり，更に以下の
事項にも留意することが求められる。
・外国語科の特質を踏まえた検討を行うこと
・単元や題材といった時間や内容のまとまりの中に適切に位置付けることに
124","['習過', '工夫', 'ある', '中学年', '外国語', '活動', '音声', '中心', 'する', '扱う', '語句', '基本的', '表現', '文字', '文', '読む', '書く', 'する', '高学年', '外国語', '言語', '活動', '中', '繰り返す', '扱う', 'こと', '理解', '促す', '表現', '運用', '能力', '高める', 'いく', 'こと', 'つながる', 'こと', '期待', 'できる', 'エ', '児童', '英語', '触れる', 'こと', '期待', 'する', '英語', '学習', '特質', '踏まえる', '要', '応ずる', '特定', '事項', '取り上げる', '1', '章', '総則', '2', '3', '2', 'ウ', 'イ', '掲げる', '指導', '行う', 'こと', 'よる', '指導', '効果', '高める', '工夫', 'する', 'こと', '指導', '行う', '場合', '当該', '指導', 'ねらい', '関連', '指導', '行う', '事項', '関係', 'する', 'とも', '単元', '内容', '時間', 'まとまり', '見通す', '資質', '能力', '偏り', '育成', 'する', '計画的', '指', '導', 'する', 'こと', '言語', '習得', '特性', '基本的', '語句', '表現', '場面', '活動', '替える', 'がら', '繰り返す', '学習', 'する', 'こと', '定着', '図る', 'こと', '期待', 'する', 'こと', '学', 'おく', '児童', '学校', '地域', '実態', '踏まえる', '朝', '時間', '昼休み', '前後', '時', '間', '放課後', '時間', '活用', 'する', '10', '分', '15', '短時間', '学習', '実施', '45', '分', '15', '分', '組み合わせる', '60', '分', '授業', '実施', '長期', '休業期間', '調整', '土曜', '日', '活用', 'する', '授業', '実施', 'よる', '教育課程', '外国語', '授業', '時数', '確保', 'す', '時間', 'いう', '資源', '活用', 'する', 'いう', '視点', '指導', '計画', '見直す', 'カリキュラム', 'マネジメント', 'よる', '計画的', '組織的', '教育', '活動', '質', '向上', '図る', 'いく', 'こと', '求める', '具体的', '学校', '全体', '教育課程', 'おく', '指導', '体制', '確立', '図る', 'いくこ', '2', '章', '外国語', '目標', '単元', '題材', '内容', '時間', 'まとまり', '見通す', '指導', '計画', '作成', 'する', '内容', 'いく', 'こと', '必要', 'ある', 'ため', '管理職', '中心', 'する', '全職員', '取り組む', '校内', '体制', 'づくり', '進める', '教育委員会', '行政', '機関', '主導', 'する', '体制', '整備', '進める', 'する', '連携', 'する', '取り組む', 'いく', 'こと', 'ある', '外国語', 'おく', '短時間', '長時間', '授業', '時間', '設定', '当たる', '1', '章', '総則', '2', '3', '2', 'ウ', 'イ', 'ある', 'とおり', '教師', '単元', '題材', '内容', '時', '間', 'まとまり', '見通す', '中', '指導', '内容', '決定', '指導', '成果', '把握', '活用', '責任', 'もつ', '行う', '体制', '整備', 'する', 'いる', 'こと', '必要', 'ある', '以下', '事項', '留意', 'する', 'こと', '求める', '外国語', '特質', '踏まえる', '検討', '行う', 'こと', '単元', '題材', 'いう', '時間', '内容', 'まとまり', '中', '位置', '付ける', 'こと', '124']"
2017,subject,5-6,2017_subject,68,pedagogical,"より，バランスの取れた資質・能力の育成に努めること
・授業のねらいを明確にして実施すること
・教科書や，教科書と関連付けた教材を開発するなど，適切な教材を用いる
こと
なお，具体的な学習活動の例としては，短時間（10分から15分）であれば，
場面設定をした上で，必要な語句や基本的な表現を繰り返し聞いたり話したり
する活動や，文字を読んだり書いたりする活動など，長時間（45分＋15分の
60分授業）であれば，単元の最後の時間に，意味のある場面や状況を設定し，
深まりのある言語活動を行うなどが考えられるが，まとまりのある学習（45
分授業）との関係性を明確にした一定の効果が得られる活動を各学校の創意工
夫により設定することが重要である。
オ 言語活動で扱う題材は，児童の興味・関心に合ったものとし，国語科や
音楽科，図画工作科など，他の教科等で児童が学習したことを活用したり，
学校行事で扱う内容と関連付けたりするなどの工夫をすること。
この配慮事項は，言語活動で扱う題材について，留意すべき点として，児童
が進んでコミュニケーションを図りたいと思うような，興味・関心のある題材
や活動を扱うことが大切であるということを述べている。
高学年の外国語科の目標を実現するためには，児童にコミュニケーションを
体験させる必要がある。そこで，児童が興味・関心を示す題材を取り扱い，児
童がやってみたいと思うような活動を通して，主体的に英語を用いてコミュニ
ケーションを図ろうとする態度を養うことが大切である。
また，高学年の外国語科の目標を踏まえると，広く言語教育として，国語科
２
をはじめとした学校における全ての教育活動と積極的に結び付けることが大切
英 語
である。
例えば，児童が国語科や音楽科，図画工作科などの他教科等で得た知識や体
験などを生かして活動を展開することで，児童の知的好奇心を更に刺激するこ
とにもなる。
国語科は，中学年の外国語活動及び高学年の外国語科と同様，言語を直接の
学習対象としている。高学年の外国語科において，日本語とは異なる英語の音
声や基本的な表現を用いてコミュニケーションを図ることは，言葉の大切さや
豊かさに気付いたり，言語に対する興味・関心を高めたり，これを尊重する態
度を身に付けたりすることにつながるものであることから，国語科の学習にも
相乗的に資するように教育内容を組み立てることが求められる。例えば，第３
125","['バランス', '取れる', '資質', '能力', '育成', '努める', 'こと', '授業', 'ねらい', 'する', '実施', 'する', 'こと', '教科書', '教科書', '関連', '付ける', '教材', '開発', 'する', '教材', '用いる', 'こと', '具体的', '学習', '活動', '例', 'する', '短時間', '10', '分', '15', '分', 'ある', '場面', '設定', 'する', '上', '必要', '語句', '基本的', '表現', '繰り返す', '聞く', '話す', 'する', '活動', '文字', '読む', '書く', 'する', '活動', '長時間', '45', '分', '15', '60', '分', '授業', 'ある', '単元', '最後', '時間', '意味', 'ある', '場面', '状況', '設定', 'する', '深まり', 'ある', '言語', '活動', '行う', '考える', 'まとまり', 'ある', '学習', '45', '分', '授業', '関係性', 'する', '一定', '効果', '得る', '活動', '学校', '創意', '工', '夫', 'よる', '設定', 'する', 'こと', 'ある', '言語', '活動', '扱う', '題材', '児童', '興味', '関心', '合う', 'もの', 'する', '国語科', '音楽科', '図画工作', '他', '教科', '児童', '学習', 'する', 'こと', '活用', 'する', '学校', '行事', '扱う', '内容', '関連', '付ける', 'する', '工夫', 'する', 'こと', '配慮', '事項', '言語', '活動', '扱う', '題材', 'つく', '留意', 'す', '点', 'する', '児童', '進む', 'コミュニケーション', '図る', '思う', '興味', '関心', 'ある', '題材', '活動', '扱う', 'こと', 'ある', 'いう', 'こと', '述べる', 'いる', '高学年', '外国語', '目標', '実現', 'する', 'ため', '児童', 'コミュニケーション', '体験', 'する', '必要', 'ある', '児童', '興味', '関心', '示す', '題材', '取り扱う', '児', '童', 'やる', 'みる', '思う', '活動', '通す', '主体的', '英語', '用いる', 'コミュニ', 'ケーション', '図る', 'する', '態度', '養う', 'こと', 'ある', '高学年', '外国語', '目標', '踏まえる', '言語', '教育', 'する', '国語科', '2', 'はじめ', 'する', '学校', 'おく', '全て', '教育', '活動', '積極的', '結び付ける', 'こと', '英', '語', 'ある', '児童', '国語科', '音楽科', '図画工作', '他', '教科', '得る', '知識', '体', '験', '生かす', '活動', '展開', 'する', 'こと', '児童', '好奇心', '刺激', 'する', 'こ', 'なる', '国語科', '中学年', '外国語', '活動', '高学年', '外国語', '言語', '直接', '学習', '対象', 'する', 'いる', '高学年', '外国語', 'おく', '日本語', '異なる', '英語', '音', '声', '基本的', '表現', '用いる', 'コミュニケーション', '図る', 'こと', '言葉', '気付く', '言語', '対する', '興味', '関心', '高める', '尊重', 'する', '態', '度', '身', '付ける', 'する', 'こと', 'つながる', 'もの', 'ある', 'こと', '国語科', '学習', '相乗', '資する', '教育', '内容', '組み立てる', 'こと', '求める', '3', '125']"
2017,subject,5-6,2017_subject,69,pedagogical,"学年及び第４学年の国語科において，相手に伝わるように，理由や事例などを
挙げながら，話の中心が明確になるよう話の構成を考える学習をしたことを生
かして，高学年の外国語科における自己紹介等で，趣味や得意なことなど，伝
える事項が複数あるとき，聞き手に分かりやすく伝わるように複数あるものの
順番を決めたり，選んだりして，伝えたいことを整理して話す言語活動が考え
られる。このように，国語科の学習や言語活動に結び付くよう指導の時期を工
夫したり，関連のある学習内容や言語活動を取り上げた単元の設定を工夫した
りすることなどが考えられる。また，第３学年及び第４学年の国語科において，
主語と述語との関係について学習したことを踏まえて，高学年の外国語科にお
いて，日本語と比較する中で，英語の語順に気付かせることも考えられる。さ
らに，第３学年の国語科において，ローマ字を学習したことを生かし，例えば
「カ」という日本語の音は，ローマ字で＜ka＞と表記されるが，この発音から，
/a/という音を省かせることで，/k/という英語の文字であるkの音を意識させ
ることができる。
音楽科では，拍子やリズムの面白さを感じながら，歌ったり打楽器を演奏し
たりリズムをつくったりしている。例えば，こうした学習がチャンツや歌など
の英語の音声やリズムに慣れ親しむ活動の中で生かされることによって，一層
英語の音声を意識することができるようにするなどの工夫が考えられる。
また，図画工作科では，絵や立体，工作に表す活動を通して，感じたこと，
想像したこと，見たことから，表したいことを見つける学習をしている。そこ
で，こうした学習を通して児童が作成した作品を，ショー・アンド・テル（発
表活動）の中でほかの児童に紹介するなどして，児童の外国語学習への興味・
関心を一層高めることができると思われる。
さらに，デジタル教材の中に収められている絵本や図書室にある絵本，国語
第２章
外国語科の目標 科の教科書等で取り上げられている物語などを活用して，繰り返しの簡単な語
及び内容
句や表現を使った英語劇を演じるなどの活動を行うことができる。そのような
表現活動を，学習発表会のような場で発表するなど学校行事との関連を図るこ
ともできると考えられる。
このように，他教科等の学習の成果を，外国語科の学習の中で適切に生かす
ためには，相互の関連について検討し，指導計画に位置付けることが必要であ
る。
カ 障害のある児童などについては，学習活動を行う場合に生じる困難さに
応じた指導内容や指導方法の工夫を計画的，組織的に行うこと。
126","['学年', '4', '学年', '国語科', 'おく', '相手', '伝わる', '理由', '事例', '挙げる', '話', '中心', 'なる', '話', '構成', '考える', '学習', 'する', 'こと', '生', 'する', '高学年', '外国語', 'おく', '自己', '紹介', '趣味', '得意', 'こと', '伝', 'える', '事項', '複数', 'ある', 'とき', '聞き手', '分かる', '伝わる', '複数', 'ある', 'もの', '順番', '決める', '選ぶ', 'する', '伝える', 'こと', '整理', 'する', '話す', '言語', '活動', '考える', '国語科', '学習', '言語', '活動', '結び付く', '指導', '時期', '工', '夫', 'する', '関連', 'ある', '学習', '内容', '言語', '活動', '取り上げる', '単元', '設定', '工夫', 'する', 'りする', 'こと', '考える', '3', '学年', '4', '学年', '国語科', 'おく', '主語', '述語', '関係', 'つく', '学習', 'する', 'こと', '踏まえる', '高学年', '外国語', 'いる', '日本語', '比較', 'する', '中', '英語', '語順', '気付く', 'こと', '考える', '3', '学年', '国語科', 'おく', 'ローマ字', '学習', 'する', 'こと', '生かす', 'カ', 'いう', '日本語', '音', 'ローマ字', 'ka', '表記', 'する', '発音', 'a', 'いう', '音', '省く', 'こと', 'k', 'いう', '英語', '文字', 'ある', 'k', '音', '意識', 'する', 'こと', 'できる', '音楽科', '拍子', 'リズム', '感ずる', '歌う', '打楽器', '演奏', 'する', 'リズム', 'つくる', 'する', 'いる', 'する', '学習', 'チャンツ', '歌', '英語', '音声', 'リズム', '慣れ親しむ', '活動', '中', '生かす', 'こと', 'よる', '英語', '音声', '意識', 'する', 'こと', 'できる', 'する', '工夫', '考える', '図画工作', '絵', '立体', '工作', '表す', '活動', '通す', '感ずる', 'こと', '想像', 'する', 'こと', '見る', 'こと', '表す', 'こと', '見つける', '学習', 'する', 'いる', 'する', '学習', '通す', '児童', '作成', 'する', '作品', 'ショー', 'アンド', 'テル', '表', '活動', '中', 'ほか', '児童', '紹介', 'する', 'する', '児童', '外国語', '学習', '興味', '関心', '高める', 'こと', 'できる', '思う', 'デジタル', '教材', '中', '収める', 'いる', '絵本', '図書室', 'ある', '絵本', '国語', '2', '章', '外国語', '目標', '科', '教科書', '取り上げる', 'いる', '物語', '活用', 'する', '繰り返し', '語', '内容', '句', '表現', '使う', '英語', '劇', '演じる', '活動', '行う', 'こと', 'できる', '表現', '活動', '学習', '発表会', '場', '発表', 'する', '学校', '行事', '関連', '図る', 'こ', 'とも', 'できる', '考える', '他', '教科', '学習', '成果', '外国語', '学習', '中', '生かす', 'ため', '相互', '関連', 'つく', '検討', 'する', '指導', '計画', '位置', '付ける', 'こと', '必要', 'カ', '障害', 'ある', '児童', 'つく', '学習', '活動', '行う', '場合', '生じる', '困難', '応ずる', '指導', '内容', '指導', '方法', '工夫', '計画的', '組織的', '行う', 'こと', '126']"
2017,subject,5-6,2017_subject,70,pedagogical,"障害者の権利に関する条約に掲げられたインクルーシブ教育システムの構築
を目指し，児童の自立と社会参加を一層推進していくためには，通常の学級，
通級による指導，特別支援学級，特別支援学校において，児童の十分な学びを
確保し，一人一人の児童の障害の状態や発達の段階に応じた指導や支援を一層
充実させていく必要がある。
通常の学級においても，発達障害を含む障害のある児童が在籍している可能
性があることを前提に，全ての教科等において，一人一人の教育的ニーズに応
じたきめ細かな指導や支援ができるよう，障害種別の指導の工夫のみならず，
各教科等の学びの過程において考えられる困難さに対する指導の工夫の意図，
手立てを明確にすることが重要である。
これを踏まえ，今回の改訂では，障害のある児童などの指導に当たっては，
個々の児童によって，見えにくさ，聞こえにくさ，道具の操作の困難さ，移動
上の制約，健康面や安全面での制約，発音のしにくさ，心理的な不安定，人間
関係形成の困難さ，読み書きや計算等の困難さ，注意の集中を持続することが
苦手であることなど，学習活動を行う場合に生じる困難さが異なることに留意
し，個々の児童の困難さに応じた指導内容や指導方法を工夫することを，各教
科等において示している。
その際，外国語科の目標や内容の趣旨，学習活動のねらいを踏まえ，学習内
容の変更や学習活動の代替を安易に行うことがないよう留意するとともに，児
童の学習負担や心理面にも配慮する必要がある。
例えば，外国語科における配慮として，次のようなものが考えられる。
・音声を聞き取ることが難しい場合，外国語と日本語の音声やリズムの違い
に気付くことができるよう，リズムやイントネーションを，教員が手拍子
を打つ，音の強弱を手を上下に動かして表すなどの配慮をする。また，本
２
時の流れが分かるように，本時の活動の流れを黒板に記載しておくなどの
英 語
配慮をする。
・１単語当たりの文字数が多い単語や，文などの文字情報になると，読む手
掛かりをつかんだり，細部に注意を向けたりするのが難しい児童の場合，
語のまとまりや文の構成を見て捉えやすくするよう，外国語の文字を提示
する際に字体をそろえたり，線上に文字を書いたり，語彙・表現などを記
したカードなどを黒板に貼る際には，貼る位置や順番などに配慮する。
なお，学校においては，こうした点を踏まえ，個別の指導計画を作成し，必
要な配慮を記載し，翌年度の担任等に引き継ぐことなどが必要である。
キ 学級担任の教師又は外国語を担当する教師が指導計画を作成し，授業を
127","['障害者', '権利', '関する', '条約', '掲げる', 'インクルーシブ', '教育', 'システム', '構築', '目指す', '児童', '自立', '社会', '参加', '推進', 'する', 'いく', 'ため', '通常', '学級', '通級', 'よる', '指導', '特別支援学級', '特別支援学校', 'おく', '児童', '学び', '確保', 'する', '一人一人', '児童', '障害', '状態', '発達', '段階', '応ずる', '指導', '支援', '充実', 'する', 'いく', '必要', 'ある', '通常', '学級', 'おく', '発達障害', '含む', '障害', 'ある', '児童', '在籍', 'する', 'いる', '性', 'ある', 'こと', '前提', '全て', '教科', 'おく', '一人一人', '教育', 'ニーズ', '応', '指導', '支援', 'できる', '障害', '種別', '指導', '工夫', '教科', '学び', '過程', 'おく', '考える', '困難', '対する', '指導', '工夫', '意図', '手立て', 'する', 'こと', 'ある', '踏まえる', '今回', '改訂', '障害', 'ある', '児童', '指導', '当たる', '個々', '児童', 'よる', '見える', '聞こえる', '道具', '操作', '困難', '移動', '上', '制約', '健康', '面', '安全', '面', '制約', '発音', 'する', '心理的', '不安定', '人間', '関係', '形成', '困難', '読み書き', '計算', '困難', '注意', '集中', '持続', 'する', 'こと', '苦手', 'ある', 'こと', '学習', '活動', '行う', '場合', '生じる', '困難', '異なる', 'こと', '留意', 'する', '個々', '児童', '困難', '応ずる', '指導', '内容', '指導', '方法', '工夫', 'する', 'こと', '教', '科', 'おく', '示す', 'いる', '際', '外国語', '目標', '内容', '趣旨', '学習', '活動', 'ねらい', '踏まえる', '学習', '容', '変更', '学習', '活動', '代替', '行う', 'こと', '留意', 'する', 'とも', '児', '童', '学習', '負担', '心理', '面', '配慮', 'する', '必要', 'ある', '外国語', 'おく', '配慮', 'する', '次', 'もの', '考える', '音声', '聞き取る', 'こと', '場合', '外国語', '日本語', '音声', 'リズム', '違い', '気付く', 'こと', 'できる', 'リズム', 'イントネーション', '教員', '手拍子', '打つ', '音', '強弱', '手', '上下', '動かす', '表す', '配慮', 'する', '本', '2', '時', '流れ', '分かる', '本時', '活動', '流れ', '黒板', '記載', 'する', 'おく', '英', '語', '配慮', 'する', '1', '単語', '文字数', '単語', '文', '文字', '情報', 'なる', '読む', '手', '掛かり', 'つかむ', '細部', '注意', '向ける', 'する', '児童', '場合', '語', 'まとまり', '文', '構成', '見る', '捉える', 'する', '外国語', '文字', '提示', 'する', '際', '字体', 'そろえる', '線', '文字', '書く', '語彙', '表現', '記', 'する', 'カード', '黒板', '貼る', '際', '貼る', '位置', '順番', '配慮', 'する', '学校', 'おく', 'する', '点', '踏まえる', '個別', '指導', '計画', '作成', 'する', '要', '配慮', '記載', 'する', '翌年度', '担任', '引き継ぐ', 'こと', '必要', 'ある', 'キ', '学級', '担任', '教師', '外国語', '担当', 'する', '教師', '指導', '計画', '作成', 'する', '授業', '127']"
2017,subject,5-6,2017_subject,71,pedagogical,"実施するに当たっては，ネイティブ・スピーカーや英語が堪能な地域人材
などの協力を得る等，指導体制の充実を図るとともに，指導方法の工夫を
行うこと。
この配慮事項は，専門性を一層重視した指導を行うことができる体制を構築
することの重要性を示したものである。
指導計画は，児童の実態を十分理解している学級担任の教師又は外国語を担
当する教師により作成されなければならない。実際の授業を実施するに当たっ
ては，学級担任の教師が指導する場合は，専門性を有する教師を校内で「中核
教員」として位置付けるなどし，当該教師を中心とした校内研修を充実させる
ことにより学級担任の教師の指導力を向上させることに努めることが求められ
る。高学年の外国語科においても，中学年の外国語活動と同様に，児童が進ん
でコミュニケーションを図りたいと思うような，興味・関心のある題材や活動
を扱うことが大切であり，このような題材や活動を設定するためには，児童の
ことをよく理解していることが前提となる。また，児童の不安を取り除き，新
しいものへ挑戦する気持ちや失敗を恐れない雰囲気を作り出すためには，豊か
な児童理解と高まり合う学習集団づくりとが指導者に求められる。このような
ことから，高学年の外国語科においても学級担任の教師の存在は欠かせない。
他方，中・高等学校の英語の教員免許を有する小学校の教師等，専門性を有
する教師が専科指導を行うなど，教科化に対応するため専門性を一層重視した
校内体制の整備を進めることも大切である。その場合も，学級担任の教師と同
様に初等教育や児童を理解し，授業を実施することが大切である。
加えて，ネイティブ・スピーカーや英語が堪能な地域人材などの協力を得る
ことも考えられる。児童がネイティブ・スピーカーや英語が堪能な地域人材な
第２章
外国語科の目標 どとのコミュニケーションを通じて，①標準的な英語音声に接し，正確な発音
及び内容
を習得する，②英語で情報や自分の考えを述べるとともに，相手の発話を聞い
て理解するための機会が日常的に確保されることが重要である。そうした人材
としては，ＡＬＴのほかに，地域に住む外国人，外国からの訪問者や留学生，
外国生活の経験者，海外の事情に詳しい人など幅広い人々が考えられ，これら
の人々の協力を得ることが，児童が英語に触れる機会を充実し，授業を実際の
コミュニケーションの場面とすることに資する。
そのためには，各学校において，今後一層，家庭や地域の人々と教育活動の
方向性を共有し，具体的な役割や責任を明確にしていくことが大切となる。ま
た，教育委員会においては，校区を越えて地域人材を確保し，各学校において
効果的に活用が図れるよう体制整備を進めるなど，学校を支援するシステム構
128","['実施', 'する', '当たる', 'ネイティブ', 'スピーカー', '英語', '地域', '人材', '協力', '得る', '指導', '体制', '充実', '図る', 'とも', '指導', '方法', '工夫', '行う', 'こと', '配慮', '事項', '専門性', '重視', 'する', '指導', '行う', 'こと', 'できる', '体制', '構築', 'する', 'こと', '重要性', '示す', 'もの', 'ある', '指導', '計画', '児童', '実態', '理解', 'する', 'いる', '学級', '担任', '教師', '外国語', '担', '当', 'する', '教師', 'よる', '作成', 'する', 'なる', '実際', '授業', '実施', 'する', '当たる', '学級', '担任', '教師', '指導', 'する', '場合', '専門性', '有する', '教師', '校内', '中核', '教員', 'する', '位置', '付ける', 'する', '当該', '教師', '中心', 'する', '校内', '研修', '充実', 'する', 'こと', 'よる', '学級', '担任', '教師', '指導力', '向上', 'する', 'こと', '努める', 'こと', '求める', '高学年', '外国語', 'おく', '中学年', '外国語', '活動', '児童', '進む', 'コミュニケーション', '図る', '思う', '興味', '関心', 'ある', '題材', '活動', '扱う', 'こと', 'ある', '題材', '活動', '設定', 'する', 'ため', '児童', 'こと', '理解', 'する', 'いる', 'こと', '前提', 'なる', '児童', '不安', '取り除く', 'する', 'もの', '挑戦', 'する', '気持ち', '失敗', '恐れる', '雰囲気', '作り出す', 'ため', '児童', '理解', '高まる', '合う', '学習', '集団', 'づくり', '指導者', '求める', 'こと', '高学年', '外国語', 'おく', '学級', '担任', '教師', '存在', '欠かせる', '他方', '高等学校', '英語', '教員免許', '有する', '小学校', '教師', '専門性', '有る', 'する', '教師', '専科', '指導', '行う', '教科', '対応', 'する', 'ため', '専門性', '重視', 'する', '校内', '体制', '整備', '進める', 'こと', 'ある', '場合', '学級', '担任', '教師', '同', '初等', '教育', '児童', '理解', 'する', '授業', '実施', 'する', 'こと', 'ある', '加える', 'ネイティブ', 'スピーカー', '英語', '地域', '人材', '協力', '得る', 'こと', '考える', '児童', 'ネイティブ', 'スピーカー', '英語', '地域', '人材', '2', '章', '外国語', '目標', 'コミュニケーション', '通ずる', '1', '標準的', '英語', '音声', '接する', '正確', '発音', '内容', '習得', 'する', '2', '英語', '情報', '自分', '考え', '述べる', 'とも', '相手', '発話', '聞く', '理解', 'する', 'ため', '機会', '日常的', '確保', 'する', 'こと', 'ある', 'する', '人材', 'する', 'Alt', 'ほか', '地域', '住む', '外国人', '外国', '訪問者', '留学生', '外国', '生活', '経験者', '海外', '事情', '人', '人々', '考える', '人々', '協力', '得る', 'こと', '児童', '英語', '触れる', '機会', '充実', 'する', '授業', '実際', 'コミュニケーション', '場面', 'する', 'こと', '資する', 'ため', '学校', 'おく', '今後', '家庭', '地域', '人々', '教育', '活動', '方向性', '共有', 'する', '具体的', '役割', '責任', 'する', 'いく', 'こと', 'なる', '教育委員会', 'おく', '校区', '越える', '地域', '人材', '確保', 'する', '学校', 'おく', '効果的', '活用', '図れる', '体制', '整備', '進める', '学校', '支援', 'する', 'システム', '構', '128']"
2017,subject,5-6,2017_subject,72,pedagogical,"築に努めることが求められる。このように，教育行政，学校，家庭，地域社会
が連携・協働して児童を育んでいく営みは，「社会に開かれた教育課程」の理
念に基づくものでもある。
（2） 内容の取扱い
（2）２の内容の取扱いについては，次の事項に配慮するものとする。
ア ２の（1）に示す言語材料については，平易なものから難しいものへと
段階的に指導すること。また，児童の発達の段階に応じて，聞いたり読
んだりすることを通して意味を理解できるように指導すべき事項と，話
したり書いたりして表現できるように指導すべき事項とがあることに留
意すること。
この配慮事項は，学習段階における言語材料の取扱いについて，特に留意す
べき点について述べている。
言語材料の指導については，一般に平易なものから難しいものへと段階的に
指導することが大切である。学習の基礎の段階では，単純な文構造を取り上げ，
学習が進むにつれて，複雑な文構造を主として取り上げるようにすることが大
切である。その際，児童の学習負担や学習の進捗状況を考慮し，必要に応じて
平易なものを再学習してから難しいものに取り組むなどの配慮も必要である。
また，聞いたり読んだりすることを通して意味を捉えることができる言語材
料と，話したり書いたりして表現できる言語材料は同一ではない。言語習得に
おいては，意味を捉えることができる段階から，徐々に話したり書いたりでき
る段階へと進む。このことを踏まえると，第２の２（1）に示す言語材料につい
２
てその意味を捉えることができるように指導すると同時に表現できるように指
英 語
導することは発達の段階の点から適切ではない。意味を捉えることができるよ
うにする段階から，表現できるようにする段階へと時間をかけて指導する必要
がある。第２の２（1）ウに示したように語彙には受容語彙と発信語彙があるこ
とに留意することと同様に，五つの領域別の目標に応じて，ある言語材料につ
いては，その意味を捉えることができるように指導することに留め，表現でき
るようにすることまで求めないことも重要である。
指導計画を作成するに当たっては，高度な言語活動を目指そうとするあまり，
児童に過度の学習負担を強いることのないように配慮し，２学年間を見通した
指導計画を作成することが大切である。
129","['築', '努める', 'こと', '求める', '教育', '行政', '学校', '家庭', '地域社会', '連携', '協働', 'する', '児童', '育む', 'いく', '営み', '社会', '開く', '教育課程', '理', '念', '基づく', 'もの', 'ある', '2', '内容', '取扱い', '2', '2', '内容', '取扱い', 'つく', '次', '事項', '配慮', 'する', 'もの', 'する', 'ア', '2', '1', '示す', '言語', '材料', 'つく', '平易', 'もの', 'もの', '段階的', '指導', 'する', 'こと', '児童', '発達', '段階', '応ずる', '聞く', '読', 'する', 'こと', '通す', '意味', '理解', 'できる', '指導', 'す', '事項', '話', 'する', '書く', 'する', '表現', 'できる', '指導', 'す', '事項', 'ある', 'こと', '留', '意', 'する', 'こと', '配慮', '事項', '学習', '段階', 'おく', '言語', '材料', '取扱い', 'つく', '留意', 'す', '点', 'つく', '述べる', 'いる', '言語', '材料', '指導', 'つく', '一般', '平易', 'もの', 'もの', '段階的', '指導', 'する', 'こと', 'ある', '学習', '基礎', '段階', '文', '構造', '取り上げる', '学習', '進む', 'つれる', '複雑', '文', '構造', '主', 'する', '取り上げる', 'する', 'こと', '大', 'ある', '際', '児童', '学習', '負担', '学習', '進捗状況', '考慮', 'する', '必要', '応ずる', '平易', 'もの', '学習', 'する', 'もの', '取り組む', '配慮', '必要', 'ある', '聞く', '読む', 'する', 'こと', '通す', '意味', '捉える', 'こと', 'できる', '言語', '話す', '書く', 'する', '表現', 'できる', '言語', '材料', '言語', '習得', 'おく', '意味', '捉える', 'こと', 'できる', '段階', '徐々', '話す', '書く', 'できる', '段階', '進む', 'こと', '踏まえる', '2', '2', '1', '示す', '言語', '材料', 'つく', '2', '意味', '捉える', 'こと', 'できる', '指導', 'する', '同時', '表現', 'できる', '指', '英', '語', '導', 'する', 'こと', '発達', '段階', '点', '意味', '捉える', 'こと', 'できる', 'うに', 'する', '段階', '表現', 'できる', 'する', '段階', '時間', 'かける', '指導', 'する', '必要', 'ある', '2', '2', '1', 'ウ', '示す', '語彙', '受容', '語彙', '発信', '語彙', 'あるく', '留意', 'する', 'こと', '五', '領域', '別', '目標', '応ずる', '言語', '材料', 'いる', '意味', '捉える', 'こと', 'できる', '指導', 'する', 'こと', '留める', '表現', 'できる', 'する', 'こと', '求める', 'こと', 'ある', '指導', '計画', '作成', 'する', '当たる', '言語', '活動', '目指す', 'する', 'あまり', '児童', '学習', '負担', '強いる', 'こと', '配慮', 'する', '2', '年間', '見通す', '指導', '計画', '作成', 'する', 'こと', 'ある', '129']"
2017,subject,5-6,2017_subject,73,pedagogical,"イ 音声指導に当たっては，日本語との違いに留意しながら，発音練習など
を通して２の（1）のアに示す言語材料を指導すること。また，音声と文字
とを関連付けて指導すること。
音声の指導については，繰り返し触れさせたり活用したりする中で指導する
必要がある。その際，英語の音声の特徴に気付かせ，必要に応じて発音練習な
どを通して指導するようにする。
また，「音声と文字とを関連付けて指導すること」とは，音声で十分慣れ親
しんだ表現について読んだり書いたりすることの指導を求めたものである。し
たがって，音声で十分慣れ親しんでいない語の綴りを提示して音声化する練習
をさせるのは不適切である。また，語の中から文字を取り出して行う発音練習
は，第２の２（3）①で示す「読むこと」と「書くこと」の言語活動のために行
うことに留意する。また，発音と綴りを関連付けて，発音と綴りの規則を指導
することを意味するものではないことに留意する。「発音と綴りとを関連付け
て指導すること」は，中学校の外国語科における指導事項としている。
ウ 文や文構造の指導に当たっては，次の事項に留意すること。
（ｱ）児童が日本語と英語との語順等の違いや，関連のある文や文構造のま
とまりを認識できるようにするために，効果的な指導ができるよう工夫
すること。
この配慮事項は，児童が言語活動の中で，効果的に日本語と英語の違いに気
付いたり，英語の文や文構造を学んだりするために工夫することを求めた事項
である。例えば，主語＋動詞＋補語という文構造を用いて人物を紹介する際，
第２章
外国語科の目標 次のように音声とともに英文を列挙して提示することで，isが共通して用いら
及び内容
れることや，isの後ろに説明する語句が続くことなどに気付かせることができ
る。
This is my hero.
He is a good tennis player.
He is cool.
（ｲ）文法の用語や用法の指導に偏ることがないよう配慮して，言語活動と効
果的に関連付けて指導すること。
この事項は，小学校の外国語科においては，文法の用語や用法の指導を行う
130","['イ', '音声', '指導', '当たる', '日本語', '違い', '留意', 'する', '発音', '練習', '通す', '2', '1', 'ア', '示す', '言語', '材料', '指導', 'する', 'こと', '音声', '文字', '関連', '付ける', '指導', 'する', 'こと', '音声', '指導', 'つく', '繰り返す', '触れる', '活用', 'する', 'する', '中', '指導', 'する', '必要', 'ある', '際', '英語', '音声', '特徴', '気付く', '必要', '応ずる', '発音', '練習', 'ど', '通す', '指導', 'する', 'する', '音声', '文字', '関連', '付ける', '指導', 'する', 'こと', '音声', '慣れる', '親', 'しれる', '表現', 'つく', '読む', '書く', 'する', 'こと', '指導', '求める', 'もの', 'ある', 'する', '音声', '慣れ親しむ', 'いる', '語', '綴り', '提示', 'する', '音声', 'する', '練習', 'する', '不適切', 'ある', '語', '中', '文字', '取り出す', '行う', '発音', '練習', '2', '2', '3', '1', '示す', '読む', 'こと', '書く', 'こと', '言語', '活動', 'ため', '行', 'こと', '留意', 'する', '発音', '綴り', '関連', '付ける', '発音', '綴り', '規則', '指導', 'する', 'こと', '意味', 'する', 'もの', 'こと', '留意', 'する', '発音', '綴り', '関連', '付け', '指導', 'する', 'こと', '中学校', '外国語', 'おく', '指導事項', 'する', 'いる', 'ウ', '文', '文', '構造', '指導', '当たる', '次', '事項', '留意', 'する', 'こと', 'ア', '児童', '日本語', '英語', '語順', '違い', '関連', 'ある', '文', '文', '構造', 'とまり', '認識', 'できる', 'する', 'ため', '効果的', '指導', 'できる', '工夫', 'する', 'こと', '配慮', '事項', '児童', '言語', '活動', '中', '効果的', '日本語', '英語', '違い', '気', '付く', '英語', '文', '文', '構造', '学ぶ', 'する', 'ため', '工夫', 'する', 'こと', '求める', '事項', 'ある', '主語', '動詞', '補語', 'いう', '文', '構造', '用いる', '人物', '紹介', 'する', '際', '2', '章', '外国語', '目標', '次', '音声', 'とも', '英文', '列挙', 'する', '提示', 'する', 'こと', 'IS', '共通', 'する', '用いる', '内容', 'こと', 'IS', '後ろ', '説明', 'する', '語句', '続く', 'こと', '気付く', 'こと', 'できる', 'This', 'is', 'My', 'hero', 'HE', 'is', 'a', 'GOOD', 'tennis', 'Player', 'HE', 'is', 'cool', 'イ', '文法', '用語', '用法', '指導', '偏る', 'こと', '配慮', 'する', '言語', '活動', '効', '果', '関連', '付ける', '指導', 'する', 'こと', '事項', '小学校', '外国語', 'おく', '文法', '用語', '用法', '指導', '行う', '130']"
2017,subject,5-6,2017_subject,74,pedagogical,"のではなく，言語活動の中で用いられる表現として聞いたり話したりして活用
できるようにすることが重要であることを意味している。例えば，第２の２（1）
エ「文及び文構造」（ｱ）の中で，動名詞や過去形が挙げられているが，「動名詞」
や「過去形」という用語を指導することを求めるものではない。動名詞や過去
形の変形の練習をするのではなく，“I like playing soccer.”のように自分の好き
なことを紹介したり，“I enjoyed fishing.”や“I saw the blue sea.”のように自分
の経験したことを伝えたりする表現として言語活動の中で活用できるように指
導することを求めるものである。
エ 身近で簡単な事柄について，友達に質問をしたり質問に答えたりする力
を育成するため，ペア・ワーク，グループ・ワークなどの学習形態につい
て適宜工夫すること。その際，他者とコミュニケーションを行うことに課
題がある児童については，個々の児童の特性に応じて指導内容や指導方法
を工夫すること。
指導に当たっては，ペア・ワークやグループ・ワークなどの学習形態を適宜
取り入れ，自分から話を切り出したり，相手の発話に即座に反応したりしなが
らやり取りを行う活動を行う。
その際，機械的な練習にならないよう，多様な言語の使用場面を設定したり，
既得の語句や表現を使用して，会話を広げるよう促したりする指導の工夫が考
えられる。他者とコミュニケーションを行うことに課題がある児童については，
その児童が日頃から関わることのできる児童をペアの相手やグループのメン
バーに意図的に配置したり，教師やＡＬＴ等とペアを組んだりするなど，個々
の児童の特性に応じて指導方法を工夫する必要がある。
２
英 語
オ 児童が身に付けるべき資質・能力や児童の実態，教材の内容などに応じ
て，視聴覚教材やコンピュータ，情報通信ネットワーク，教育機器などを
有効活用し，児童の興味・関心をより高め，指導の効率化や言語活動の更
なる充実を図るようにすること。
指導に当たり，児童の関心を高め，主体的・対話的で深い学びの実現に向け
た授業改善につながるよう，活動に応じたデジタル教材等の活用が考えられる。
例えば，児童がコミュニケーションの目的や場面，状況などを意識した活動を
行うことが重要であるが，その際，視聴覚教材などを用いて，実際にコミュニ
ケーションが行われている様子を示すことは，活動を行う際の生きたモデルと
131","['言語', '活動', '中', '用いる', '表現', 'する', '聞く', '話す', 'する', '活用', 'できる', 'する', 'こと', 'ある', 'こと', '意味', 'する', 'いる', '2', '2', '1', 'エ', '文', '文', '構造', 'ア', '中', '動名詞', '過去形', '挙げる', 'いる', '動名詞', '過去形', 'いう', '用語', '指導', 'する', 'こと', '求める', 'もの', '動名詞', '過去', '形', '変形', '練習', 'する', 'I', 'LIKE', 'playing', 'soccer', '自分', 'こと', '紹介', 'する', 'I', 'enjoyed', 'fishing', 'I', 'SAW', 'THE', 'Blue', 'Sea', '自分', '経験', 'する', 'こと', '伝える', 'する', '表現', 'する', '言語', '活動', '中', '活用', 'できる', '指', '導', 'する', 'こと', '求める', 'もの', 'ある', 'エ', '事柄', 'つく', '友達', '質問', 'する', '質問', '答える', 'する', '力', '育成', 'する', 'ため', 'ペア', 'ワーク', 'グループ', 'ワーク', '学習', '形態', 'つく', '工夫', 'する', 'こと', '際', '他者', 'コミュニケーション', '行う', 'こと', '課', '題', 'ある', '児童', 'つく', '個々', '児童', '特性', '応ずる', '指導', '内容', '指導', '方法', '工夫', 'する', 'こと', '指導', '当たる', 'ペア', 'ワーク', 'グループ', 'ワーク', '学習', '形態', '取り入れる', '自分', '話', '切り出す', '相手', '発話', '即座', '反応', 'する', 'しな', 'やり取り', '行う', '活動', '行う', '際', '機械的', '練習', 'なる', '言語', '使用', '場面', '設定', 'する', '既得', '語句', '表現', '使用', 'する', '会話', '広げる', '促す', 'する', '指導', '工夫', '考', 'える', '他者', 'コミュニケーション', '行う', 'こと', '課題', 'ある', '児童', 'つく', '児童', '日頃', '関わる', 'こと', 'できる', '児童', 'ペア', '相手', 'グループ', 'メン', 'バー', '意図的', '配置', 'する', '教師', 'Alt', 'ペア', '組む', 'する', '個々', '児童', '特性', '応ずる', '指導', '方法', '工夫', 'する', '必要', 'ある', '2', '英', '語', '児童', '身', '付ける', '資質', '能力', '児童', '実態', '教材', '内容', '応ずる', '視聴覚', '教材', 'コンピュータ', '情報', '通信', 'ネットワーク', '教育', '機器', '活用', 'する', '児童', '興味', '関心', 'よる', '高める', '指導', '効率化', '言語', '活動', '充実', '図る', 'する', 'こと', '指導', '当たる', '児童', '関心', '高める', '主体的', '対話', '学び', '実現', '向ける', '授業', '改善', 'つながる', '活動', '応ずる', 'デジタル', '教材', '活用', '考える', '児童', 'コミュニケーション', '目的', '場面', '状況', '意識', 'する', '活動', '行う', 'こと', 'ある', '際', '視聴覚', '教材', '用いる', '実際', 'コミュニ', 'ケーション', '行う', 'いる', '様子', '示す', 'こと', '活動', '行う', '際', '生きる', 'モデル', '131']"
2017,subject,5-6,2017_subject,75,pedagogical,"なることに加え，コミュニケーションの働きも意識できるため，児童の興味・
関心を高める上でも極めて有効である。また，ネイティブ・スピーカーや英語
が堪能な人の協力が得にくい学校や地域もありうることや，ジェスチャーや表
情などの非言語的視覚情報もコミュニケーションを図る際には大切な要素と
なってくることを踏まえると，ＣＤやＤＶＤなどの視聴覚教材の積極的な活用
も有効である。その際，様々な機器や教材が手に入ることを考えると，それら
を使う目的を明確にし，児童や学校及び地域の実態に応じたものを選択するこ
とが大切である。例えば，外国語の背景にある文化に対する理解を深めるため
には，様々な国や地域の行事等を紹介した教材を活用することも考えられる。
また，学校間で集合学習や交流学習を行う際には，情報通信ネットワークを用
いることで，実際の学習はもとより，事前に打合せや顔合わせをしておくこと
も可能である。さらに，短時間学習を行う際にも，指導を効率化し，児童の興
味・関心を高めるために，デジタル教材等の活用が考えられる。
「読むこと」や「書くこと」を指導する際には，教室用デジタル教材などを
活用し，読み聞かせなどの効果を高めたり，文を書き写す際にはその意味をイ
ラストで添え，語順意識の高まりを期待したりすることなども考えられる。こ
れらにより，過度に暗記させることが目的の，単なるドリル的な反復練習を避
けることができる。
カ 各単元や各時間の指導に当たっては，コミュニケーションを行う目的，
場面，状況などを明確に設定し，言語活動を通して育成すべき資質・能力
を明確に示すことにより，児童が学習の見通しを立てたり，振り返ったり
することができるようにすること。
第２章
外国語科の目標 この配慮事項は，児童が目的をもって学習に取り組み，学んだことの意味付
及び内容
けを行ったり，既得の知識や経験と新たに得られた知識を言語活動へつなげ，
「思考力，判断力，表現力等」を高めていったりするための各単元や各時間の
指導におけるプロセスを示している。
各単元や各時間の学習活動を行う際に，単に繰り返し活動を行うのではなく，
各学校で設定した学習到達目標を踏まえ，児童がコミュニケーションを行う目
的や場面，状況などを意識して学習に臨むことができるよう，どのような言語
活動を行うのかを明確に示す必要がある。こうしたことにより，児童自らが，
学習の見通しを立て，主体的に学習活動に取り組み，言語活動の質の高まりに
よる自分の考えの変容について，自ら学習のまとめを行ったり，振り返りを行っ
たりすることが促される。
132","['なる', 'こと', '加える', 'コミュニケーション', '働き', '意識', 'できる', 'ため', '児童', '興味', '関心', '高める', '上', 'ある', 'ネイティブ', 'スピーカー', '英語', '人', '協力', '得る', '学校', '地域', 'ある', 'うる', 'こと', 'ジェスチャー', '表', '情', '言語的', '視覚', '情報', 'コミュニケーション', '図る', '際', '要素', 'なる', 'くる', 'こと', '踏まえる', 'CD', 'DVD', '視聴覚', '教材', '積極的', '活用', 'ある', '際', '機器', '教材', '手', '入る', 'こと', '考える', '使う', '目的', 'する', '児童', '学校', '地域', '実態', '応ずる', 'もの', '選択', 'する', 'こ', 'ある', '外国語', '背景', 'ある', '文化', '対する', '理解', '深める', 'ため', '国', '地域', '行事', '紹介', 'する', '教材', '活用', 'する', 'こと', '考える', '学校', '集合', '学習', '交流', '学習', '行う', '際', '情報', '通信', 'ネットワーク', '用', 'いる', 'こと', '実際', '学習', '事前', '打合せ', '顔合わせ', 'する', 'おく', 'こと', 'ある', '短時間', '学習', '行う', '際', '指導', '効率化', 'する', '児童', '興', '味', '関心', '高める', 'ため', 'デジタル', '教材', '活用', '考える', '読む', 'こと', '書く', 'こと', '指導', 'する', '際', '教室', 'デジタル', '教材', '活用', 'する', '読み聞かせ', '効果', '高める', '文', '書き写す', '際', '意味', 'イ', 'ラスト', '添える', '語順', '意識', '高まり', '期待', 'する', 'する', 'こと', '考える', 'よる', '暗記', 'する', 'こと', '目的', 'ドリル', '反復', '練習', 'ける', 'こと', 'できる', 'カ', '単元', '時間', '指導', '当たる', 'コミュニケーション', '行う', '目的', '場面', '状況', '設定', 'する', '言語', '活動', '通す', '育成', 'す', '資質', '能力', '示す', 'こと', 'よる', '児童', '学習', '見通し', '立てる', '振り返る', 'する', 'こと', 'できる', 'する', 'こと', '2', '章', '外国語', '目標', '配慮', '事項', '児童', '目的', 'もつ', '学習', '取り組む', '学ぶ', 'こと', '意味', '内容', 'け', '行う', '既得', '知識', '経験', '得る', '知識', '言語', '活動', 'つなげる', '思考力', '判断力', '表現力', '高める', 'いく', 'する', 'ため', '単元', '時間', '指導', 'おく', 'プロセス', '示す', 'いる', '単元', '時間', '学習', '活動', '行う', '際', '繰り返す', '活動', '行う', '学校', '設定', 'する', '学習', '到達', '目標', '踏まえる', '児童', 'コミュニケーション', '行う', '目', '的', '場面', '状況', '意識', 'する', '学習', '臨む', 'こと', 'できる', '言語', '活動', '行う', '示す', '必要', 'ある', 'する', 'こと', 'よる', '児童', '自ら', '学習', '見通し', '立てる', '主体的', '学習', '活動', '取り組む', '言語', '活動', '質', '高まり', 'よる', '自分', '考え', '変容', 'つく', '自ら', '学習', 'まとめ', '行う', '振り返り', '行う', 'する', 'こと', '促す', '132']"
2017,subject,5-6,2017_subject,76,pedagogical,"（3） 教材選定の観点
（3）教材については，次の事項に留意するものとする。
ア 教材は，聞くこと，読むこと，話すこと［やり取り］，話すこと［発表］，
書くことなどのコミュニケーションを図る基礎となる資質・能力を総合
的に育成するため，１に示す五つの領域別の目標と２に示す内容との関
係について，単元など内容や時間のまとまりごとに各教材の中で明確に
示すとともに，実際の言語の使用場面や言語の働きに十分配慮した題材
を取り上げること。
英語の学習において，教材は重要な役割を果たすものであり，教材の選定に
ついては十分な配慮が必要である。教材の選定においては，まず，「聞くこと」，
「読むこと」，「話すこと［やり取り］」，「話すこと［発表］」，「書くこと」の五
つの領域別の言語活動を通して，コミュニケーションを図る基礎となる資質・
能力を総合的に育成するためのものであることに留意することが必要である。
その際に，第２の１に示す五つの領域別の目標と，第２の２に示す内容との関
係が，単元など内容や時間のまとまりごとに明確になっている必要がある。例
えば，第２の１（1「）聞くこと」アにおいては，「ゆっくりはっきりと話されれば，
自分のことや身近で簡単な事柄について，簡単な語句や基本的な表現を聞き取
ることができるようにする」とあるが，それは第２の２（1）に示す内容，例えば，
アの音声については，（ｱ）現代の標準的な発音，（ｲ）語と語の連結による音の変
化，（ｳ）語や句，文における基本的な強勢，（ｴ）文における基本的なイントネー
ション，（ｵ）文における基本的な区切りなどの条件を満たす内容の音声教材で
あることが必要となる。
２
また，第２の１に示す目標や第２の２に示す内容は，第２の２（3）の「言語
英 語
活動及び言語の働きに関する事項」に示されている②の「ア 言語の使用場面
の例」や「イ 言語の働きの例」などに十分配慮したものを取り上げているこ
とが大切である。第２の１に示す目標や第２の２に示す内容は，「使用場面」
や「働き」と切り離して指導するのではなく，「使用場面」や「働き」と併せ
て指導されることがコミュニケーションを図る基礎となる資質・能力を総合的
に育成する観点からは重要で，こうした指導に資する教材を選定することが求
められる。
イ 英語を使用している人々を中心とする世界の人々や日本人の日常生活，
風俗習慣，物語，地理，歴史，伝統文化，自然などに関するものの中から，
133","['3', '教材', '選定', '観点', '3', '教材', 'つく', '次', '事項', '留意', 'する', 'もの', 'する', 'ア', '教材', '聞く', 'こと', '読む', 'こと', '話す', 'こと', 'やり取り', '話す', 'こと', '発表', '書く', 'こと', 'コミュニケーション', '図る', '基礎', 'なる', '資質', '能力', '総合', '育成', 'する', 'ため', '1', '示す', '五', '領域', '別', '目標', '2', '示す', '内容', '関', '係', 'つく', '単元', '内容', '時間', 'まとまり', '教材', '中', '示す', 'とも', '実際', '言語', '使用', '場面', '言語', '働き', '配慮', 'する', '題材', '取り上げる', 'こと', '英語', '学習', 'おく', '教材', '役割', '果たす', 'もの', 'ある', '教材', '選定', 'つく', '配慮', '必要', 'ある', '教材', '選定', 'おく', '聞く', 'こと', '読む', 'こと', '話す', 'こと', 'やり取り', '話す', 'こと', '発表', '書く', 'こと', '五', 'つの', '領域', '別', '言語', '活動', '通す', 'コミュニケーション', '図る', '基礎', 'なる', '資質', '能力', '総合的', '育成', 'する', 'ため', 'もの', 'ある', 'こと', '留意', 'する', 'こと', '必要', 'ある', '際', '2', '1', '示す', '五', '領域', '別', '目標', '2', '2', '示す', '内容', '関', '係', '単元', '内容', '時間', 'まとまり', 'なる', 'いる', '必要', 'ある', '例', '2', '1', '1', '聞く', 'こと', 'ア', 'おく', '話す', '自分', 'こと', '事柄', 'つく', '語句', '基本的', '表現', '聞く', 'こと', 'できる', 'する', 'ある', '2', '2', '1', '示す', '内容', 'ア', '音声', 'つく', 'ア', '現代', '標準的', '発音', 'イ', '語', '語', '連結', 'よる', '音', '変', '化る', 'ウ', '語', '句', '文', 'おく', '基本的', '強勢', '文', 'おく', '基本的', 'イントネー', 'ション', '文', 'おく', '基本的', '区切り', '条件', '満たす', '内容', '音声', '教材', 'こと', '必要', 'なる', '2', '2', '1', '示す', '目標', '2', '2', '示す', '内容', '2', '2', '3', '言語', '英', '語', '活動', '言語', '働き', '関する', '事項', '示す', 'いる', '2', 'ア', '言語', '使用', '場面', '例', 'イ', '言語', '働き', '例', '配慮', 'する', 'もの', '取り上げる', 'いる', 'ある', '2', '1', '示す', '目標', '2', '2', '示す', '内容', '使用', '場面', '働き', '切り離す', '指導', 'する', '使用', '場面', '働き', '併せる', '指導', 'する', 'こと', 'コミュニケーション', '図る', '基礎', 'なる', '資質', '能力', '総合的', '育成', 'する', '観点', 'する', '指導', '資する', '教材', '選定', 'する', 'こと', '求', 'イ', '英語', '使用', 'する', 'いる', '人々', '中心', 'する', '世界', '人々', '日本人', '日常生活', '風俗', '習慣', '物語', '地理', '歴史', '伝統', '文化', '自然', '関する', 'もの', '中', '133']"
2017,subject,5-6,2017_subject,77,pedagogical,"児童の発達の段階や興味・関心に即して適切な題材を変化をもたせて取り
上げるものとし，次の観点に配慮すること。
題材としては，英語を使用している人々の日常生活等を取り上げるとともに，
英語以外の言語を使う人々の日常生活も取り上げることにも配慮することが求
められている。世界には英語以外の言語を話す人々も多い。そのことから，世
界の人々を理解するには，英語以外の言語を使う人々の日常生活も取り上げる
ことが大切である。また，それに加えて，ここでは，日本人の日常生活等も取
り上げることが大切であると述べている。日本人の日常生活を取り上げること
により，日本人との比較の中で，世界の人々の日常生活に関する理解が深まり，
また，日本人のことについても，世界の人々の日常生活と比較することで，よ
り深い理解につながることをねらっている。
日常生活，風俗習慣，物語，地理，歴史，伝統文化，自然などを取り上げる
際は，児童の発達の段階に配慮し，それぞれの地域の家庭や学校生活などを中
心としたもの，また，例えば他教科等で学んだ歴史上の人物や建造物，伝統文
化，自然等を取り上げ，児童が興味・関心をもって取り組めるような題材を選
択することが大切である。
以下に題材の選択に関する三つの観点が示されている。
（ｱ）多様な考え方に対する理解を深めさせ，公正な判断力を養い豊かな心情
を育てることに役立つこと。
グローバル化が進展する中で，児童は多様な文化や価値観をもった人々と出
会うことになる。そのような社会で生きていくためには，多様な考え方を理解
第２章
外国語科の目標 し，柔軟に対応することや，公正な判断力を養い，相手の状況や立場を共感的
及び内容
に理解できる心情を育てることが大切である。そのためには，児童が，様々な
人々の行動や考え方等が示された事例などに接することが大切となる。それら
の事例を通して，相手の状況や立場を共感的に理解できる心情を育てていくこ
とが可能となる。児童の発達の段階に配慮し，分かりやすい事例や活動を含む
教材を選ぶことが大切になる。
（ｲ）我が国の文化や，英語の背景にある文化に対する関心を高め，理解を深
めようとする態度を養うことに役立つこと。
英語の学習を通して，我が国の文化と，英語の背景にある文化との共通点や
134","['児童', '発達', '段階', '興味', '関心', '即する', '題材', '変化', 'もつ', '取る', '上げる', 'もの', 'する', '次', '観点', '配慮', 'する', 'こと', '題材', 'する', '英語', '使用', 'する', 'いる', '人々', '日常生活', '取り上げる', 'とも', '英語', '以外', '言語', '使う', '人々', '日常生活', '取り上げる', 'こと', '配慮', 'する', 'こと', '求', 'め', 'いる', '世界', '英語', '以外', '言語', '話す', '人々', 'こと', '世', '界', '人々', '理解', 'する', '英語', '以外', '言語', '使う', '人々', '日常生活', '取り上げる', 'こと', 'ある', '加える', '日本人', '日常生活', '取', '上げる', 'こと', 'ある', '述べる', 'いる', '日本人', '日常生活', '取り上げる', 'こと', 'よる', '日本人', '比較', '中', '世界', '人々', '日常生活', '関する', '理解', '深まる', '日本人', 'こと', 'つく', '世界', '人々', '日常生活', '比較', 'する', 'こと', '理解', 'つながる', 'こと', 'ねらう', 'いる', '日常生活', '風俗', '習慣', '物語', '地理', '歴史', '伝統', '文化', '自然', '取り上げる', '際', '児童', '発達', '段階', '配慮', 'する', 'それぞれ', '地域', '家庭', '学校', '生活', '中', '心', 'する', 'もの', '他', '教科', '学ぶ', '歴史', '人物', '建造物', '伝統', '文', '化る', '自然', '取り上げる', '児童', '興味', '関心', 'もつ', '取り組める', '題材', '選', 'する', 'こと', 'ある', '以下', '題材', '選択', '関する', '三', '観点', '示す', 'いる', 'ア', '考え方', '対する', '理解', '深める', '公正', '判断力', '養う', '心情', '育てる', 'こと', '役立つ', 'こと', 'グローバル化', '進展', 'する', '中', '児童', '文化', '価値観', 'もつ', '人々', '出る', '会う', 'こと', 'なる', '社会', '生きる', 'いく', 'ため', '考え方', '理解', '2', '章', '外国語', '目標', 'する', '対応', 'する', 'こと', '公正', '判断力', '養う', '相手', '状況', '立場', '共感的', '内容', '理解', 'できる', '心情', '育てる', 'こと', 'ある', 'ため', '児童', '人々', '行動', '考え方', '示す', '事例', '接する', 'こと', 'なる', '事例', '通す', '相手', '状況', '立場', '共感的', '理解', 'できる', '心情', '育てる', 'いくこ', 'なる', '児童', '発達', '段階', '配慮', 'する', '分かる', '事例', '活動', '含む', '教材', '選ぶ', 'こと', 'なる', 'イ', '我が国', '文化', '英語', '背景', 'ある', '文化', '対する', '関心', '高める', '理解', 'め', 'する', '態度', '養う', 'こと', '役立つ', 'こと', '英語', '学習', '通す', '我が国', '文化', '英語', '背景', 'ある', '文化', '共通点', '134']"
2017,subject,5-6,2017_subject,78,pedagogical,"相違点を知るようになるとともに，そうしたことに関心をもち，理解を深めよ
うとする態度やお互いの文化を尊重する態度を育成することが大切である。複
数の文化に触れることが，我が国の伝統文化についての理解を深め，文化の多
様性に対してより寛容になることに資するとともに，英語によるコミュニケー
ションの中で我が国の文化を発信することにもつながっていくことが考えられ
る。また，児童の発達の段階に配慮して，海外や我が国の文化を扱った教材の
選定が求められる。
（ｳ）広い視野から国際理解を深め，国際社会と向き合うことが求められてい
る我が国の一員としての自覚を高めるとともに，国際協調の精神を養うこ
とに役立つこと。
国際社会と向き合って生きていくためには，多様な価値観や考え方をもった
人々を理解し，我が国の一員としての自覚をもち，積極的に交流を図り，協調，
協力していく必要がある。
題材の選択に当たっては，広い視野から国際理解を深め，国際協調の精神を
養うことに役立つもので，かつ，日本の文化や価値観，考え方などについての
自覚を高めることができるようなものを選択する必要がある。
２
英 語
135","['相違点', '知る', 'なる', 'とも', 'する', 'こと', '関心', 'もつ', '理解', '深める', 'する', '態度', '互い', '文化', '尊重', 'する', '態度', '育成', 'する', 'こと', 'ある', '複', '数', '文化', '触れる', 'こと', '我が国', '伝統', '文化', 'つく', '理解', '深める', '文化', '様', '対する', '寛容', 'なる', 'こと', '資する', 'とも', '英語', 'よる', 'コミュニケー', 'ション', '中', '我が国', '文化', '発信', 'する', 'こと', 'つながる', 'いく', 'こと', '考える', '児童', '発達', '段階', '配慮', 'する', '海外', '我が国', '文化', '扱う', '教材', '選定', '求める', 'ウ', '視野', '国際', '理解', '深める', '国際', '社会', '向き合う', 'こと', '求める', 'いる', '我が国', '一員', 'する', '自覚', '高める', 'とも', '国際', '協調', '精神', '養う', 'こ', '役立つ', 'こと', '国際', '社会', '向き合う', '生きる', 'いく', 'ため', '価値観', '考え方', 'もつ', '人々', '理解', 'する', '我が国', '一員', 'する', '自覚', 'もつ', '積極的', '交流', '図る', '協調', '協力', 'する', 'いく', '必要', 'ある', '題材', '選択', '当たる', '視野', '国際', '理解', '深める', '国際', '協調', '精神', '養う', 'こと', '役立つ', 'もの', '日本', '文化', '価値観', '考え方', 'つく', '自覚', '高める', 'こと', 'できる', 'もの', '選択', 'する', '必要', 'ある', '2', '英', '語', '135']"
2017,subject,5-6,2017_subject,79,pedagogical,"第 3 節 その他の外国語
外国語科では，次のように目標を設定した。
その他の外国語については，英語の１に示す五つの領域別の目標，２に示
す内容及び３に示す指導計画の作成と内容の取扱いに準じて指導を行うもの
とする。
英語ではなくほかの外国語を指導する場合については英語に準じて行うこと
を示したものである。
グローバル化が進展する中，日本の子供たちや若者に多様な外国語を学ぶ機
会を提供することは，言語やその背景にある文化を理解することにつながるた
め，中央教育審議会答申においては，英語以外の外国語教育の必要性を更に明
確にすることが指摘された。
外国語科で育成を目指す三つの資質・能力に関する目標に基づき，英語の目
標及び内容に準じて指導を行うことが必要である。このため，当該外国語の五
つの領域別の目標，内容及び指導計画の作成と内容の取扱いについては，「第
２ 各言語の目標及び内容等」の英語を参考にして，目標及び内容を適切に設
定した上で，適切な指導計画の作成と内容の取扱いを行うことが必要である。
第２章
外国語活動の
目標及び内容
136","['3', '節', '他', '外国語', '外国語', '次', '目標', '設定', 'する', '他', '外国語', 'つく', '英語', '1', '示す', '五', '領域', '別', '目標', '2', '示る', '内容', '3', '示す', '指導', '計画', '作成', '内容', '取扱い', '準ずる', '指導', '行う', 'もの', 'する', '英語', 'ほか', '外国語', '指導', 'する', '場合', 'つく', '英語', '準ずる', '行う', 'こと', '示す', 'もの', 'ある', 'グローバル化', '進展', 'する', '中', '日本', '子供たち', '若者', '外国語', '学ぶ', '機', '会', '提供', 'する', 'こと', '言語', '背景', 'ある', '文化', '理解', 'する', 'こと', 'つながる', 'め', '中央教育審議会', '答申', 'おく', '英語', '以外', '外国語', '教育', '必要性', '明', 'する', 'こと', '指摘', 'する', '外国語', '育成', '目指す', '三', '資質', '能力', '関する', '目標', '基づく', '英語', '目', '標', '内容', '準ずる', '指導', '行う', 'こと', '必要', 'ある', 'ため', '当該', '外国語', '五', 'つの', '領域', '別', '目標', '内容', '指導', '計画', '作成', '内容', '取扱い', 'つく', '2', '言語', '目標', '内容', '英語', '参考', 'する', '目標', '内容', '設', '定', 'する', '上', '指導', '計画', '作成', '内容', '取扱い', '行う', 'こと', '必要', 'ある', '2', '章', '外国語', '活動', '目標', '内容', '136']"
2017,subject,5-6,2017_subject,80,pedagogical,"第 3 章 指導計画の作成と内容の取扱い
１ 外国語科においては，英語を履修させることを原則とすること。
小学校の外国語科では，英語が世界で広くコミュニケーションの手段として
用いられている実態や，改訂前の高学年における外国語活動においても英語を
取り扱ってきたこと，中学校の外国語科は英語を履修することが原則とされて
いることなどを踏まえ，英語を取り扱うことを原則とすることを示したもので
ある。
「原則とする」とは，学校の創設の趣旨や地域の実情，児童の実態などによっ
て，英語以外の外国語を取り扱うこともできるということである。
２ 第１章総則の第１の２の（2）に示す道徳教育の目標に基づき，道徳科な
どとの関連を考慮しながら，第３章特別の教科道徳の第２に示す内容につ
いて，外国語科の特質に応じて適切な指導をすること。
外国語科の指導においては，その特質に応じて，道徳について適切に指導す
る必要があることを示すものである。
第１章総則の第１の２（2）においては，「学校における道徳教育は，特別の教
科である道徳（以下「道徳科」という。）を要として学校の教育活動全体を通
じて行うものである。道徳の時間はもとより，各教科，外国語活動，総合的な
学習の時間及び特別活動のそれぞれの特質に応じて，児童の発達の段階を考慮
して，適切な指導を行わなければならない」と規定されている。
外国語科における道徳教育の指導においては，学習活動や学習態度への配慮，
教師の態度や行動による感化とともに，以下に示すような外国語科と道徳教育
との関連を明確に意識しながら，適切な指導を行う必要がある。
外国語科においては，第１の目標（3）として「外国語の背景にある文化に対
する理解を深め，他者に配慮しながら，主体的に外国語を用いてコミュニケー
ションを図ろうとする態度を養う」と示している。「外国語の背景にある文化
に対する理解を深める」ことは，世界の中の日本人としての自覚をもち，国際
的視野に立って，世界の平和と人類の幸福に貢献することにつながるものであ
る。また，「他者に配慮する」ことは，外国語の学習を通して，他者を配慮し
受け入れる寛容の精神や平和・国際貢献などの精神を獲得し，多面的思考がで
きるような人材を育てることにつながる。
次に，道徳教育の要としての道徳科の指導との関連を考慮する必要がある。
137","['3', '章', '指導', '計画', '作成', '内容', '取扱い', '1', '外国語', 'おく', '英語', '履修', 'する', 'こと', '原則', 'する', 'こと', '小学校', '外国語', '英語', '世界', 'コミュニケーション', '手段', 'する', '用いる', 'いる', '実態', '改訂', '前', '高学年', 'おく', '外国語', '活動', 'おく', '英語', '取り扱う', 'くる', 'こと', '中学校', '外国語', '英語', '履修', 'する', 'こと', '原則', 'する', 'いる', 'こと', '踏まえる', '英語', '取り扱う', 'こと', '原則', 'する', 'こと', '示す', 'もの', 'ある', '原則', 'する', '学校', '創設', '趣旨', '地域', '実情', '児童', '実態', 'よる', '英語', '以外', '外国語', '取り扱う', 'こと', 'できる', 'いう', 'こと', 'ある', '2', '1', '章', '総則', '1', '2', '2', '示す', '道徳', '教育', '目標', '基づく', '道徳', '関連', '考慮', 'する', '3', '章', '教科', '道徳', '2', '示す', '内容', 'いる', '外国語', '特質', '応ずる', '指導', 'する', 'こと', '外国語', '指導', 'おく', '特質', '応ずる', '道徳', 'つく', '指導', 'す', '必要', 'ある', 'こと', '示す', 'もの', 'ある', '1', '章', '総則', '1', '2', '2', 'おく', '学校', 'おく', '道徳', '教育', '教', '科', 'ある', '道徳', '以下', '道徳', 'いう', '要', 'する', '学校', '教育', '活動', '全体', '通', '行う', 'もの', 'ある', '道徳', '時間', '教科', '外国語', '活動', '総合的', '学習', '時間', '活動', 'それぞれ', '特質', '応ずる', '児童', '発達', '段階', '考慮', 'する', '指導', '行う', 'なる', '規定', 'する', 'いる', '外国語', 'おく', '道徳', '教育', '指導', 'おく', '学習', '活動', '学習', '態度', '配慮', '教師', '態度', '行動', 'よる', '感化', 'とも', '以下', '示す', '外国語', '道徳', '教育', '関連', '意識', 'する', '指導', '行う', '必要', 'ある', '外国語', 'おく', '1', '目標', '3', 'する', '外国語', '背景', 'ある', '文化', '対', 'する', '理解', '深める', '他者', '配慮', 'する', '主体的', '外国語', '用いる', 'コミュニケー', 'ション', '図る', 'する', '態度', '養う', '示す', 'いる', '外国語', '背景', 'ある', '文化', '対する', '理解', '深める', 'こと', '世界', '中', '日本人', 'する', '自覚', 'もつ', '国際', '視野', '立つ', '世界', '平和', '人類', '幸福', '貢献', 'する', 'こと', 'つながる', 'もの', '他者', '配慮', 'する', 'こと', '外国語', '学習', '通す', '他者', '配慮', 'する', '受け入れる', '寛容', '精神', '平和', '国際', '貢献', '精神', '獲得', 'する', '多面的', '思考', 'きる', '人材', '育てる', 'こと', 'つながる', '次', '道徳', '教育', '要', 'する', '道徳', '指導', '関連', '考慮', 'する', '必要', 'ある', '137']"
2017,subject,5-6,2017_subject,81,pedagogical,"外国語科で扱った内容や教材の中で適切なものを，道徳科に活用することが効
果的な場合もある。また，道徳科で取り上げたことに関係のある内容や教材を
外国語科で扱う場合には，道徳科における指導の成果を生かすように工夫する
ことも考えられる。そのためにも，外国語科の年間指導計画の作成などに際し
て，道徳教育の全体計画との関連，指導の内容及び時期等に配慮し，両者が相
互に効果を高め合うようにすることが大切である。
第３章
指導計画の作成
と内容の取扱い
138","['外国語', '扱う', '内容', '教材', '中', 'もの', '道徳', '活用', 'する', 'こと', '効', '果', '場合', 'ある', '道徳', '取り上げる', 'こと', '関係', 'ある', '内容', '教材', '外国語', '扱う', '場合', '道徳', 'おく', '指導', '成果', '生かす', '工夫', 'する', 'こと', '考える', 'ため', '外国語', '年間', '指導', '計画', '作成', '際する', '道徳', '教育', '全体', '計画', '関連', '指導', '内容', '時期', '配慮', 'する', '両者', '互', '効果', '高め合う', 'する', 'こと', 'ある', '3', '章', '指導', '計画', '作成', '内容', '取扱い', '138']"
